qid,question_anon,answer_anon,text
TQ1,What is the relationship between Noonan syndrome and polycystic renal disease?,"Noonan's syndrome is an eponymic designation that has been used during the last 8 years to describe a variable constellation of somatic and visceral congenital anomalies, which includes groups of patients previously referred to as male Turner's, female pseudo-Turner's and Bonnevie-Ullrich syndromes. It is now recognized that both sexes may show the stigmas of this condition and, unlike Turner's syndrome, there is no karyotype abnormality although there is often a familial pattern. The most commonly observed anomalies include webbing of the neck, hypertelorism, a shield-shaped chest and short stature. Congenital heart disease, principally pulmonary stenosis, and sexual infantilism often with cryptorchidism in the male subject are additional associated anomalies in this syndrome. Renal anomalies have been described rarely and usually consist of rotational errors, duplications and hydronephrosis. We report the first case of an infant who displayed many of the stigmas of Noonan's syndrome and also showed early evidence of frank renal failure secondary to renal dysplasia with cystic disease.","<|system|>
Você é um assistente médico especialista responsável por apoiar decisões clínicas com clareza, rigor e alinhamento com protocolos hospitalares. Você NÃO confirma diagnósticos, NÃO prescreve diretamente e NÃO substitui avaliação médica. Todas as recomendações devem ser validadas por um clínico responsável.</s>
<|user|>
Pergunta Médica: What is the relationship between Noonan syndrome and polycystic renal disease?</s>
<|assistant|>
Noonan's syndrome is an eponymic designation that has been used during the last 8 years to describe a variable constellation of somatic and visceral congenital anomalies, which includes groups of patients previously referred to as male Turner's, female pseudo-Turner's and Bonnevie-Ullrich syndromes. It is now recognized that both sexes may show the stigmas of this condition and, unlike Turner's syndrome, there is no karyotype abnormality although there is often a familial pattern. The most commonly observed anomalies include webbing of the neck, hypertelorism, a shield-shaped chest and short stature. Congenital heart disease, principally pulmonary stenosis, and sexual infantilism often with cryptorchidism in the male subject are additional associated anomalies in this syndrome. Renal anomalies have been described rarely and usually consist of rotational errors, duplications and hydronephrosis. We report the first case of an infant who displayed many of the stigmas of Noonan's syndrome and also showed early evidence of frank renal failure secondary to renal dysplasia with cystic disease.</s>
"
TQ1,What is the relationship between Noonan syndrome and polycystic renal disease?,10% of patients with Noonan syndrome have renal abnormalities but most do not need treatment.,"<|system|>
Você é um assistente médico especialista responsável por apoiar decisões clínicas com clareza, rigor e alinhamento com protocolos hospitalares. Você NÃO confirma diagnósticos, NÃO prescreve diretamente e NÃO substitui avaliação médica. Todas as recomendações devem ser validadas por um clínico responsável.</s>
<|user|>
Pergunta Médica: What is the relationship between Noonan syndrome and polycystic renal disease?</s>
<|assistant|>
10% of patients with Noonan syndrome have renal abnormalities but most do not need treatment.</s>
"
TQ1,What is the relationship between Noonan syndrome and polycystic renal disease?,"Genitourinary. Renal abnormalities, generally mild, are present in 11% of individuals with NS. Dilatation of the renal pelvis is most common. Duplex collecting systems, minor rotational anomalies, distal ureteric stenosis, renal hypoplasia, unilateral renal agenesis, unilateral renal ectopia, and bilateral cysts with scarring are reported less commonly.","<|system|>
Você é um assistente médico especialista responsável por apoiar decisões clínicas com clareza, rigor e alinhamento com protocolos hospitalares. Você NÃO confirma diagnósticos, NÃO prescreve diretamente e NÃO substitui avaliação médica. Todas as recomendações devem ser validadas por um clínico responsável.</s>
<|user|>
Pergunta Médica: What is the relationship between Noonan syndrome and polycystic renal disease?</s>
<|assistant|>
Genitourinary. Renal abnormalities, generally mild, are present in 11% of individuals with NS. Dilatation of the renal pelvis is most common. Duplex collecting systems, minor rotational anomalies, distal ureteric stenosis, renal hypoplasia, unilateral renal agenesis, unilateral renal ectopia, and bilateral cysts with scarring are reported less commonly.</s>
"
TQ3,Do amphetamine salts 20mg tablets contain gluten?,Active Ingredients Amphetamine Aspartate Amphetamine Sulfate Dextroamphetamine Saccharate Dextroamphetamine Sulfate Inactive Ingredients FD&C Blue No. 1 FD&C Yellow No. 6 Silicon Dioxide (Colloidal) Microcrystalline Cellulose Sucrose Magnesium Stearate Pregelatinized Corn Starch,"<|system|>
Você é um assistente médico especialista responsável por apoiar decisões clínicas com clareza, rigor e alinhamento com protocolos hospitalares. Você NÃO confirma diagnósticos, NÃO prescreve diretamente e NÃO substitui avaliação médica. Todas as recomendações devem ser validadas por um clínico responsável.</s>
<|user|>
Pergunta Médica: Do amphetamine salts 20mg tablets contain gluten?</s>
<|assistant|>
Active Ingredients Amphetamine Aspartate Amphetamine Sulfate Dextroamphetamine Saccharate Dextroamphetamine Sulfate Inactive Ingredients FD&C Blue No. 1 FD&C Yellow No. 6 Silicon Dioxide (Colloidal) Microcrystalline Cellulose Sucrose Magnesium Stearate Pregelatinized Corn Starch</s>
"
TQ3,Do amphetamine salts 20mg tablets contain gluten?,"A single entity amphetamine product combining the neutral sulfate salts of dextroamphetamine and amphetamine, with the dextro isomer of amphetamine saccharate and d, l-amphetamine aspartate. In addition, each tablet contains the following inactive ingredients: colloidal silicon dioxide, compressible sugar, corn starch, magnesium stearate, microcrystalline cellulose and saccharin sodium. The 12.5, 15, 20 and 30 mg also contain FD&C yellow no. 6 aluminum lake.","<|system|>
Você é um assistente médico especialista responsável por apoiar decisões clínicas com clareza, rigor e alinhamento com protocolos hospitalares. Você NÃO confirma diagnósticos, NÃO prescreve diretamente e NÃO substitui avaliação médica. Todas as recomendações devem ser validadas por um clínico responsável.</s>
<|user|>
Pergunta Médica: Do amphetamine salts 20mg tablets contain gluten?</s>
<|assistant|>
A single entity amphetamine product combining the neutral sulfate salts of dextroamphetamine and amphetamine, with the dextro isomer of amphetamine saccharate and d, l-amphetamine aspartate. In addition, each tablet contains the following inactive ingredients: colloidal silicon dioxide, compressible sugar, corn starch, magnesium stearate, microcrystalline cellulose and saccharin sodium. The 12.5, 15, 20 and 30 mg also contain FD&C yellow no. 6 aluminum lake.</s>
"
TQ5,How much glucagon is in the GlucaGen HypoKit and what are other ingredients?,"GLUCAGEN glucagon hydrochloride injection, powder, for solution Ingredient Name: GLUCAGON HYDROCHLORIDE (UNII: 1H87NVF4DB) (GLUCAGON - UNII:76LA80IG2G) Basis of Strength: GLUCAGON Strength:1 mg in 1 mL","<|system|>
Você é um assistente médico especialista responsável por apoiar decisões clínicas com clareza, rigor e alinhamento com protocolos hospitalares. Você NÃO confirma diagnósticos, NÃO prescreve diretamente e NÃO substitui avaliação médica. Todas as recomendações devem ser validadas por um clínico responsável.</s>
<|user|>
Pergunta Médica: How much glucagon is in the GlucaGen HypoKit and what are other ingredients?</s>
<|assistant|>
GLUCAGEN glucagon hydrochloride injection, powder, for solution Ingredient Name: GLUCAGON HYDROCHLORIDE (UNII: 1H87NVF4DB) (GLUCAGON - UNII:76LA80IG2G) Basis of Strength: GLUCAGON Strength:1 mg in 1 mL</s>
"
TQ5,How much glucagon is in the GlucaGen HypoKit and what are other ingredients?,"DOSAGE FORMS AND STRENGTHS GlucaGen is supplied in a vial, alone, or accompanied by Sterile Water for Reconstitution (1 mL) also in a vial (10 pack or diagnostic kit). It is also supplied as GlucaGen HypoKit, a presentation with a disposable prefilled syringe containing 1 mL Sterile Water for Reconstitution. When the glucagon powder is reconstituted with Sterile Water for Reconstitution (if supplied) or with Sterile Water for Injection, USP, it forms a solution of 1 mg/mL (1 unit/mL) glucagon for subcutaneous, intramuscular, or intravenous injection (appearance of the powder may vary, and occasionally the powder may appear compacted).","<|system|>
Você é um assistente médico especialista responsável por apoiar decisões clínicas com clareza, rigor e alinhamento com protocolos hospitalares. Você NÃO confirma diagnósticos, NÃO prescreve diretamente e NÃO substitui avaliação médica. Todas as recomendações devem ser validadas por um clínico responsável.</s>
<|user|>
Pergunta Médica: How much glucagon is in the GlucaGen HypoKit and what are other ingredients?</s>
<|assistant|>
DOSAGE FORMS AND STRENGTHS GlucaGen is supplied in a vial, alone, or accompanied by Sterile Water for Reconstitution (1 mL) also in a vial (10 pack or diagnostic kit). It is also supplied as GlucaGen HypoKit, a presentation with a disposable prefilled syringe containing 1 mL Sterile Water for Reconstitution. When the glucagon powder is reconstituted with Sterile Water for Reconstitution (if supplied) or with Sterile Water for Injection, USP, it forms a solution of 1 mg/mL (1 unit/mL) glucagon for subcutaneous, intramuscular, or intravenous injection (appearance of the powder may vary, and occasionally the powder may appear compacted).</s>
"
TQ7,Can birth control drug Ocella cause Deep Vein Thrombosis,"Some studies show that women who take oral contraceptives that contain drosperinone (Beyaz, Gianvi, Loryna, Ocella, Safyral, Syeda, Yasmin, Yaz, and Zarah) may be more likely to develop deep vein thrombosis (a serious or life-threatening condition in which blood clots that form in the veins, usually in the legs and may move through the body to the lungs) than women who take oral contraceptives that do not contain drosperinone. However, other studies do not show this increased risk. Before you begin taking oral contraceptives, talk to your doctor about the risk that you will develop blood clots and about which oral contraceptive or other method of birth control may be the best choice for you.Oral contraceptives may cause other side effects. Call your doctor if you have any unusual problems while taking this medication.","<|system|>
Você é um assistente médico especialista responsável por apoiar decisões clínicas com clareza, rigor e alinhamento com protocolos hospitalares. Você NÃO confirma diagnósticos, NÃO prescreve diretamente e NÃO substitui avaliação médica. Todas as recomendações devem ser validadas por um clínico responsável.</s>
<|user|>
Pergunta Médica: Can birth control drug Ocella cause Deep Vein Thrombosis</s>
<|assistant|>
Some studies show that women who take oral contraceptives that contain drosperinone (Beyaz, Gianvi, Loryna, Ocella, Safyral, Syeda, Yasmin, Yaz, and Zarah) may be more likely to develop deep vein thrombosis (a serious or life-threatening condition in which blood clots that form in the veins, usually in the legs and may move through the body to the lungs) than women who take oral contraceptives that do not contain drosperinone. However, other studies do not show this increased risk. Before you begin taking oral contraceptives, talk to your doctor about the risk that you will develop blood clots and about which oral contraceptive or other method of birth control may be the best choice for you.Oral contraceptives may cause other side effects. Call your doctor if you have any unusual problems while taking this medication.</s>
"
TQ8,"What, besides cipro, penicillin, and drugs containing dairy products, treats UTI?","Antibiotic Regimen. Oral antibiotic treatment cures nearly all uncomplicated urinary tract infections, although the rate of recurrence remains high. The following antibiotics are commonly used for uncomplicated UTIs: * The standard regimen is a 3-day course of trimethoprim-sulfamethoxazole, commonly called TMP-SMX (Bactrim, Septra, generic). TMP-SMX combines an antibiotic with a sulfa drug. A single dose of TMP-SMX is sometimes prescribed in mild cases, but cure rates are generally lower than with 3-day regimens. Allergies to sulfa are common and may be serious. * Nitrofurantoin (Furadantin, Macrobid, Macrodantin, generic) is another first-line option. It is usually taken daily for 5 days. * Fosfomycin (Monurol) is not as effective as other antibiotics but may be used during pregnancy. Resistance rates to this drug are very low. * Fluoroquinolone antibiotics, also called quinolones, are only recommended for UTIs when other antibiotics cannot be used. Ciprofloxacin (Cipro, generic) is the quinolone antibiotic most commonly prescribed. Quinolones are usually given over a 3-day period. Pregnant women should not take these drugs. * Other antibiotics may also be used, including amoxicillin-clavulanate cefdinir, cefaclor, and cefpodoxime-proxetil. These drugs may be prescribed when other antibiotics are not appropriate. They are usually given in 3 - 7 day regimens. Antibiotic Regimen. Oral antibiotic treatment cures nearly all uncomplicated urinary tract infections, although the rate of recurrence remains high. The following antibiotics are commonly used for uncomplicated UTIs: The standard regimen is a 3-day course of trimethoprim-sulfamethoxazole, commonly called TMP-SMX (Bactrim, Septra, generic). TMP-SMX combines an antibiotic with a sulfa drug. A single dose of TMP-SMX is sometimes prescribed in mild cases, but cure rates are generally lower than with 3-day regimens. Allergies to sulfa are common and may be serious. Nitrofurantoin (Furadantin, Macrobid, Macrodantin, generic) is another first-line option. It is usually taken daily for 5 days. Fosfomycin (Monurol) is not as effective as other antibiotics but may be used during pregnancy. Resistance rates to this drug are very low. Fluoroquinolone antibiotics, also called quinolones, are only recommended for UTIs when other antibiotics cannot be used. Ciprofloxacin (Cipro, generic) is the quinolone antibiotic most commonly prescribed. Quinolones are usually given over a 3-day period. Pregnant women should not take these drugs. Other antibiotics may also be used, including amoxicillin-clavulanate cefdinir, cefaclor, and cefpodoxime-proxetil. These drugs may be prescribed when other antibiotics are not appropriate. They are usually given in 3 - 7 day regimens.","<|system|>
Você é um assistente médico especialista responsável por apoiar decisões clínicas com clareza, rigor e alinhamento com protocolos hospitalares. Você NÃO confirma diagnósticos, NÃO prescreve diretamente e NÃO substitui avaliação médica. Todas as recomendações devem ser validadas por um clínico responsável.</s>
<|user|>
Pergunta Médica: What, besides cipro, penicillin, and drugs containing dairy products, treats UTI?</s>
<|assistant|>
Antibiotic Regimen. Oral antibiotic treatment cures nearly all uncomplicated urinary tract infections, although the rate of recurrence remains high. The following antibiotics are commonly used for uncomplicated UTIs: * The standard regimen is a 3-day course of trimethoprim-sulfamethoxazole, commonly called TMP-SMX (Bactrim, Septra, generic). TMP-SMX combines an antibiotic with a sulfa drug. A single dose of TMP-SMX is sometimes prescribed in mild cases, but cure rates are generally lower than with 3-day regimens. Allergies to sulfa are common and may be serious. * Nitrofurantoin (Furadantin, Macrobid, Macrodantin, generic) is another first-line option. It is usually taken daily for 5 days. * Fosfomycin (Monurol) is not as effective as other antibiotics but may be used during pregnancy. Resistance rates to this drug are very low. * Fluoroquinolone antibiotics, also called quinolones, are only recommended for UTIs when other antibiotics cannot be used. Ciprofloxacin (Cipro, generic) is the quinolone antibiotic most commonly prescribed. Quinolones are usually given over a 3-day period. Pregnant women should not take these drugs. * Other antibiotics may also be used, including amoxicillin-clavulanate cefdinir, cefaclor, and cefpodoxime-proxetil. These drugs may be prescribed when other antibiotics are not appropriate. They are usually given in 3 - 7 day regimens. Antibiotic Regimen. Oral antibiotic treatment cures nearly all uncomplicated urinary tract infections, although the rate of recurrence remains high. The following antibiotics are commonly used for uncomplicated UTIs: The standard regimen is a 3-day course of trimethoprim-sulfamethoxazole, commonly called TMP-SMX (Bactrim, Septra, generic). TMP-SMX combines an antibiotic with a sulfa drug. A single dose of TMP-SMX is sometimes prescribed in mild cases, but cure rates are generally lower than with 3-day regimens. Allergies to sulfa are common and may be serious. Nitrofurantoin (Furadantin, Macrobid, Macrodantin, generic) is another first-line option. It is usually taken daily for 5 days. Fosfomycin (Monurol) is not as effective as other antibiotics but may be used during pregnancy. Resistance rates to this drug are very low. Fluoroquinolone antibiotics, also called quinolones, are only recommended for UTIs when other antibiotics cannot be used. Ciprofloxacin (Cipro, generic) is the quinolone antibiotic most commonly prescribed. Quinolones are usually given over a 3-day period. Pregnant women should not take these drugs. Other antibiotics may also be used, including amoxicillin-clavulanate cefdinir, cefaclor, and cefpodoxime-proxetil. These drugs may be prescribed when other antibiotics are not appropriate. They are usually given in 3 - 7 day regimens.</s>
"
TQ10,What joint pain medications are indicated in type 2 diabetes patients?,"Diabetes and Sick Days: What Meds are OK Pain and fever reducers Examples: Tylenol, Aspirin Effect on diabetes: No effect. Use cautiously if you have renal disease. Anti-inflammatory Examples: Ibuprofen, such as Advil, Motrin, Nuprin Effect on diabetes: No effect. Also should be used carefully if you have renal disease.","<|system|>
Você é um assistente médico especialista responsável por apoiar decisões clínicas com clareza, rigor e alinhamento com protocolos hospitalares. Você NÃO confirma diagnósticos, NÃO prescreve diretamente e NÃO substitui avaliação médica. Todas as recomendações devem ser validadas por um clínico responsável.</s>
<|user|>
Pergunta Médica: What joint pain medications are indicated in type 2 diabetes patients?</s>
<|assistant|>
Diabetes and Sick Days: What Meds are OK Pain and fever reducers Examples: Tylenol, Aspirin Effect on diabetes: No effect. Use cautiously if you have renal disease. Anti-inflammatory Examples: Ibuprofen, such as Advil, Motrin, Nuprin Effect on diabetes: No effect. Also should be used carefully if you have renal disease.</s>
"
TQ11,Could second hand smoke contribute to or cause early AMD?,"Smoking increases a person's chances of developing AMD by two to five fold. Because the retina has a high rate of oxygen consumption, anything that affects oxygen delivery to the retina may affect vision. Smoking causes oxidative damage, which may contribute to the development and progression of this disease. Learn more about why smoking damages the retina, and explore a number of steps you can take to protect your vision.","<|system|>
Você é um assistente médico especialista responsável por apoiar decisões clínicas com clareza, rigor e alinhamento com protocolos hospitalares. Você NÃO confirma diagnósticos, NÃO prescreve diretamente e NÃO substitui avaliação médica. Todas as recomendações devem ser validadas por um clínico responsável.</s>
<|user|>
Pergunta Médica: Could second hand smoke contribute to or cause early AMD?</s>
<|assistant|>
Smoking increases a person's chances of developing AMD by two to five fold. Because the retina has a high rate of oxygen consumption, anything that affects oxygen delivery to the retina may affect vision. Smoking causes oxidative damage, which may contribute to the development and progression of this disease. Learn more about why smoking damages the retina, and explore a number of steps you can take to protect your vision.</s>
"
TQ11,Could second hand smoke contribute to or cause early AMD?,"AIM: To undertake a systematic review of the literature on the effect of environmental tobacco smoke (ETS) and eye disease. RESULTS: Seven studies evaluated the possible relationship between ETS and an eye disease. These studies referred to refractive errors in children (n = 2), cataract (n = 1), age-related macular degeneration (n = 3) and Grave ophthalmopathy (n = 1). The data available were insufficient to establish conclusive relationships between ETS and these eye diseases. CONCLUSION: Very scarce data exist in the literature on the effect of ETS on diseases of the eye. It seems appropriate that ETS should be included in future studies addressing the effect of smoking on eye disease.","<|system|>
Você é um assistente médico especialista responsável por apoiar decisões clínicas com clareza, rigor e alinhamento com protocolos hospitalares. Você NÃO confirma diagnósticos, NÃO prescreve diretamente e NÃO substitui avaliação médica. Todas as recomendações devem ser validadas por um clínico responsável.</s>
<|user|>
Pergunta Médica: Could second hand smoke contribute to or cause early AMD?</s>
<|assistant|>
AIM: To undertake a systematic review of the literature on the effect of environmental tobacco smoke (ETS) and eye disease. RESULTS: Seven studies evaluated the possible relationship between ETS and an eye disease. These studies referred to refractive errors in children (n = 2), cataract (n = 1), age-related macular degeneration (n = 3) and Grave ophthalmopathy (n = 1). The data available were insufficient to establish conclusive relationships between ETS and these eye diseases. CONCLUSION: Very scarce data exist in the literature on the effect of ETS on diseases of the eye. It seems appropriate that ETS should be included in future studies addressing the effect of smoking on eye disease.</s>
"
TQ12,Is fertiliztion needed to cause molar pregnancy?,"Hydatidiform mole (HM) is a rare mass or growth that forms inside the womb (uterus) at the beginning of a pregnancy. It is a type of gestational trophoblastic disease (GTD). HM, or molar pregnancy, results from abnormal fertilization of the oocyte (egg). It results in an abnormal fetus. The placenta grows normally with little or no growth of the fetal tissue. The placental tissue forms a mass in the uterus. On ultrasound this mass often has a grape-like appearance, as it contains many small cysts.","<|system|>
Você é um assistente médico especialista responsável por apoiar decisões clínicas com clareza, rigor e alinhamento com protocolos hospitalares. Você NÃO confirma diagnósticos, NÃO prescreve diretamente e NÃO substitui avaliação médica. Todas as recomendações devem ser validadas por um clínico responsável.</s>
<|user|>
Pergunta Médica: Is fertiliztion needed to cause molar pregnancy?</s>
<|assistant|>
Hydatidiform mole (HM) is a rare mass or growth that forms inside the womb (uterus) at the beginning of a pregnancy. It is a type of gestational trophoblastic disease (GTD). HM, or molar pregnancy, results from abnormal fertilization of the oocyte (egg). It results in an abnormal fetus. The placenta grows normally with little or no growth of the fetal tissue. The placental tissue forms a mass in the uterus. On ultrasound this mass often has a grape-like appearance, as it contains many small cysts.</s>
"
TQ12,Is fertiliztion needed to cause molar pregnancy?,"A molar pregnancy is caused by an abnormally fertilized egg. Human cells normally contain 23 pairs of chromosomes. One chromosome in each pair comes from the father, the other from the mother. In a complete molar pregnancy, all of the fertilized egg's chromosomes come from the father. Shortly after fertilization, the chromosomes from the mother's egg are lost or inactivated and the father's chromosomes are duplicated. The egg may have had an inactive nucleus or no nucleus. In a partial or incomplete molar pregnancy, the mother's chromosomes remain but the father provides two sets of chromosomes. As a result, the embryo has 69 chromosomes instead of 46. This can happen when the father's chromosomes are duplicated or if two sperm fertilize a single egg.","<|system|>
Você é um assistente médico especialista responsável por apoiar decisões clínicas com clareza, rigor e alinhamento com protocolos hospitalares. Você NÃO confirma diagnósticos, NÃO prescreve diretamente e NÃO substitui avaliação médica. Todas as recomendações devem ser validadas por um clínico responsável.</s>
<|user|>
Pergunta Médica: Is fertiliztion needed to cause molar pregnancy?</s>
<|assistant|>
A molar pregnancy is caused by an abnormally fertilized egg. Human cells normally contain 23 pairs of chromosomes. One chromosome in each pair comes from the father, the other from the mother. In a complete molar pregnancy, all of the fertilized egg's chromosomes come from the father. Shortly after fertilization, the chromosomes from the mother's egg are lost or inactivated and the father's chromosomes are duplicated. The egg may have had an inactive nucleus or no nucleus. In a partial or incomplete molar pregnancy, the mother's chromosomes remain but the father provides two sets of chromosomes. As a result, the embryo has 69 chromosomes instead of 46. This can happen when the father's chromosomes are duplicated or if two sperm fertilize a single egg.</s>
"
TQ12,Is fertiliztion needed to cause molar pregnancy?,An ultrasound of a complete molar pregnancy - which can be detected as early as eight or nine weeks of pregnancy - may show: No embryo or fetus No amniotic fluid A thick cystic placenta nearly filling the uterus Ovarian cysts An ultrasound of a partial molar pregnancy may show: A growth-restricted fetus Low amniotic fluid A thick cystic placenta,"<|system|>
Você é um assistente médico especialista responsável por apoiar decisões clínicas com clareza, rigor e alinhamento com protocolos hospitalares. Você NÃO confirma diagnósticos, NÃO prescreve diretamente e NÃO substitui avaliação médica. Todas as recomendações devem ser validadas por um clínico responsável.</s>
<|user|>
Pergunta Médica: Is fertiliztion needed to cause molar pregnancy?</s>
<|assistant|>
An ultrasound of a complete molar pregnancy - which can be detected as early as eight or nine weeks of pregnancy - may show: No embryo or fetus No amniotic fluid A thick cystic placenta nearly filling the uterus Ovarian cysts An ultrasound of a partial molar pregnancy may show: A growth-restricted fetus Low amniotic fluid A thick cystic placenta</s>
"
TQ13,How to differentiate between HNPP and arthritis?,"Hereditary neuropathy with liability to pressure palsies is characterized by recurrent episodes of numbness, tingling, and loss of muscle function (palsy) in the region associated with the affected nerve, usually an arm, hand, leg, or foot. An episode can last from several minutes to several months, but recovery is usually complete. Repeated incidents, however, can cause permanent muscle weakness or loss of sensation. This disorder is also associated with pain in the limbs, especially the hands.","<|system|>
Você é um assistente médico especialista responsável por apoiar decisões clínicas com clareza, rigor e alinhamento com protocolos hospitalares. Você NÃO confirma diagnósticos, NÃO prescreve diretamente e NÃO substitui avaliação médica. Todas as recomendações devem ser validadas por um clínico responsável.</s>
<|user|>
Pergunta Médica: How to differentiate between HNPP and arthritis?</s>
<|assistant|>
Hereditary neuropathy with liability to pressure palsies is characterized by recurrent episodes of numbness, tingling, and loss of muscle function (palsy) in the region associated with the affected nerve, usually an arm, hand, leg, or foot. An episode can last from several minutes to several months, but recovery is usually complete. Repeated incidents, however, can cause permanent muscle weakness or loss of sensation. This disorder is also associated with pain in the limbs, especially the hands.</s>
"
TQ13,How to differentiate between HNPP and arthritis?,"The pattern and location of symptoms can vary depending on the type of arthritis. Generally, people with arthritis feel pain and stiffness in and around one or more joints. The onset of arthritis symptoms can develop gradually or suddenly. Arthritis is most often a chronic disease, so symptoms may come and go, or persist over time.","<|system|>
Você é um assistente médico especialista responsável por apoiar decisões clínicas com clareza, rigor e alinhamento com protocolos hospitalares. Você NÃO confirma diagnósticos, NÃO prescreve diretamente e NÃO substitui avaliação médica. Todas as recomendações devem ser validadas por um clínico responsável.</s>
<|user|>
Pergunta Médica: How to differentiate between HNPP and arthritis?</s>
<|assistant|>
The pattern and location of symptoms can vary depending on the type of arthritis. Generally, people with arthritis feel pain and stiffness in and around one or more joints. The onset of arthritis symptoms can develop gradually or suddenly. Arthritis is most often a chronic disease, so symptoms may come and go, or persist over time.</s>
"
TQ13,How to differentiate between HNPP and arthritis?,"Pressure palsies are most commonly the result of environmentally acquired physical compression of peripheral nerves. The most common are carpal tunnel syndrome with compression of the median nerve at the wrist, peroneal pressure palsy with compression of the superficial peroneal nerve at the fibular head, and ulnar nerve compression at the elbow. The signs and symptoms of compression neuropathy in hereditary neuropathy with liability to pressure palsies (HNPP) are the same as those of the acquired type. Thus, HNPP is part of the broad differential diagnosis of both compression neuropathies and general peripheral neuropathies, including the hereditary neuropathies and Charcot-Marie-Tooth (CMT) syndrome (see CMT Overview).","<|system|>
Você é um assistente médico especialista responsável por apoiar decisões clínicas com clareza, rigor e alinhamento com protocolos hospitalares. Você NÃO confirma diagnósticos, NÃO prescreve diretamente e NÃO substitui avaliação médica. Todas as recomendações devem ser validadas por um clínico responsável.</s>
<|user|>
Pergunta Médica: How to differentiate between HNPP and arthritis?</s>
<|assistant|>
Pressure palsies are most commonly the result of environmentally acquired physical compression of peripheral nerves. The most common are carpal tunnel syndrome with compression of the median nerve at the wrist, peroneal pressure palsy with compression of the superficial peroneal nerve at the fibular head, and ulnar nerve compression at the elbow. The signs and symptoms of compression neuropathy in hereditary neuropathy with liability to pressure palsies (HNPP) are the same as those of the acquired type. Thus, HNPP is part of the broad differential diagnosis of both compression neuropathies and general peripheral neuropathies, including the hereditary neuropathies and Charcot-Marie-Tooth (CMT) syndrome (see CMT Overview).</s>
"
TQ14,What are the symptoms and treatments for Giant Cell Vasculitis,"Giant cell arteritis can be difficult to diagnose because its early symptoms resemble those of many common conditions. For this reason, your doctor will try to rule out other possible causes of your problem. To help diagnose giant cell arteritis, you may have some or all of the following tests and procedures: Physical exam. In addition to asking about your symptoms and medical history, your doctor is likely to perform a thorough physical exam, paying particular attention to your temporal arteries. Often, one or both of these arteries are tender with a reduced pulse and a hard, cord-like feel and appearance. Blood tests. If your doctor thinks you might have giant cell arteritis, you're likely to have a blood test that checks your erythrocyte sedimentation rate - commonly referred to as the sed rate. This test measures how quickly red blood cells fall to the bottom of a tube of blood. Red cells that drop rapidly may indicate inflammation in your body. You may also have a test that measures C-reactive protein (CRP), a substance your liver produces when inflammation is present. The same tests may be used to follow your progress during treatment. Biopsy. The best way to confirm a diagnosis of giant cell arteritis is by taking a small sample (biopsy) of the temporal artery. The procedure is performed on an outpatient basis during local anesthesia, usually with little discomfort or scarring. The sample is examined under a microscope in a laboratory. If you have giant cell arteritis, the artery will often show inflammation that includes abnormally large cells, called giant cells, which give the disease its name. It's possible to have giant cell arteritis and still have a negative biopsy result. If the results aren't clear, your doctor may advise another temporal artery biopsy on the other side of your head. Imaging tests may be used for diagnosing giant cell arteritis and for monitoring your response to treatment. Possible tests include: Magnetic resonance angiography (MRA). This test combines the use of magnetic resonance imaging (MRI) with the use of a contrast material that produces detailed images of your blood vessels. Let your doctor know ahead of time if you're uncomfortable being confined in a small space because the test is conducted in a tube-shaped machine. Doppler ultrasound. This test uses sound waves to produce images of blood flowing through your blood vessels. Positron emission tomography (PET). Using an intravenous tracer solution that contains a tiny amount of radioactive material, a PET scan can produce detailed images of your blood vessels and highlight areas of inflammation.","<|system|>
Você é um assistente médico especialista responsável por apoiar decisões clínicas com clareza, rigor e alinhamento com protocolos hospitalares. Você NÃO confirma diagnósticos, NÃO prescreve diretamente e NÃO substitui avaliação médica. Todas as recomendações devem ser validadas por um clínico responsável.</s>
<|user|>
Pergunta Médica: What are the symptoms and treatments for Giant Cell Vasculitis</s>
<|assistant|>
Giant cell arteritis can be difficult to diagnose because its early symptoms resemble those of many common conditions. For this reason, your doctor will try to rule out other possible causes of your problem. To help diagnose giant cell arteritis, you may have some or all of the following tests and procedures: Physical exam. In addition to asking about your symptoms and medical history, your doctor is likely to perform a thorough physical exam, paying particular attention to your temporal arteries. Often, one or both of these arteries are tender with a reduced pulse and a hard, cord-like feel and appearance. Blood tests. If your doctor thinks you might have giant cell arteritis, you're likely to have a blood test that checks your erythrocyte sedimentation rate - commonly referred to as the sed rate. This test measures how quickly red blood cells fall to the bottom of a tube of blood. Red cells that drop rapidly may indicate inflammation in your body. You may also have a test that measures C-reactive protein (CRP), a substance your liver produces when inflammation is present. The same tests may be used to follow your progress during treatment. Biopsy. The best way to confirm a diagnosis of giant cell arteritis is by taking a small sample (biopsy) of the temporal artery. The procedure is performed on an outpatient basis during local anesthesia, usually with little discomfort or scarring. The sample is examined under a microscope in a laboratory. If you have giant cell arteritis, the artery will often show inflammation that includes abnormally large cells, called giant cells, which give the disease its name. It's possible to have giant cell arteritis and still have a negative biopsy result. If the results aren't clear, your doctor may advise another temporal artery biopsy on the other side of your head. Imaging tests may be used for diagnosing giant cell arteritis and for monitoring your response to treatment. Possible tests include: Magnetic resonance angiography (MRA). This test combines the use of magnetic resonance imaging (MRI) with the use of a contrast material that produces detailed images of your blood vessels. Let your doctor know ahead of time if you're uncomfortable being confined in a small space because the test is conducted in a tube-shaped machine. Doppler ultrasound. This test uses sound waves to produce images of blood flowing through your blood vessels. Positron emission tomography (PET). Using an intravenous tracer solution that contains a tiny amount of radioactive material, a PET scan can produce detailed images of your blood vessels and highlight areas of inflammation.</s>
"
TQ14,What are the symptoms and treatments for Giant Cell Vasculitis,"GCA treatment usually involves high doses of corticosteroids. Typically, the dose is 40-60 milligrams (mg) per day of prednisone (Deltasone, Orasone, etc.). Headaches and other symptoms quickly decrease with treatment, and the sedimentation rate declines to a normal range. The high dose of corticosteroids usually continues for a month, and then the dose is slowly decreased. The speed at which your doctor lowers the dose may change if you have recurring symptoms of GCA or large increases in the sedimentation rate. In most cases, though, the prednisone dose can be reduced to about 5 - 10 mg per day over a few months. Patients are usually tapered off this medicine by one to two years. GCA rarely returns after treatment. Actemra (tocilizumab) was approved May 2017 by the FDA to treat adults with giant cell arteritis.","<|system|>
Você é um assistente médico especialista responsável por apoiar decisões clínicas com clareza, rigor e alinhamento com protocolos hospitalares. Você NÃO confirma diagnósticos, NÃO prescreve diretamente e NÃO substitui avaliação médica. Todas as recomendações devem ser validadas por um clínico responsável.</s>
<|user|>
Pergunta Médica: What are the symptoms and treatments for Giant Cell Vasculitis</s>
<|assistant|>
GCA treatment usually involves high doses of corticosteroids. Typically, the dose is 40-60 milligrams (mg) per day of prednisone (Deltasone, Orasone, etc.). Headaches and other symptoms quickly decrease with treatment, and the sedimentation rate declines to a normal range. The high dose of corticosteroids usually continues for a month, and then the dose is slowly decreased. The speed at which your doctor lowers the dose may change if you have recurring symptoms of GCA or large increases in the sedimentation rate. In most cases, though, the prednisone dose can be reduced to about 5 - 10 mg per day over a few months. Patients are usually tapered off this medicine by one to two years. GCA rarely returns after treatment. Actemra (tocilizumab) was approved May 2017 by the FDA to treat adults with giant cell arteritis.</s>
"
TQ16,How can I find doctors who treat burning mouth syndrome?,"BMS is hard to diagnose. One reason is that people with BMS often don't have a mouth problem that the doctor or dentist can see during an exam. Your dentist or doctor may refer you to a specialist. Specialists who diagnose BMS include dentists who specialize in oral medicine or oral surgery. Other specialists include doctors who are ear, nose, and throat specialists; gastroenterologists; or dermatologists.","<|system|>
Você é um assistente médico especialista responsável por apoiar decisões clínicas com clareza, rigor e alinhamento com protocolos hospitalares. Você NÃO confirma diagnósticos, NÃO prescreve diretamente e NÃO substitui avaliação médica. Todas as recomendações devem ser validadas por um clínico responsável.</s>
<|user|>
Pergunta Médica: How can I find doctors who treat burning mouth syndrome?</s>
<|assistant|>
BMS is hard to diagnose. One reason is that people with BMS often don't have a mouth problem that the doctor or dentist can see during an exam. Your dentist or doctor may refer you to a specialist. Specialists who diagnose BMS include dentists who specialize in oral medicine or oral surgery. Other specialists include doctors who are ear, nose, and throat specialists; gastroenterologists; or dermatologists.</s>
"
TQ17,When can i stop using estradiol 75g patch?,"Climara (Estradiol Transdermal System) Patients should be started at the lowest dose. Six (6.5, 9.375, 12.5, 15, 18.75 and 25 cm2 ) Climara systems are available. For the treatment of vasomotor symptoms, treatment should be initiated with the 6.5 cm2 (0.025 mg/day) Climara system applied to the skin once weekly. The dose should be adjusted as necessary to control symptoms. Clinical responses (relief of symptoms) at the lowest effective dose should be the guide for establishing administration of the Climara system, especially in women with an intact uterus. Attempts to taper or discontinue the medication should be made at 3- to 6-month intervals.","<|system|>
Você é um assistente médico especialista responsável por apoiar decisões clínicas com clareza, rigor e alinhamento com protocolos hospitalares. Você NÃO confirma diagnósticos, NÃO prescreve diretamente e NÃO substitui avaliação médica. Todas as recomendações devem ser validadas por um clínico responsável.</s>
<|user|>
Pergunta Médica: When can i stop using estradiol 75g patch?</s>
<|assistant|>
Climara (Estradiol Transdermal System) Patients should be started at the lowest dose. Six (6.5, 9.375, 12.5, 15, 18.75 and 25 cm2 ) Climara systems are available. For the treatment of vasomotor symptoms, treatment should be initiated with the 6.5 cm2 (0.025 mg/day) Climara system applied to the skin once weekly. The dose should be adjusted as necessary to control symptoms. Clinical responses (relief of symptoms) at the lowest effective dose should be the guide for establishing administration of the Climara system, especially in women with an intact uterus. Attempts to taper or discontinue the medication should be made at 3- to 6-month intervals.</s>
"
TQ17,When can i stop using estradiol 75g patch?,"How Do I Stop Therapy? If you are on menopausal hormone therapy, talk with your health care provider about whether or not to stop it.Also ask about the best way to discontinue the treatment.You can stop abruptly or by gradually reducing the dose over several months.With either method of stopping the medication, you may have menopause-like symptoms.","<|system|>
Você é um assistente médico especialista responsável por apoiar decisões clínicas com clareza, rigor e alinhamento com protocolos hospitalares. Você NÃO confirma diagnósticos, NÃO prescreve diretamente e NÃO substitui avaliação médica. Todas as recomendações devem ser validadas por um clínico responsável.</s>
<|user|>
Pergunta Médica: When can i stop using estradiol 75g patch?</s>
<|assistant|>
How Do I Stop Therapy? If you are on menopausal hormone therapy, talk with your health care provider about whether or not to stop it.Also ask about the best way to discontinue the treatment.You can stop abruptly or by gradually reducing the dose over several months.With either method of stopping the medication, you may have menopause-like symptoms.</s>
"
TQ18,Is it safe to use hydrogen peroxide to remove ear wax?,"To clean the ears, wash the external ear with a cloth, but do not insert anything into the ear canal. Most cases of ear wax blockage respond to home treatments used to soften wax. Patients can try placing a few drops of mineral oil, baby oil, glycerin, or commercial drops in the ear. Detergent drops such as hydrogen peroxide or carbamide peroxide (available in most pharmacies) may also aid in the removal of wax. Irrigation or ear syringing is commonly used for cleaning and can be performed by a physician or at home using a commercially available irrigation kit. Common solutions used for syringing include water and saline, which should be warmed to body temperature to prevent dizziness. Ear syringing is most effective when water, saline, or wax dissolving drops are put in the ear canal 15 to 30 minutes before treatment.","<|system|>
Você é um assistente médico especialista responsável por apoiar decisões clínicas com clareza, rigor e alinhamento com protocolos hospitalares. Você NÃO confirma diagnósticos, NÃO prescreve diretamente e NÃO substitui avaliação médica. Todas as recomendações devem ser validadas por um clínico responsável.</s>
<|user|>
Pergunta Médica: Is it safe to use hydrogen peroxide to remove ear wax?</s>
<|assistant|>
To clean the ears, wash the external ear with a cloth, but do not insert anything into the ear canal. Most cases of ear wax blockage respond to home treatments used to soften wax. Patients can try placing a few drops of mineral oil, baby oil, glycerin, or commercial drops in the ear. Detergent drops such as hydrogen peroxide or carbamide peroxide (available in most pharmacies) may also aid in the removal of wax. Irrigation or ear syringing is commonly used for cleaning and can be performed by a physician or at home using a commercially available irrigation kit. Common solutions used for syringing include water and saline, which should be warmed to body temperature to prevent dizziness. Ear syringing is most effective when water, saline, or wax dissolving drops are put in the ear canal 15 to 30 minutes before treatment.</s>
"
TQ20,Where can i find information about ODD?,"Oppositional defiant disorder is a pattern of disobedient, hostile, and defiant behavior toward authority figures. This disorder is more common in boys than in girls. Some studies have shown that it affects 20% of school-age children. However, most experts believe this figure is high due to changing definitions of normal childhood behavior. It may also possibly have racial, cultural, and gender biases. This behavior typically starts by age 8. However, it may start as early as the preschool years. This disorder is thought to be caused by a combination of biological, psychological, and social factors. Symptoms include: Actively does not follow adults' requests; Angry and resentful of others; Argues with adults; Blames others for own mistakes; Has few or no friends or has lost friends; Is in constant trouble in school; Loses temper; Is spiteful or seeks revenge; Is touchy or easily annoyed. To fit this diagnosis, the pattern must last for at least 6 months and must be more than normal childhood misbehavior. The pattern of behaviors must be different from those of other children around the same age and developmental level. The behavior must lead to significant problems in school or social activities. Children with symptoms of this disorder should be evaluated by a psychiatrist or psychologist. The best treatment for the child is to talk with a mental health professional in individual and possibly family therapy. The parents should also learn how to manage the child's behavior. Medicines may also be helpful, especially if the behaviors occur as part of another condition (such as depression, childhood psychosis, or ADHD). Some children respond well to treatment, while others do not.","<|system|>
Você é um assistente médico especialista responsável por apoiar decisões clínicas com clareza, rigor e alinhamento com protocolos hospitalares. Você NÃO confirma diagnósticos, NÃO prescreve diretamente e NÃO substitui avaliação médica. Todas as recomendações devem ser validadas por um clínico responsável.</s>
<|user|>
Pergunta Médica: Where can i find information about ODD?</s>
<|assistant|>
Oppositional defiant disorder is a pattern of disobedient, hostile, and defiant behavior toward authority figures. This disorder is more common in boys than in girls. Some studies have shown that it affects 20% of school-age children. However, most experts believe this figure is high due to changing definitions of normal childhood behavior. It may also possibly have racial, cultural, and gender biases. This behavior typically starts by age 8. However, it may start as early as the preschool years. This disorder is thought to be caused by a combination of biological, psychological, and social factors. Symptoms include: Actively does not follow adults' requests; Angry and resentful of others; Argues with adults; Blames others for own mistakes; Has few or no friends or has lost friends; Is in constant trouble in school; Loses temper; Is spiteful or seeks revenge; Is touchy or easily annoyed. To fit this diagnosis, the pattern must last for at least 6 months and must be more than normal childhood misbehavior. The pattern of behaviors must be different from those of other children around the same age and developmental level. The behavior must lead to significant problems in school or social activities. Children with symptoms of this disorder should be evaluated by a psychiatrist or psychologist. The best treatment for the child is to talk with a mental health professional in individual and possibly family therapy. The parents should also learn how to manage the child's behavior. Medicines may also be helpful, especially if the behaviors occur as part of another condition (such as depression, childhood psychosis, or ADHD). Some children respond well to treatment, while others do not.</s>
"
TQ21,where can i find information on Beckwith-Wieddeman Syndrome?,"Beckwith-Wiedemann syndrome is a condition that affects many parts of the body. It is classified as an overgrowth syndrome, which means that affected infants are considerably larger than normal (macrosomia) and tend to be taller than their peers during childhood. Growth begins to slow by about age 8, and adults with this condition are not unusually tall. In some children with Beckwith-Wiedemann syndrome, specific parts of the body on one side or the other may grow abnormally large, leading to an asymmetric or uneven appearance. This unusual growth pattern, which is known as hemihyperplasia, usually becomes less apparent over time. The signs and symptoms of Beckwith-Wiedemann syndrome vary among affected individuals. Some children with this condition are born with an opening in the wall of the abdomen (an omphalocele) that allows the abdominal organs to protrude through the belly-button. Other abdominal wall defects, such as a soft out-pouching around the belly-button (an umbilical hernia), are also common. Some infants with Beckwith-Wiedemann syndrome have an abnormally large tongue (macroglossia), which may interfere with breathing, swallowing, and speaking. Other major features of this condition include abnormally large abdominal organs (visceromegaly), creases or pits in the skin near the ears, low blood sugar (hypoglycemia) in infancy, and kidney abnormalities. Children with Beckwith-Wiedemann syndrome are at an increased risk of developing several types of cancerous and noncancerous tumors, particularly a form of kidney cancer called Wilms tumorand a form of liver cancer called hepatoblastoma. Tumors develop in about 10 percent of people with this condition and almost always appear in childhood. Most children and adults with Beckwith-Wiedemann syndrome do not have serious medical problems associated with the condition. Their life expectancy is usually normal.","<|system|>
Você é um assistente médico especialista responsável por apoiar decisões clínicas com clareza, rigor e alinhamento com protocolos hospitalares. Você NÃO confirma diagnósticos, NÃO prescreve diretamente e NÃO substitui avaliação médica. Todas as recomendações devem ser validadas por um clínico responsável.</s>
<|user|>
Pergunta Médica: where can i find information on Beckwith-Wieddeman Syndrome?</s>
<|assistant|>
Beckwith-Wiedemann syndrome is a condition that affects many parts of the body. It is classified as an overgrowth syndrome, which means that affected infants are considerably larger than normal (macrosomia) and tend to be taller than their peers during childhood. Growth begins to slow by about age 8, and adults with this condition are not unusually tall. In some children with Beckwith-Wiedemann syndrome, specific parts of the body on one side or the other may grow abnormally large, leading to an asymmetric or uneven appearance. This unusual growth pattern, which is known as hemihyperplasia, usually becomes less apparent over time. The signs and symptoms of Beckwith-Wiedemann syndrome vary among affected individuals. Some children with this condition are born with an opening in the wall of the abdomen (an omphalocele) that allows the abdominal organs to protrude through the belly-button. Other abdominal wall defects, such as a soft out-pouching around the belly-button (an umbilical hernia), are also common. Some infants with Beckwith-Wiedemann syndrome have an abnormally large tongue (macroglossia), which may interfere with breathing, swallowing, and speaking. Other major features of this condition include abnormally large abdominal organs (visceromegaly), creases or pits in the skin near the ears, low blood sugar (hypoglycemia) in infancy, and kidney abnormalities. Children with Beckwith-Wiedemann syndrome are at an increased risk of developing several types of cancerous and noncancerous tumors, particularly a form of kidney cancer called Wilms tumorand a form of liver cancer called hepatoblastoma. Tumors develop in about 10 percent of people with this condition and almost always appear in childhood. Most children and adults with Beckwith-Wiedemann syndrome do not have serious medical problems associated with the condition. Their life expectancy is usually normal.</s>
"
TQ22,Is ciprofloxacin the best treatment for citrobacter freundii?,"There are no comparative studies of antibiotic therapy for Citrobacter infections. Thus, treatment of Citrobacter infections follows the principles for treatment of other Enterobacteriaceae infections. Based on the in vitro antimicrobial susceptibilities described above, aminoglycosides, fluoroquinolones, carbapenems, and the fourth-generation cephems, such as cefepime and cefpirome, would appear to be preferred therapeutic agents for C. freundii infections.","<|system|>
Você é um assistente médico especialista responsável por apoiar decisões clínicas com clareza, rigor e alinhamento com protocolos hospitalares. Você NÃO confirma diagnósticos, NÃO prescreve diretamente e NÃO substitui avaliação médica. Todas as recomendações devem ser validadas por um clínico responsável.</s>
<|user|>
Pergunta Médica: Is ciprofloxacin the best treatment for citrobacter freundii?</s>
<|assistant|>
There are no comparative studies of antibiotic therapy for Citrobacter infections. Thus, treatment of Citrobacter infections follows the principles for treatment of other Enterobacteriaceae infections. Based on the in vitro antimicrobial susceptibilities described above, aminoglycosides, fluoroquinolones, carbapenems, and the fourth-generation cephems, such as cefepime and cefpirome, would appear to be preferred therapeutic agents for C. freundii infections.</s>
"
TQ22,Is ciprofloxacin the best treatment for citrobacter freundii?,"Citrobacter species are a common cause of nosocomial infections associated with patients that are undergoing prolonged hospital treatments. C. freundii has recently been reported to express resistance to broad-spectrum antibiotincs including piperacillin, piperacillintazobactam, vancomycin and cephalosporins. Isolation of ceftriaxone-resistant Citrobacter freundii (CRCF) has been associated with the overprescribed broad spectrum antibiotics.","<|system|>
Você é um assistente médico especialista responsável por apoiar decisões clínicas com clareza, rigor e alinhamento com protocolos hospitalares. Você NÃO confirma diagnósticos, NÃO prescreve diretamente e NÃO substitui avaliação médica. Todas as recomendações devem ser validadas por um clínico responsável.</s>
<|user|>
Pergunta Médica: Is ciprofloxacin the best treatment for citrobacter freundii?</s>
<|assistant|>
Citrobacter species are a common cause of nosocomial infections associated with patients that are undergoing prolonged hospital treatments. C. freundii has recently been reported to express resistance to broad-spectrum antibiotincs including piperacillin, piperacillintazobactam, vancomycin and cephalosporins. Isolation of ceftriaxone-resistant Citrobacter freundii (CRCF) has been associated with the overprescribed broad spectrum antibiotics.</s>
"
TQ22,Is ciprofloxacin the best treatment for citrobacter freundii?,"The resistance of C. freundii to antibiotics in 1999 (n = 10), compared with the period from 1996 through 1998 (n = 26), increased 66% for ciprofloxacin, 36% for ticarcillin/clavulanate, 70% for piperacillin/tazobactam, and 62.8% for piperacillin, but remained uniformly susceptible to imipenem/cilastatin and the new fluoroquinolone (levofloxacin). This increase in resistance was attributable to the use of third-generation cephalosporin instead of first-generation cephalosporins.","<|system|>
Você é um assistente médico especialista responsável por apoiar decisões clínicas com clareza, rigor e alinhamento com protocolos hospitalares. Você NÃO confirma diagnósticos, NÃO prescreve diretamente e NÃO substitui avaliação médica. Todas as recomendações devem ser validadas por um clínico responsável.</s>
<|user|>
Pergunta Médica: Is ciprofloxacin the best treatment for citrobacter freundii?</s>
<|assistant|>
The resistance of C. freundii to antibiotics in 1999 (n = 10), compared with the period from 1996 through 1998 (n = 26), increased 66% for ciprofloxacin, 36% for ticarcillin/clavulanate, 70% for piperacillin/tazobactam, and 62.8% for piperacillin, but remained uniformly susceptible to imipenem/cilastatin and the new fluoroquinolone (levofloxacin). This increase in resistance was attributable to the use of third-generation cephalosporin instead of first-generation cephalosporins.</s>
"
TQ23,What kind of doctor should I see for a toddler who may have back problems?,"The history and physical exam will help determine the severity and acuity of the patient's back pain. If there are no red flag issues, send the patient to be evaluated by a physical therapist who provides care for children and follow up with the patient in clinic. If the history and physical uncover red flag issues, request appropriate radiographs and lab tests. See Page 2 for a guide to imaging studies. If screening radiographs point to a serious orthopedic condition, request an MRI or refer the patient to an orthopedic specialist who will get the necessary MRI.","<|system|>
Você é um assistente médico especialista responsável por apoiar decisões clínicas com clareza, rigor e alinhamento com protocolos hospitalares. Você NÃO confirma diagnósticos, NÃO prescreve diretamente e NÃO substitui avaliação médica. Todas as recomendações devem ser validadas por um clínico responsável.</s>
<|user|>
Pergunta Médica: What kind of doctor should I see for a toddler who may have back problems?</s>
<|assistant|>
The history and physical exam will help determine the severity and acuity of the patient's back pain. If there are no red flag issues, send the patient to be evaluated by a physical therapist who provides care for children and follow up with the patient in clinic. If the history and physical uncover red flag issues, request appropriate radiographs and lab tests. See Page 2 for a guide to imaging studies. If screening radiographs point to a serious orthopedic condition, request an MRI or refer the patient to an orthopedic specialist who will get the necessary MRI.</s>
"
TQ24,Is bloody drainage normal with otitis media after starting antibiotics?,"With a severe ear infection, pressure may build up and cause the eardrum to rupture. Pus and blood may drain out. This usually relieves pain and pressure, and in most cases the eardrum heals on its own.","<|system|>
Você é um assistente médico especialista responsável por apoiar decisões clínicas com clareza, rigor e alinhamento com protocolos hospitalares. Você NÃO confirma diagnósticos, NÃO prescreve diretamente e NÃO substitui avaliação médica. Todas as recomendações devem ser validadas por um clínico responsável.</s>
<|user|>
Pergunta Médica: Is bloody drainage normal with otitis media after starting antibiotics?</s>
<|assistant|>
With a severe ear infection, pressure may build up and cause the eardrum to rupture. Pus and blood may drain out. This usually relieves pain and pressure, and in most cases the eardrum heals on its own.</s>
"
TQ24,Is bloody drainage normal with otitis media after starting antibiotics?,"Middle ear infections may cause pain, hearing loss, and spontaneous rupture of the eardrum, resulting in a perforation. In this case,there may be infected or bloody drainage from the ear. Infections can cause a hole in the eardrum as a side effect of otitis media.","<|system|>
Você é um assistente médico especialista responsável por apoiar decisões clínicas com clareza, rigor e alinhamento com protocolos hospitalares. Você NÃO confirma diagnósticos, NÃO prescreve diretamente e NÃO substitui avaliação médica. Todas as recomendações devem ser validadas por um clínico responsável.</s>
<|user|>
Pergunta Médica: Is bloody drainage normal with otitis media after starting antibiotics?</s>
<|assistant|>
Middle ear infections may cause pain, hearing loss, and spontaneous rupture of the eardrum, resulting in a perforation. In this case,there may be infected or bloody drainage from the ear. Infections can cause a hole in the eardrum as a side effect of otitis media.</s>
"
TQ25,Are there are any drug-drug interactions between Carvedilol and Hydrslazine?,"In addition, carvedilol produced a slight but significant inhibition of the pressor responses to serotonin (5-hydroxytryptamine), which was nearly identical in magnitude to that seen with hydralazine.","<|system|>
Você é um assistente médico especialista responsável por apoiar decisões clínicas com clareza, rigor e alinhamento com protocolos hospitalares. Você NÃO confirma diagnósticos, NÃO prescreve diretamente e NÃO substitui avaliação médica. Todas as recomendações devem ser validadas por um clínico responsável.</s>
<|user|>
Pergunta Médica: Are there are any drug-drug interactions between Carvedilol and Hydrslazine?</s>
<|assistant|>
In addition, carvedilol produced a slight but significant inhibition of the pressor responses to serotonin (5-hydroxytryptamine), which was nearly identical in magnitude to that seen with hydralazine.</s>
"
TQ25,Are there are any drug-drug interactions between Carvedilol and Hydrslazine?,"Interaction between Coreg and Hydralazine: There is no known interaction between Coreg and Hydralazine in our records. However, an interaction may still exist. Always consult your doctor before taking these medications together. Do not stop taking the medications without a physician's advice.","<|system|>
Você é um assistente médico especialista responsável por apoiar decisões clínicas com clareza, rigor e alinhamento com protocolos hospitalares. Você NÃO confirma diagnósticos, NÃO prescreve diretamente e NÃO substitui avaliação médica. Todas as recomendações devem ser validadas por um clínico responsável.</s>
<|user|>
Pergunta Médica: Are there are any drug-drug interactions between Carvedilol and Hydrslazine?</s>
<|assistant|>
Interaction between Coreg and Hydralazine: There is no known interaction between Coreg and Hydralazine in our records. However, an interaction may still exist. Always consult your doctor before taking these medications together. Do not stop taking the medications without a physician's advice.</s>
"
TQ26,Are there are any drug-drug interactions between Phentermine and Dicyclomine?,"There is no drug interactions reported by people who take Phentermine hydrochloride and Dicyclomine hydrochloride together yet. This review analyzes the effectiveness and drug interactions between Phentermine hydrochloride and Dicyclomine hydrochloride. It is created by eHealthMe based on reports from FDA, and is updated regularly.","<|system|>
Você é um assistente médico especialista responsável por apoiar decisões clínicas com clareza, rigor e alinhamento com protocolos hospitalares. Você NÃO confirma diagnósticos, NÃO prescreve diretamente e NÃO substitui avaliação médica. Todas as recomendações devem ser validadas por um clínico responsável.</s>
<|user|>
Pergunta Médica: Are there are any drug-drug interactions between Phentermine and Dicyclomine?</s>
<|assistant|>
There is no drug interactions reported by people who take Phentermine hydrochloride and Dicyclomine hydrochloride together yet. This review analyzes the effectiveness and drug interactions between Phentermine hydrochloride and Dicyclomine hydrochloride. It is created by eHealthMe based on reports from FDA, and is updated regularly.</s>
"
TQ30,Is uveitis an autoimmune disease?,"Uveitis is swelling and irritation of the uvea. The uvea is the middle layer of the eye. The uvea provides most of the blood supply to the retina. Uveitis can be caused by autoimmune disorders. These diseases occur when the body's immune system attacks and destroys healthy body tissue by mistake. Examples are: Ankylosing spondylitis; Psoriasis; Reactive arthritis; Rheumatoid arthritis; Sarcoidosis. Ulcerative colitis Uveitis can also be caused by infections such as: AIDS; Cytomegalovirus (CMV) retinitis; Herpes zoster infection; Histoplasmosis; Kawasaki disease; Syphilis; Toxoplasmosis; Tuberculosis. Exposure to toxins or injury can also cause uveitis. In many cases, the cause is unknown.","<|system|>
Você é um assistente médico especialista responsável por apoiar decisões clínicas com clareza, rigor e alinhamento com protocolos hospitalares. Você NÃO confirma diagnósticos, NÃO prescreve diretamente e NÃO substitui avaliação médica. Todas as recomendações devem ser validadas por um clínico responsável.</s>
<|user|>
Pergunta Médica: Is uveitis an autoimmune disease?</s>
<|assistant|>
Uveitis is swelling and irritation of the uvea. The uvea is the middle layer of the eye. The uvea provides most of the blood supply to the retina. Uveitis can be caused by autoimmune disorders. These diseases occur when the body's immune system attacks and destroys healthy body tissue by mistake. Examples are: Ankylosing spondylitis; Psoriasis; Reactive arthritis; Rheumatoid arthritis; Sarcoidosis. Ulcerative colitis Uveitis can also be caused by infections such as: AIDS; Cytomegalovirus (CMV) retinitis; Herpes zoster infection; Histoplasmosis; Kawasaki disease; Syphilis; Toxoplasmosis; Tuberculosis. Exposure to toxins or injury can also cause uveitis. In many cases, the cause is unknown.</s>
"
TQ32,How to switch from amlodipine to atenolol?,"Abrupt cessation may precipitate angina, MI, arrhythmias, or rebound HTN; discontinue by tapering over 1-2 weeks. Do not abruptly discontinue without physician's advice.","<|system|>
Você é um assistente médico especialista responsável por apoiar decisões clínicas com clareza, rigor e alinhamento com protocolos hospitalares. Você NÃO confirma diagnósticos, NÃO prescreve diretamente e NÃO substitui avaliação médica. Todas as recomendações devem ser validadas por um clínico responsável.</s>
<|user|>
Pergunta Médica: How to switch from amlodipine to atenolol?</s>
<|assistant|>
Abrupt cessation may precipitate angina, MI, arrhythmias, or rebound HTN; discontinue by tapering over 1-2 weeks. Do not abruptly discontinue without physician's advice.</s>
"
TQ32,How to switch from amlodipine to atenolol?,"If you have been using this medicine regularly for several weeks, do not suddenly stop using it. Stopping suddenly may cause your chest pain or high blood pressure to come back or get worse. Check with your doctor for the best way to reduce gradually the amount you are taking before stopping completely.","<|system|>
Você é um assistente médico especialista responsável por apoiar decisões clínicas com clareza, rigor e alinhamento com protocolos hospitalares. Você NÃO confirma diagnósticos, NÃO prescreve diretamente e NÃO substitui avaliação médica. Todas as recomendações devem ser validadas por um clínico responsável.</s>
<|user|>
Pergunta Médica: How to switch from amlodipine to atenolol?</s>
<|assistant|>
If you have been using this medicine regularly for several weeks, do not suddenly stop using it. Stopping suddenly may cause your chest pain or high blood pressure to come back or get worse. Check with your doctor for the best way to reduce gradually the amount you are taking before stopping completely.</s>
"
TQ33,At what age should one receive shingles vaccine?,A single dose of shingles vaccine is recommended for adults 60 years of age and older.,"<|system|>
Você é um assistente médico especialista responsável por apoiar decisões clínicas com clareza, rigor e alinhamento com protocolos hospitalares. Você NÃO confirma diagnósticos, NÃO prescreve diretamente e NÃO substitui avaliação médica. Todas as recomendações devem ser validadas por um clínico responsável.</s>
<|user|>
Pergunta Médica: At what age should one receive shingles vaccine?</s>
<|assistant|>
A single dose of shingles vaccine is recommended for adults 60 years of age and older.</s>
"
TQ34,Can HIV be transmitted through skin or eye contact with contaminated blood?,"You can get or transmit HIV only through specific activities. Most commonly, people get or transmit HIV through sexual behaviors and needle or syringe use. Only certain body fluids-blood, semen (cum), pre-seminal fluid (pre-cum), rectal fluids, vaginal fluids, and breast milk-from a person who has HIV can transmit HIV. These fluids must come in contact with a mucous membrane or damaged tissue or be directly injected into the bloodstream (from a needle or syringe) for transmission to occur. Mucous membranes are found inside the rectum, vagina, penis, and mouth. In extremely rare cases, HIV has been transmitted by Contact between broken skin, wounds, or mucous membranes and HIV-infected blood or blood-contaminated body fluids.","<|system|>
Você é um assistente médico especialista responsável por apoiar decisões clínicas com clareza, rigor e alinhamento com protocolos hospitalares. Você NÃO confirma diagnósticos, NÃO prescreve diretamente e NÃO substitui avaliação médica. Todas as recomendações devem ser validadas por um clínico responsável.</s>
<|user|>
Pergunta Médica: Can HIV be transmitted through skin or eye contact with contaminated blood?</s>
<|assistant|>
You can get or transmit HIV only through specific activities. Most commonly, people get or transmit HIV through sexual behaviors and needle or syringe use. Only certain body fluids-blood, semen (cum), pre-seminal fluid (pre-cum), rectal fluids, vaginal fluids, and breast milk-from a person who has HIV can transmit HIV. These fluids must come in contact with a mucous membrane or damaged tissue or be directly injected into the bloodstream (from a needle or syringe) for transmission to occur. Mucous membranes are found inside the rectum, vagina, penis, and mouth. In extremely rare cases, HIV has been transmitted by Contact between broken skin, wounds, or mucous membranes and HIV-infected blood or blood-contaminated body fluids.</s>
"
TQ34,Can HIV be transmitted through skin or eye contact with contaminated blood?,"Non-sexual Transmission HIV can be transmitted by contact between infectious fluids and bleeding cuts or open sores in the skin. However, healthy intact skin does not allow HIV to enter the body and provides an excellent barrier against the virus. Non-sexual transmission is rare. The rare circumstances where non-sexual transmission has occurred typically involve medical settings or accident scenes where there is a very large volume of blood exposure or a needle stick.","<|system|>
Você é um assistente médico especialista responsável por apoiar decisões clínicas com clareza, rigor e alinhamento com protocolos hospitalares. Você NÃO confirma diagnósticos, NÃO prescreve diretamente e NÃO substitui avaliação médica. Todas as recomendações devem ser validadas por um clínico responsável.</s>
<|user|>
Pergunta Médica: Can HIV be transmitted through skin or eye contact with contaminated blood?</s>
<|assistant|>
Non-sexual Transmission HIV can be transmitted by contact between infectious fluids and bleeding cuts or open sores in the skin. However, healthy intact skin does not allow HIV to enter the body and provides an excellent barrier against the virus. Non-sexual transmission is rare. The rare circumstances where non-sexual transmission has occurred typically involve medical settings or accident scenes where there is a very large volume of blood exposure or a needle stick.</s>
"
TQ36,What are the causes and long-term pulmonary complications of congenital diaphragmatic hernia?,"Congenital diaphragmatic hernia (CDH) can occur as an isolated finding, as part of a genetic syndrome or chromosome abnormality, or with additional birth defects of unknown cause.[5] Some cases have been linked to in utero exposures.[6] In the majority of cases, the cause is not known.[5]","<|system|>
Você é um assistente médico especialista responsável por apoiar decisões clínicas com clareza, rigor e alinhamento com protocolos hospitalares. Você NÃO confirma diagnósticos, NÃO prescreve diretamente e NÃO substitui avaliação médica. Todas as recomendações devem ser validadas por um clínico responsável.</s>
<|user|>
Pergunta Médica: What are the causes and long-term pulmonary complications of congenital diaphragmatic hernia?</s>
<|assistant|>
Congenital diaphragmatic hernia (CDH) can occur as an isolated finding, as part of a genetic syndrome or chromosome abnormality, or with additional birth defects of unknown cause.[5] Some cases have been linked to in utero exposures.[6] In the majority of cases, the cause is not known.[5]</s>
"
TQ36,What are the causes and long-term pulmonary complications of congenital diaphragmatic hernia?,"Isolated congenital diaphragmatic hernia is rarely inherited. In almost all cases, there is only one affected individual in a family. When congenital diaphragmatic hernia occurs as a feature of a genetic syndrome or chromosomal abnormality, it may cluster in families according to the inheritance pattern for that condition.","<|system|>
Você é um assistente médico especialista responsável por apoiar decisões clínicas com clareza, rigor e alinhamento com protocolos hospitalares. Você NÃO confirma diagnósticos, NÃO prescreve diretamente e NÃO substitui avaliação médica. Todas as recomendações devem ser validadas por um clínico responsável.</s>
<|user|>
Pergunta Médica: What are the causes and long-term pulmonary complications of congenital diaphragmatic hernia?</s>
<|assistant|>
Isolated congenital diaphragmatic hernia is rarely inherited. In almost all cases, there is only one affected individual in a family. When congenital diaphragmatic hernia occurs as a feature of a genetic syndrome or chromosomal abnormality, it may cluster in families according to the inheritance pattern for that condition.</s>
"
TQ36,What are the causes and long-term pulmonary complications of congenital diaphragmatic hernia?,"The contents of your child's abdomen, including the stomach, intestines, liver and spleen may go through the hole and into his chest. This prevents the normal development of the lung on that side, and may also affect the growth of the other lung. And when your child's lungs don't fully develop, he will have trouble breathing after he is born. Complications of a CDH may include: Chronic lung disease: This serious condition can require your child to have oxygen or medications after being discharged from the hospital.","<|system|>
Você é um assistente médico especialista responsável por apoiar decisões clínicas com clareza, rigor e alinhamento com protocolos hospitalares. Você NÃO confirma diagnósticos, NÃO prescreve diretamente e NÃO substitui avaliação médica. Todas as recomendações devem ser validadas por um clínico responsável.</s>
<|user|>
Pergunta Médica: What are the causes and long-term pulmonary complications of congenital diaphragmatic hernia?</s>
<|assistant|>
The contents of your child's abdomen, including the stomach, intestines, liver and spleen may go through the hole and into his chest. This prevents the normal development of the lung on that side, and may also affect the growth of the other lung. And when your child's lungs don't fully develop, he will have trouble breathing after he is born. Complications of a CDH may include: Chronic lung disease: This serious condition can require your child to have oxygen or medications after being discharged from the hospital.</s>
"
TQ37,"Is shingles contagious, especially through food handling?","Shingles cannot be passed from one person to another. However, the virus that causes shingles, the varicella zoster virus, can be spread from a person with active shingles to another person who has never had chickenpox. In such cases, the person exposed to the virus might develop chickenpox, but they would not develop shingles. The virus is spread through direct contact with fluid from the rash blisters caused by shingles. A person with active shingles can spread the virus when the rash is in the blister-phase. A person is not infectious before the blisters appear. Once the rash has developed crusts, the person is no longer contagious. Shingles is less contagious than chickenpox and the risk of a person with shingles spreading the virus is low if the rash is covered.","<|system|>
Você é um assistente médico especialista responsável por apoiar decisões clínicas com clareza, rigor e alinhamento com protocolos hospitalares. Você NÃO confirma diagnósticos, NÃO prescreve diretamente e NÃO substitui avaliação médica. Todas as recomendações devem ser validadas por um clínico responsável.</s>
<|user|>
Pergunta Médica: Is shingles contagious, especially through food handling?</s>
<|assistant|>
Shingles cannot be passed from one person to another. However, the virus that causes shingles, the varicella zoster virus, can be spread from a person with active shingles to another person who has never had chickenpox. In such cases, the person exposed to the virus might develop chickenpox, but they would not develop shingles. The virus is spread through direct contact with fluid from the rash blisters caused by shingles. A person with active shingles can spread the virus when the rash is in the blister-phase. A person is not infectious before the blisters appear. Once the rash has developed crusts, the person is no longer contagious. Shingles is less contagious than chickenpox and the risk of a person with shingles spreading the virus is low if the rash is covered.</s>
"
TQ37,"Is shingles contagious, especially through food handling?","A person can not get shingles from a person that has it. However, the virus that causes chickenpox and shingles can be spread from a person with active shingles to a person who has never had chickenpox or been vaccinated through direct contact with the rash. The person exposed would develop chickenpox, not shingles. The virus is not spread through sneezing, coughing or casual contact. A person with shingles can spread the disease when the rash is in the blister-phase. Once the rash has developed crusts, the person is no longer contagious. A person is not infectious before blisters appear or if pain persists after the rash is gone (post-herpetic neuralgia). The risk of spreading shingles is low if the rash is covered. People with shingles should keep the rash covered, not touch or scratch the rash, and wash their hands often to prevent the spread of shingles. Once the rash has developed crusts, the person is no longer contagious.","<|system|>
Você é um assistente médico especialista responsável por apoiar decisões clínicas com clareza, rigor e alinhamento com protocolos hospitalares. Você NÃO confirma diagnósticos, NÃO prescreve diretamente e NÃO substitui avaliação médica. Todas as recomendações devem ser validadas por um clínico responsável.</s>
<|user|>
Pergunta Médica: Is shingles contagious, especially through food handling?</s>
<|assistant|>
A person can not get shingles from a person that has it. However, the virus that causes chickenpox and shingles can be spread from a person with active shingles to a person who has never had chickenpox or been vaccinated through direct contact with the rash. The person exposed would develop chickenpox, not shingles. The virus is not spread through sneezing, coughing or casual contact. A person with shingles can spread the disease when the rash is in the blister-phase. Once the rash has developed crusts, the person is no longer contagious. A person is not infectious before blisters appear or if pain persists after the rash is gone (post-herpetic neuralgia). The risk of spreading shingles is low if the rash is covered. People with shingles should keep the rash covered, not touch or scratch the rash, and wash their hands often to prevent the spread of shingles. Once the rash has developed crusts, the person is no longer contagious.</s>
"
TQ38,Is there research on the causes and treatments for the Antiphospholipid Syndrome?,"Antiphospholipid syndrome can be caused by an underlying condition, such as an autoimmune disorder, infection or certain medications, or you can develop the syndrome without an underlying cause.","<|system|>
Você é um assistente médico especialista responsável por apoiar decisões clínicas com clareza, rigor e alinhamento com protocolos hospitalares. Você NÃO confirma diagnósticos, NÃO prescreve diretamente e NÃO substitui avaliação médica. Todas as recomendações devem ser validadas por um clínico responsável.</s>
<|user|>
Pergunta Médica: Is there research on the causes and treatments for the Antiphospholipid Syndrome?</s>
<|assistant|>
Antiphospholipid syndrome can be caused by an underlying condition, such as an autoimmune disorder, infection or certain medications, or you can develop the syndrome without an underlying cause.</s>
"
TQ38,Is there research on the causes and treatments for the Antiphospholipid Syndrome?,"Doctors generally use medications that reduce your blood's tendency to clot to help prevent complications of antiphospholipid syndrome. If you have thrombosis, standard initial treatment involves a combination of blood-thinning (anticoagulant) medications.","<|system|>
Você é um assistente médico especialista responsável por apoiar decisões clínicas com clareza, rigor e alinhamento com protocolos hospitalares. Você NÃO confirma diagnósticos, NÃO prescreve diretamente e NÃO substitui avaliação médica. Todas as recomendações devem ser validadas por um clínico responsável.</s>
<|user|>
Pergunta Médica: Is there research on the causes and treatments for the Antiphospholipid Syndrome?</s>
<|assistant|>
Doctors generally use medications that reduce your blood's tendency to clot to help prevent complications of antiphospholipid syndrome. If you have thrombosis, standard initial treatment involves a combination of blood-thinning (anticoagulant) medications.</s>
"
TQ39,Are confusion and facial itch possible side effects of methadone?,"The major hazards of methadone are respiratory depression and, to a lesser degree, systemic hypotension. Respiratory arrest, shock, cardiac arrest, and death have occurred. The most frequently observed adverse reactions include lightheadedness, dizziness, sedation, nausea, vomiting, and sweating. These effects seem to be more prominent in ambulatory patients and in those who are not suffering severe pain. In such individuals, lower doses are advisable. Other adverse reactions include the following: (listed alphabetically under each subsection) Body as a Whole asthenia (weakness), edema, headache Cardiovascular (also see WARNINGS: CARDIAC CONDUCTION EFFECTS) - arrhythmias, bigeminal rhythms, bradycardia, cardiomyopathy, ECG abnormalities, extrasystoles, flushing, heart failure, hypotension, palpitations, phlebitis, QT interval prolongation, syncope, T-wave inversion, tachycardia, torsade de pointes, ventricular fibrillation, ventricular tachycardia Digestive abdominal pain, anorexia, biliary tract spasm, constipation, dry mouth, glossitis Hematologic and Lymphatic reversible thrombocytopenia has been described in opioid addicts with chronic hepatitis Metabolic and Nutritional hypokalemia, hypomagnesemia, weight gain Nervous agitation, confusion, disorientation, dysphoria, euphoria, insomnia, seizures Respiratory pulmonary edema, respiratory depression (see WARNINGS: RESPIRATORY DEPRESSION) Skin and Appendages pruritis, urticaria, other skin rashes, and rarely, hemorrhagic urticaria Special Senses hallucinations, visual disturbances Urogenital amenorrhea, antidiuretic effect, reduced libido and/or potency, urinary retention or hesitancy Maintenance on a Stabilized Dose During prolonged administration of methadone, as in a methadone maintenance treatment program, there is usually a gradual, yet progressive, disappearance of side effects over a period of several weeks. However, constipation and sweating often persist.","<|system|>
Você é um assistente médico especialista responsável por apoiar decisões clínicas com clareza, rigor e alinhamento com protocolos hospitalares. Você NÃO confirma diagnósticos, NÃO prescreve diretamente e NÃO substitui avaliação médica. Todas as recomendações devem ser validadas por um clínico responsável.</s>
<|user|>
Pergunta Médica: Are confusion and facial itch possible side effects of methadone?</s>
<|assistant|>
The major hazards of methadone are respiratory depression and, to a lesser degree, systemic hypotension. Respiratory arrest, shock, cardiac arrest, and death have occurred. The most frequently observed adverse reactions include lightheadedness, dizziness, sedation, nausea, vomiting, and sweating. These effects seem to be more prominent in ambulatory patients and in those who are not suffering severe pain. In such individuals, lower doses are advisable. Other adverse reactions include the following: (listed alphabetically under each subsection) Body as a Whole asthenia (weakness), edema, headache Cardiovascular (also see WARNINGS: CARDIAC CONDUCTION EFFECTS) - arrhythmias, bigeminal rhythms, bradycardia, cardiomyopathy, ECG abnormalities, extrasystoles, flushing, heart failure, hypotension, palpitations, phlebitis, QT interval prolongation, syncope, T-wave inversion, tachycardia, torsade de pointes, ventricular fibrillation, ventricular tachycardia Digestive abdominal pain, anorexia, biliary tract spasm, constipation, dry mouth, glossitis Hematologic and Lymphatic reversible thrombocytopenia has been described in opioid addicts with chronic hepatitis Metabolic and Nutritional hypokalemia, hypomagnesemia, weight gain Nervous agitation, confusion, disorientation, dysphoria, euphoria, insomnia, seizures Respiratory pulmonary edema, respiratory depression (see WARNINGS: RESPIRATORY DEPRESSION) Skin and Appendages pruritis, urticaria, other skin rashes, and rarely, hemorrhagic urticaria Special Senses hallucinations, visual disturbances Urogenital amenorrhea, antidiuretic effect, reduced libido and/or potency, urinary retention or hesitancy Maintenance on a Stabilized Dose During prolonged administration of methadone, as in a methadone maintenance treatment program, there is usually a gradual, yet progressive, disappearance of side effects over a period of several weeks. However, constipation and sweating often persist.</s>
"
TQ40,What is methylprednisolone?,"Methylprednisolone, a corticosteroid, is similar to a natural hormone produced by your adrenal glands. It is often used to replace this chemical when your body does not make enough of it. It relieves inflammation (swelling, heat, redness, and pain) and is used to treat certain forms of arthritis; skin, blood, kidney, eye, thyroid, and intestinal disorders (e.g., colitis); severe allergies; and asthma. Methylprednisolone is also used to treat certain types of cancer. This medication is sometimes prescribed for other uses; ask your doctor or pharmacist for more information.","<|system|>
Você é um assistente médico especialista responsável por apoiar decisões clínicas com clareza, rigor e alinhamento com protocolos hospitalares. Você NÃO confirma diagnósticos, NÃO prescreve diretamente e NÃO substitui avaliação médica. Todas as recomendações devem ser validadas por um clínico responsável.</s>
<|user|>
Pergunta Médica: What is methylprednisolone?</s>
<|assistant|>
Methylprednisolone, a corticosteroid, is similar to a natural hormone produced by your adrenal glands. It is often used to replace this chemical when your body does not make enough of it. It relieves inflammation (swelling, heat, redness, and pain) and is used to treat certain forms of arthritis; skin, blood, kidney, eye, thyroid, and intestinal disorders (e.g., colitis); severe allergies; and asthma. Methylprednisolone is also used to treat certain types of cancer. This medication is sometimes prescribed for other uses; ask your doctor or pharmacist for more information.</s>
"
TQ40,What is methylprednisolone?,"Methylprednisolone (By mouth) meth-il-pred-NIS-oh-lone Treats many diseases and conditions, including problems related to inflammation. This medicine is a corticosteroid. Drug classes: Endocrine-Metabolic Agent, Immune Suppressant Uses of This Medicine: Methylprednisolone provides relief for inflamed areas of the body. It is used to treat a number of different conditions, such as inflammation (swelling), severe allergies, adrenal problems, arthritis, asthma, blood or bone marrow problems, eye or vision problems, lupus, skin conditions, kidney problems, ulcerative colitis, and flare-ups of multiple sclerosis. Methylprednisolone is a corticosteroid (cortisone-like medicine or steroid). It works on the immune system to help relieve swelling, redness, itching, and allergic reactions. This medicine is available only with your doctor's prescription.","<|system|>
Você é um assistente médico especialista responsável por apoiar decisões clínicas com clareza, rigor e alinhamento com protocolos hospitalares. Você NÃO confirma diagnósticos, NÃO prescreve diretamente e NÃO substitui avaliação médica. Todas as recomendações devem ser validadas por um clínico responsável.</s>
<|user|>
Pergunta Médica: What is methylprednisolone?</s>
<|assistant|>
Methylprednisolone (By mouth) meth-il-pred-NIS-oh-lone Treats many diseases and conditions, including problems related to inflammation. This medicine is a corticosteroid. Drug classes: Endocrine-Metabolic Agent, Immune Suppressant Uses of This Medicine: Methylprednisolone provides relief for inflamed areas of the body. It is used to treat a number of different conditions, such as inflammation (swelling), severe allergies, adrenal problems, arthritis, asthma, blood or bone marrow problems, eye or vision problems, lupus, skin conditions, kidney problems, ulcerative colitis, and flare-ups of multiple sclerosis. Methylprednisolone is a corticosteroid (cortisone-like medicine or steroid). It works on the immune system to help relieve swelling, redness, itching, and allergic reactions. This medicine is available only with your doctor's prescription.</s>
"
TQ40,What is methylprednisolone?,"Methylprednisolone (By injection) meth-il-pred-NIS-oh-lone Treats inflammation, severe allergies, flare-ups of ongoing illnesses, and many other medical problems. May also be used to decrease some symptoms of cancer. This medicine is a corticosteroid (cortisone-like medicine or steroid). Drug classes: Endocrine-Metabolic Agent, Immune Suppressant Uses of This Medicine: Methylprednisolone injection provides relief for inflamed areas of the body. It is used to treat a number of different conditions, such as inflammation (swelling), severe allergies, adrenal problems, arthritis, asthma, blood or bone marrow problems, eye or vision problems, lupus, skin conditions, kidney problems, ulcerative colitis, and flare-ups of multiple sclerosis. Methylprednisolone is a corticosteroid (cortisone-like medicine or steroid). It works on the immune system to help relieve swelling, redness, itching, and allergic reactions. This medicine is available only with your doctor's prescription.","<|system|>
Você é um assistente médico especialista responsável por apoiar decisões clínicas com clareza, rigor e alinhamento com protocolos hospitalares. Você NÃO confirma diagnósticos, NÃO prescreve diretamente e NÃO substitui avaliação médica. Todas as recomendações devem ser validadas por um clínico responsável.</s>
<|user|>
Pergunta Médica: What is methylprednisolone?</s>
<|assistant|>
Methylprednisolone (By injection) meth-il-pred-NIS-oh-lone Treats inflammation, severe allergies, flare-ups of ongoing illnesses, and many other medical problems. May also be used to decrease some symptoms of cancer. This medicine is a corticosteroid (cortisone-like medicine or steroid). Drug classes: Endocrine-Metabolic Agent, Immune Suppressant Uses of This Medicine: Methylprednisolone injection provides relief for inflamed areas of the body. It is used to treat a number of different conditions, such as inflammation (swelling), severe allergies, adrenal problems, arthritis, asthma, blood or bone marrow problems, eye or vision problems, lupus, skin conditions, kidney problems, ulcerative colitis, and flare-ups of multiple sclerosis. Methylprednisolone is a corticosteroid (cortisone-like medicine or steroid). It works on the immune system to help relieve swelling, redness, itching, and allergic reactions. This medicine is available only with your doctor's prescription.</s>
"
TQ41,Why should Simvastatin be taken in the evening?,Simvastatin comes as a tablet to take by mouth. It usually is taken once a day in the evening. Take simvastatin at around the same time every day.,"<|system|>
Você é um assistente médico especialista responsável por apoiar decisões clínicas com clareza, rigor e alinhamento com protocolos hospitalares. Você NÃO confirma diagnósticos, NÃO prescreve diretamente e NÃO substitui avaliação médica. Todas as recomendações devem ser validadas por um clínico responsável.</s>
<|user|>
Pergunta Médica: Why should Simvastatin be taken in the evening?</s>
<|assistant|>
Simvastatin comes as a tablet to take by mouth. It usually is taken once a day in the evening. Take simvastatin at around the same time every day.</s>
"
TQ41,Why should Simvastatin be taken in the evening?,"Most manufacturers of statins recommend that they are taken at night, on the basis of physiological studies which show that most cholesterol is synthesised when dietary intake is at its lowest. Simvastatin is probably best taken at night because concentrations of total cholesterol and of low density lipoprotein are significantly greater when it is taken in the morning.","<|system|>
Você é um assistente médico especialista responsável por apoiar decisões clínicas com clareza, rigor e alinhamento com protocolos hospitalares. Você NÃO confirma diagnósticos, NÃO prescreve diretamente e NÃO substitui avaliação médica. Todas as recomendações devem ser validadas por um clínico responsável.</s>
<|user|>
Pergunta Médica: Why should Simvastatin be taken in the evening?</s>
<|assistant|>
Most manufacturers of statins recommend that they are taken at night, on the basis of physiological studies which show that most cholesterol is synthesised when dietary intake is at its lowest. Simvastatin is probably best taken at night because concentrations of total cholesterol and of low density lipoprotein are significantly greater when it is taken in the morning.</s>
"
TQ42,How long does prednisone stay in the body after discontinuation and are there any withdrawal symptoms?,"If you abruptly stop taking prednisone or taper off too quickly, you might experience prednisone withdrawal symptoms: Severe fatigue Weakness Body aches Joint pain Prednisone is similar to cortisol, a hormone naturally made by your adrenal glands. If you take prednisone for more than a few weeks, your adrenal glands decrease cortisol production. A gradual reduction in prednisone dosage gives your adrenal glands time to resume their normal function. The amount of time it takes to taper off prednisone depends on the disease being treated, the dose and duration of use, and other medical considerations. A full recovery can take anywhere from a week to several months. Contact your doctor if you experience prednisone withdrawal symptoms as you are tapering off the drug","<|system|>
Você é um assistente médico especialista responsável por apoiar decisões clínicas com clareza, rigor e alinhamento com protocolos hospitalares. Você NÃO confirma diagnósticos, NÃO prescreve diretamente e NÃO substitui avaliação médica. Todas as recomendações devem ser validadas por um clínico responsável.</s>
<|user|>
Pergunta Médica: How long does prednisone stay in the body after discontinuation and are there any withdrawal symptoms?</s>
<|assistant|>
If you abruptly stop taking prednisone or taper off too quickly, you might experience prednisone withdrawal symptoms: Severe fatigue Weakness Body aches Joint pain Prednisone is similar to cortisol, a hormone naturally made by your adrenal glands. If you take prednisone for more than a few weeks, your adrenal glands decrease cortisol production. A gradual reduction in prednisone dosage gives your adrenal glands time to resume their normal function. The amount of time it takes to taper off prednisone depends on the disease being treated, the dose and duration of use, and other medical considerations. A full recovery can take anywhere from a week to several months. Contact your doctor if you experience prednisone withdrawal symptoms as you are tapering off the drug</s>
"
TQ42,How long does prednisone stay in the body after discontinuation and are there any withdrawal symptoms?,"If you are taking prednisone to treat a long-lasting disease, the medication may help control your condition but will not cure it. Continue to take prednisone even if you feel well. Do not stop taking prednisone without talking to your doctor. If you suddenly stop taking prednisone, your body may not have enough natural steroids to function normally. This may cause symptoms such as extreme tiredness, weakness, slowed movements, upset stomach, weight loss, changes in skin color, sores in the mouth, and craving for salt. Call your doctor if you experience these or other unusual symptoms while you are taking decreasing doses of prednisone or after you stop taking the medication.","<|system|>
Você é um assistente médico especialista responsável por apoiar decisões clínicas com clareza, rigor e alinhamento com protocolos hospitalares. Você NÃO confirma diagnósticos, NÃO prescreve diretamente e NÃO substitui avaliação médica. Todas as recomendações devem ser validadas por um clínico responsável.</s>
<|user|>
Pergunta Médica: How long does prednisone stay in the body after discontinuation and are there any withdrawal symptoms?</s>
<|assistant|>
If you are taking prednisone to treat a long-lasting disease, the medication may help control your condition but will not cure it. Continue to take prednisone even if you feel well. Do not stop taking prednisone without talking to your doctor. If you suddenly stop taking prednisone, your body may not have enough natural steroids to function normally. This may cause symptoms such as extreme tiredness, weakness, slowed movements, upset stomach, weight loss, changes in skin color, sores in the mouth, and craving for salt. Call your doctor if you experience these or other unusual symptoms while you are taking decreasing doses of prednisone or after you stop taking the medication.</s>
"
TQ44,How long can unopened calcitonin salmon nasal spray be left unrefrigerated?,"Store unopened bottle in refrigerator between 2 degrees to 8 degrees C (36 degrees to 46 degrees F). Protect from freezing. Store bottle in use at room temperature between 20 degrees to 25 degrees C (68 degrees to 77 degrees F) in an upright position, for up to 30 days (2 mL fill) or 35 days (3.7 mL fill).","<|system|>
Você é um assistente médico especialista responsável por apoiar decisões clínicas com clareza, rigor e alinhamento com protocolos hospitalares. Você NÃO confirma diagnósticos, NÃO prescreve diretamente e NÃO substitui avaliação médica. Todas as recomendações devem ser validadas por um clínico responsável.</s>
<|user|>
Pergunta Médica: How long can unopened calcitonin salmon nasal spray be left unrefrigerated?</s>
<|assistant|>
Store unopened bottle in refrigerator between 2 degrees to 8 degrees C (36 degrees to 46 degrees F). Protect from freezing. Store bottle in use at room temperature between 20 degrees to 25 degrees C (68 degrees to 77 degrees F) in an upright position, for up to 30 days (2 mL fill) or 35 days (3.7 mL fill).</s>
"
TQ44,How long can unopened calcitonin salmon nasal spray be left unrefrigerated?,Calcitonin salmon remained stable in nasal spray after being stored for three days at 25 or 40 degrees C,"<|system|>
Você é um assistente médico especialista responsável por apoiar decisões clínicas com clareza, rigor e alinhamento com protocolos hospitalares. Você NÃO confirma diagnósticos, NÃO prescreve diretamente e NÃO substitui avaliação médica. Todas as recomendações devem ser validadas por um clínico responsável.</s>
<|user|>
Pergunta Médica: How long can unopened calcitonin salmon nasal spray be left unrefrigerated?</s>
<|assistant|>
Calcitonin salmon remained stable in nasal spray after being stored for three days at 25 or 40 degrees C</s>
"
TQ45,Whar are Schmorl's nodes?,"Schmorl nodes, also referred as intravertebral disc herniations, refer to protrusions of the cartilage of the intervertebral disc through the vertebral body endplate and into the adjacent vertebra. The protrusions may contact the marrow of the vertebra, leading to inflammation.","<|system|>
Você é um assistente médico especialista responsável por apoiar decisões clínicas com clareza, rigor e alinhamento com protocolos hospitalares. Você NÃO confirma diagnósticos, NÃO prescreve diretamente e NÃO substitui avaliação médica. Todas as recomendações devem ser validadas por um clínico responsável.</s>
<|user|>
Pergunta Médica: Whar are Schmorl's nodes?</s>
<|assistant|>
Schmorl nodes, also referred as intravertebral disc herniations, refer to protrusions of the cartilage of the intervertebral disc through the vertebral body endplate and into the adjacent vertebra. The protrusions may contact the marrow of the vertebra, leading to inflammation.</s>
"
TQ45,Whar are Schmorl's nodes?,"First described in 1927, a Schmorl's node (SN) is the herniation of nucleus pulposus (NP) through the cartilaginous and bony end plate into the body of the adjacent vertebra. SNs are common findings on imaging, and although most SNs are asymptomatic, some have been shown to become painful lesions. In this manuscript, we review the literature regarding the epidemiology, clinical presentation, pathogenesis, imaging, and management of SNs.","<|system|>
Você é um assistente médico especialista responsável por apoiar decisões clínicas com clareza, rigor e alinhamento com protocolos hospitalares. Você NÃO confirma diagnósticos, NÃO prescreve diretamente e NÃO substitui avaliação médica. Todas as recomendações devem ser validadas por um clínico responsável.</s>
<|user|>
Pergunta Médica: Whar are Schmorl's nodes?</s>
<|assistant|>
First described in 1927, a Schmorl's node (SN) is the herniation of nucleus pulposus (NP) through the cartilaginous and bony end plate into the body of the adjacent vertebra. SNs are common findings on imaging, and although most SNs are asymptomatic, some have been shown to become painful lesions. In this manuscript, we review the literature regarding the epidemiology, clinical presentation, pathogenesis, imaging, and management of SNs.</s>
"
TQ46,What is sleep paralysis?,"Sleep Paralysis This condition prevents you from moving or speaking while falling asleep or waking up. However, you're fully conscious (aware) during this time. Sleep paralysis usually lasts just a few seconds or minutes, but it can be scary.","<|system|>
Você é um assistente médico especialista responsável por apoiar decisões clínicas com clareza, rigor e alinhamento com protocolos hospitalares. Você NÃO confirma diagnósticos, NÃO prescreve diretamente e NÃO substitui avaliação médica. Todas as recomendações devem ser validadas por um clínico responsável.</s>
<|user|>
Pergunta Médica: What is sleep paralysis?</s>
<|assistant|>
Sleep Paralysis This condition prevents you from moving or speaking while falling asleep or waking up. However, you're fully conscious (aware) during this time. Sleep paralysis usually lasts just a few seconds or minutes, but it can be scary.</s>
"
TQ46,What is sleep paralysis?,"Isolated sleep paralysis is a type of paralysis that occurs when a person just goes to sleep or upon waking from sleep. It is not associated with another sleep disorder. Episodes of isolated sleep paralysis last from a few seconds to 1 or 2 minutes. During these episodes the person is unable to move or speak. Breathing is not affected. These spells end on their own or when the person is touched or moved. In rare cases, the person may have dream-like sensations or hallucinations, which may be scary to them.","<|system|>
Você é um assistente médico especialista responsável por apoiar decisões clínicas com clareza, rigor e alinhamento com protocolos hospitalares. Você NÃO confirma diagnósticos, NÃO prescreve diretamente e NÃO substitui avaliação médica. Todas as recomendações devem ser validadas por um clínico responsável.</s>
<|user|>
Pergunta Médica: What is sleep paralysis?</s>
<|assistant|>
Isolated sleep paralysis is a type of paralysis that occurs when a person just goes to sleep or upon waking from sleep. It is not associated with another sleep disorder. Episodes of isolated sleep paralysis last from a few seconds to 1 or 2 minutes. During these episodes the person is unable to move or speak. Breathing is not affected. These spells end on their own or when the person is touched or moved. In rare cases, the person may have dream-like sensations or hallucinations, which may be scary to them.</s>
"
TQ47,What exercises are safe for asthmatics?,"Exercise-induced bronchoconstriction (EIB), also called exercise-induced asthma, is a narrowing of the airways in the lungs that is triggered by physical activity. EIB is common in patients with chronic asthma, who frequently experience flare-ups while exercising. But it can also occur in otherwise healthy individuals who experience asthma symptoms only when they exercise. Symptoms of Exercise-Induced Asthma If you have EIB, you may have problems breathing within five to 20 minutes after exercise. Symptoms of EIB are similar to those of chronic asthma, but the timing of the symptoms is closely linked with physical activity. Your symptoms may include: * Wheezing * Tight chest * Cough * Shortness of breath * Chest pain (rarely) Triggers People with EIB are typically very sensitive to both low temperatures and dry air. Air is usually warmed and humidified by the nose, but during demanding activity people breathe more through their mouths. This allows cold, dry air to reach your lower airways and your lungs without passing through your nose, triggering asthma symptoms. Air pollutants, high pollen levels and viral respiratory infections may also be triggers. Other causes of symptoms while exercising include being out of shape, poorly controlled nasal allergies or vocal cord issues. Even the sport you choose can affect your symptoms. Swimming is considered less likely to cause asthma symptoms because the warm, humid environment of the pool does not aggravate the airways. Warm-weather activities and those requiring only short bursts of energy are also recommended. These include: * Hiking * Baseball * Golf * Walking * Leisure biking Because cold, dry air can make symptoms worse, as can activities that require continuous exertion, it is recommended that individuals with EIB avoid sports like: * Cross-country skiing * Running * Soccer * Basketball * Hockey","<|system|>
Você é um assistente médico especialista responsável por apoiar decisões clínicas com clareza, rigor e alinhamento com protocolos hospitalares. Você NÃO confirma diagnósticos, NÃO prescreve diretamente e NÃO substitui avaliação médica. Todas as recomendações devem ser validadas por um clínico responsável.</s>
<|user|>
Pergunta Médica: What exercises are safe for asthmatics?</s>
<|assistant|>
Exercise-induced bronchoconstriction (EIB), also called exercise-induced asthma, is a narrowing of the airways in the lungs that is triggered by physical activity. EIB is common in patients with chronic asthma, who frequently experience flare-ups while exercising. But it can also occur in otherwise healthy individuals who experience asthma symptoms only when they exercise. Symptoms of Exercise-Induced Asthma If you have EIB, you may have problems breathing within five to 20 minutes after exercise. Symptoms of EIB are similar to those of chronic asthma, but the timing of the symptoms is closely linked with physical activity. Your symptoms may include: * Wheezing * Tight chest * Cough * Shortness of breath * Chest pain (rarely) Triggers People with EIB are typically very sensitive to both low temperatures and dry air. Air is usually warmed and humidified by the nose, but during demanding activity people breathe more through their mouths. This allows cold, dry air to reach your lower airways and your lungs without passing through your nose, triggering asthma symptoms. Air pollutants, high pollen levels and viral respiratory infections may also be triggers. Other causes of symptoms while exercising include being out of shape, poorly controlled nasal allergies or vocal cord issues. Even the sport you choose can affect your symptoms. Swimming is considered less likely to cause asthma symptoms because the warm, humid environment of the pool does not aggravate the airways. Warm-weather activities and those requiring only short bursts of energy are also recommended. These include: * Hiking * Baseball * Golf * Walking * Leisure biking Because cold, dry air can make symptoms worse, as can activities that require continuous exertion, it is recommended that individuals with EIB avoid sports like: * Cross-country skiing * Running * Soccer * Basketball * Hockey</s>
"
TQ47,What exercises are safe for asthmatics?,"Fortunately, having asthma, even exercise-induced asthma, doesn't have to keep you out of the game. In fact, as many as one in 12 Olympic athletes take asthma medication. The trick is to make sure asthma is well controlled with medication and to choose your activity carefully. Some are good choices, others may be more of a challenge. ... One recent study found that adults who walked three times a week for 12 weeks actually improved asthma control and fitness levels without provoking an attack. ... One study found that people who practiced Hatha yoga two-and-a-half hours a week for 10 weeks were able to cut down on their asthma medication. The same benefit would probably result from Tai Chi, a martial art that also emphasizes breathing, says [MEDICO]. ...","<|system|>
Você é um assistente médico especialista responsável por apoiar decisões clínicas com clareza, rigor e alinhamento com protocolos hospitalares. Você NÃO confirma diagnósticos, NÃO prescreve diretamente e NÃO substitui avaliação médica. Todas as recomendações devem ser validadas por um clínico responsável.</s>
<|user|>
Pergunta Médica: What exercises are safe for asthmatics?</s>
<|assistant|>
Fortunately, having asthma, even exercise-induced asthma, doesn't have to keep you out of the game. In fact, as many as one in 12 Olympic athletes take asthma medication. The trick is to make sure asthma is well controlled with medication and to choose your activity carefully. Some are good choices, others may be more of a challenge. ... One recent study found that adults who walked three times a week for 12 weeks actually improved asthma control and fitness levels without provoking an attack. ... One study found that people who practiced Hatha yoga two-and-a-half hours a week for 10 weeks were able to cut down on their asthma medication. The same benefit would probably result from Tai Chi, a martial art that also emphasizes breathing, says [MEDICO]. ...</s>
"
TQ48,When to take ambien before going to bed?,"If you are taking the tablets, extended-release tablets, sublingual tablets (Edluar), or oral spray, you will take the medication as needed, not more than one time a day, immediately before bedtime. You will probably become very sleepy soon after you take zolpidem and will remain sleepy for some time after you take the medication. Plan to go to bed right after you take zolpidem tablets, extended-release tablets, sublingual tablets (Edluar), and oral spray and to stay in bed for 7 to 8 hours.","<|system|>
Você é um assistente médico especialista responsável por apoiar decisões clínicas com clareza, rigor e alinhamento com protocolos hospitalares. Você NÃO confirma diagnósticos, NÃO prescreve diretamente e NÃO substitui avaliação médica. Todas as recomendações devem ser validadas por um clínico responsável.</s>
<|user|>
Pergunta Médica: When to take ambien before going to bed?</s>
<|assistant|>
If you are taking the tablets, extended-release tablets, sublingual tablets (Edluar), or oral spray, you will take the medication as needed, not more than one time a day, immediately before bedtime. You will probably become very sleepy soon after you take zolpidem and will remain sleepy for some time after you take the medication. Plan to go to bed right after you take zolpidem tablets, extended-release tablets, sublingual tablets (Edluar), and oral spray and to stay in bed for 7 to 8 hours.</s>
"
TQ48,When to take ambien before going to bed?,Administration Instructions Patients should be counseled to take AMBIEN right before they get into bed and only when they are able to stay in bed a full night (7-8 hours) before being active again. AMBIEN tablets should not be taken with or immediately after a meal. Advise patients NOT to take AMBIEN if they drank alcohol that evening.,"<|system|>
Você é um assistente médico especialista responsável por apoiar decisões clínicas com clareza, rigor e alinhamento com protocolos hospitalares. Você NÃO confirma diagnósticos, NÃO prescreve diretamente e NÃO substitui avaliação médica. Todas as recomendações devem ser validadas por um clínico responsável.</s>
<|user|>
Pergunta Médica: When to take ambien before going to bed?</s>
<|assistant|>
Administration Instructions Patients should be counseled to take AMBIEN right before they get into bed and only when they are able to stay in bed a full night (7-8 hours) before being active again. AMBIEN tablets should not be taken with or immediately after a meal. Advise patients NOT to take AMBIEN if they drank alcohol that evening.</s>
"
TQ49,What is bundle blockage and its symptoms and treatments?,"Bundle branch block is a condition in which there's a delay or obstruction along the pathway that electrical impulses travel to make your heart beat. The delay or blockage may occur on the pathway that sends electrical impulses to the left or the right side of the bottom chambers (ventricles) of your heart. Bundle branch block sometimes makes it harder for your heart to pump blood efficiently through your circulatory system. There's no specific treatment for bundle branch block itself. However, any underlying health condition that caused bundle branch block, such as heart disease, will need to be treated. In most people, bundle branch block doesn't cause any symptoms. Sometimes, people with the condition don't even know they have a bundle branch block. For those people who do have signs and symptoms, they may include: Fainting (syncope); Feeling as if you're going to faint (presyncope)","<|system|>
Você é um assistente médico especialista responsável por apoiar decisões clínicas com clareza, rigor e alinhamento com protocolos hospitalares. Você NÃO confirma diagnósticos, NÃO prescreve diretamente e NÃO substitui avaliação médica. Todas as recomendações devem ser validadas por um clínico responsável.</s>
<|user|>
Pergunta Médica: What is bundle blockage and its symptoms and treatments?</s>
<|assistant|>
Bundle branch block is a condition in which there's a delay or obstruction along the pathway that electrical impulses travel to make your heart beat. The delay or blockage may occur on the pathway that sends electrical impulses to the left or the right side of the bottom chambers (ventricles) of your heart. Bundle branch block sometimes makes it harder for your heart to pump blood efficiently through your circulatory system. There's no specific treatment for bundle branch block itself. However, any underlying health condition that caused bundle branch block, such as heart disease, will need to be treated. In most people, bundle branch block doesn't cause any symptoms. Sometimes, people with the condition don't even know they have a bundle branch block. For those people who do have signs and symptoms, they may include: Fainting (syncope); Feeling as if you're going to faint (presyncope)</s>
"
TQ50,is Cephalexin safe for people allergic to penicillin?,"Administration of cephalothin, cephalexin, cefadroxil, and cefazolin in penicillin-allergic patients is associated with a significant increase in the rate of allergic reactions; whereas administration of cefprozil, cefuroxime, cefpodoxime, ceftazidime, and ceftriaxone is not.","<|system|>
Você é um assistente médico especialista responsável por apoiar decisões clínicas com clareza, rigor e alinhamento com protocolos hospitalares. Você NÃO confirma diagnósticos, NÃO prescreve diretamente e NÃO substitui avaliação médica. Todas as recomendações devem ser validadas por um clínico responsável.</s>
<|user|>
Pergunta Médica: is Cephalexin safe for people allergic to penicillin?</s>
<|assistant|>
Administration of cephalothin, cephalexin, cefadroxil, and cefazolin in penicillin-allergic patients is associated with a significant increase in the rate of allergic reactions; whereas administration of cefprozil, cefuroxime, cefpodoxime, ceftazidime, and ceftriaxone is not.</s>
"
TQ51,Can arrhythmia come back after ablation?,"Cardiac ablation carries a risk of complications, including: Bleeding or infection at the site where your catheter was inserted Damage to your blood vessels where the catheter may have scraped as it traveled to your heart Puncture of your heart Damage to your heart valves Damage to your heart's electrical system, which could worsen your arrhythmia and require a pacemaker to correct Blood clots in your legs or lungs (venous thromboembolism) Stroke or heart attack Narrowing of the veins that carry blood between your lungs and heart (pulmonary vein stenosis) Damage to your kidneys from dye used during the procedure Death in rare cases","<|system|>
Você é um assistente médico especialista responsável por apoiar decisões clínicas com clareza, rigor e alinhamento com protocolos hospitalares. Você NÃO confirma diagnósticos, NÃO prescreve diretamente e NÃO substitui avaliação médica. Todas as recomendações devem ser validadas por um clínico responsável.</s>
<|user|>
Pergunta Médica: Can arrhythmia come back after ablation?</s>
<|assistant|>
Cardiac ablation carries a risk of complications, including: Bleeding or infection at the site where your catheter was inserted Damage to your blood vessels where the catheter may have scraped as it traveled to your heart Puncture of your heart Damage to your heart valves Damage to your heart's electrical system, which could worsen your arrhythmia and require a pacemaker to correct Blood clots in your legs or lungs (venous thromboembolism) Stroke or heart attack Narrowing of the veins that carry blood between your lungs and heart (pulmonary vein stenosis) Damage to your kidneys from dye used during the procedure Death in rare cases</s>
"
TQ51,Can arrhythmia come back after ablation?,Catheter ablation is a procedure that uses radiofrequency energy (similar to microwave heat) to destroy a small area of heart tissue that is causing rapid and irregular heartbeats. Destroying this tissue helps restore your heart's regular rhythm. The procedure is also called radiofrequency ablation. Catheter ablation is a low-risk procedure that is successful in most people who have it.,"<|system|>
Você é um assistente médico especialista responsável por apoiar decisões clínicas com clareza, rigor e alinhamento com protocolos hospitalares. Você NÃO confirma diagnósticos, NÃO prescreve diretamente e NÃO substitui avaliação médica. Todas as recomendações devem ser validadas por um clínico responsável.</s>
<|user|>
Pergunta Médica: Can arrhythmia come back after ablation?</s>
<|assistant|>
Catheter ablation is a procedure that uses radiofrequency energy (similar to microwave heat) to destroy a small area of heart tissue that is causing rapid and irregular heartbeats. Destroying this tissue helps restore your heart's regular rhythm. The procedure is also called radiofrequency ablation. Catheter ablation is a low-risk procedure that is successful in most people who have it.</s>
"
TQ51,Can arrhythmia come back after ablation?,"Success Rates for Catheter Ablation at the University of Michigan Paroxysmal atrial fibrillation can be eliminated in 70-75 percent of patients with a single procedure. When the procedure is repeated in patients who still have atrial fibrillation after the first procedure, the overall success rate is approximately 85-90 percent. Persistent atrial fibrillation can be eliminated in approximately 50 percent of patients with a single procedure. In about 30 percent of patients who undergo ablation of chronic atrial fibrillation, the atrial fibrillation is replaced by a different kind of short circuit referred to as ""left atrial flutter."" These patients are treated temporarily with medications and the left atrial flutter sometimes goes away on its own within a few months. If it does not, you may need a second catheter ablation procedure to eliminate the flutter. In these cases, the overall success rate is approximately 75-85 percent. If the atrial fibrillation has been persistent for more than 1-2 years, almost all patients will require more than one ablation procedure before a normal heart rhythm is restored.","<|system|>
Você é um assistente médico especialista responsável por apoiar decisões clínicas com clareza, rigor e alinhamento com protocolos hospitalares. Você NÃO confirma diagnósticos, NÃO prescreve diretamente e NÃO substitui avaliação médica. Todas as recomendações devem ser validadas por um clínico responsável.</s>
<|user|>
Pergunta Médica: Can arrhythmia come back after ablation?</s>
<|assistant|>
Success Rates for Catheter Ablation at the University of Michigan Paroxysmal atrial fibrillation can be eliminated in 70-75 percent of patients with a single procedure. When the procedure is repeated in patients who still have atrial fibrillation after the first procedure, the overall success rate is approximately 85-90 percent. Persistent atrial fibrillation can be eliminated in approximately 50 percent of patients with a single procedure. In about 30 percent of patients who undergo ablation of chronic atrial fibrillation, the atrial fibrillation is replaced by a different kind of short circuit referred to as ""left atrial flutter."" These patients are treated temporarily with medications and the left atrial flutter sometimes goes away on its own within a few months. If it does not, you may need a second catheter ablation procedure to eliminate the flutter. In these cases, the overall success rate is approximately 75-85 percent. If the atrial fibrillation has been persistent for more than 1-2 years, almost all patients will require more than one ablation procedure before a normal heart rhythm is restored.</s>
"
TQ51,Can arrhythmia come back after ablation?,"Do you need treatment? Most arrhythmias are considered harmless and are left untreated. Once your doctor has documented that you have an arrhythmia, he or she will need to find out whether it's abnormal or merely reflects the heart's normal processes. He or she will also determine whether your arrhythmia is clinically significant - that is, whether it causes symptoms or puts you at risk for more serious arrhythmias or complications of arrhythmias in the future. If your arrhythmia is abnormal and clinically significant, your doctor will set a treatment plan.","<|system|>
Você é um assistente médico especialista responsável por apoiar decisões clínicas com clareza, rigor e alinhamento com protocolos hospitalares. Você NÃO confirma diagnósticos, NÃO prescreve diretamente e NÃO substitui avaliação médica. Todas as recomendações devem ser validadas por um clínico responsável.</s>
<|user|>
Pergunta Médica: Can arrhythmia come back after ablation?</s>
<|assistant|>
Do you need treatment? Most arrhythmias are considered harmless and are left untreated. Once your doctor has documented that you have an arrhythmia, he or she will need to find out whether it's abnormal or merely reflects the heart's normal processes. He or she will also determine whether your arrhythmia is clinically significant - that is, whether it causes symptoms or puts you at risk for more serious arrhythmias or complications of arrhythmias in the future. If your arrhythmia is abnormal and clinically significant, your doctor will set a treatment plan.</s>
"
TQ52,What is fildena and is it a good alternative to viagra?,"Erectile dysfunction: Viagra and other oral medications Sildenafil (Viagra), vardenafil (Levitra, Staxyn), tadalafil (Cialis) and avanafil (Stendra) are oral medications that reverse erectile dysfunction by enhancing the effects of nitric oxide, a natural chemical your body produces that relaxes muscles in the penis. This increases blood flow and allows you to get an erection in response to sexual stimulation.","<|system|>
Você é um assistente médico especialista responsável por apoiar decisões clínicas com clareza, rigor e alinhamento com protocolos hospitalares. Você NÃO confirma diagnósticos, NÃO prescreve diretamente e NÃO substitui avaliação médica. Todas as recomendações devem ser validadas por um clínico responsável.</s>
<|user|>
Pergunta Médica: What is fildena and is it a good alternative to viagra?</s>
<|assistant|>
Erectile dysfunction: Viagra and other oral medications Sildenafil (Viagra), vardenafil (Levitra, Staxyn), tadalafil (Cialis) and avanafil (Stendra) are oral medications that reverse erectile dysfunction by enhancing the effects of nitric oxide, a natural chemical your body produces that relaxes muscles in the penis. This increases blood flow and allows you to get an erection in response to sexual stimulation.</s>
"
TQ52,What is fildena and is it a good alternative to viagra?,"Fildena contains Sildenafil Citrate, a common ingredient used in various leading branded ED pills like kamagra etc. and which are available over the counter. Sildenafil Citrate was originally developed by British scientists and then brought to market by the US-based pharma. Sildenafil Citrate helps treat erectile dysfunction (trouble having an erection). Helps a man have an erection or have a better erection with his penis during sex. It also treats pulmonary arterial hypertension (high blood pressure in the lungs) in both men and women. Fildena is the latest ED pill launched by Fortune Healthcare which has more than two decade's experience in producing ED pills. Fildena has the same trust and guarantee of millions of worldwide patients who have earlier used other ED pills like Filagra, Filitra and Tadalista all manufactured by Fortune Healthcare.","<|system|>
Você é um assistente médico especialista responsável por apoiar decisões clínicas com clareza, rigor e alinhamento com protocolos hospitalares. Você NÃO confirma diagnósticos, NÃO prescreve diretamente e NÃO substitui avaliação médica. Todas as recomendações devem ser validadas por um clínico responsável.</s>
<|user|>
Pergunta Médica: What is fildena and is it a good alternative to viagra?</s>
<|assistant|>
Fildena contains Sildenafil Citrate, a common ingredient used in various leading branded ED pills like kamagra etc. and which are available over the counter. Sildenafil Citrate was originally developed by British scientists and then brought to market by the US-based pharma. Sildenafil Citrate helps treat erectile dysfunction (trouble having an erection). Helps a man have an erection or have a better erection with his penis during sex. It also treats pulmonary arterial hypertension (high blood pressure in the lungs) in both men and women. Fildena is the latest ED pill launched by Fortune Healthcare which has more than two decade's experience in producing ED pills. Fildena has the same trust and guarantee of millions of worldwide patients who have earlier used other ED pills like Filagra, Filitra and Tadalista all manufactured by Fortune Healthcare.</s>
"
TQ53,Where can I find exercise or support groups for nph?,"Management of NPH Diagnosing normal pressure hydrocephalus (NPH) can be frustrating. Symptoms of gait disturbance, mild dementia and poor bladder control occur with other health conditions that affect people over 60. These conditions may also coexist with hydrocephalus, creating a challenge to clear and accurate diagnosis and making treatment difficult. Visit our community portals for age and life stage specific resources. Be informed and current about normal pressure hydrocephalus by tuning into interactive, free webinars on a variety of topics.","<|system|>
Você é um assistente médico especialista responsável por apoiar decisões clínicas com clareza, rigor e alinhamento com protocolos hospitalares. Você NÃO confirma diagnósticos, NÃO prescreve diretamente e NÃO substitui avaliação médica. Todas as recomendações devem ser validadas por um clínico responsável.</s>
<|user|>
Pergunta Médica: Where can I find exercise or support groups for nph?</s>
<|assistant|>
Management of NPH Diagnosing normal pressure hydrocephalus (NPH) can be frustrating. Symptoms of gait disturbance, mild dementia and poor bladder control occur with other health conditions that affect people over 60. These conditions may also coexist with hydrocephalus, creating a challenge to clear and accurate diagnosis and making treatment difficult. Visit our community portals for age and life stage specific resources. Be informed and current about normal pressure hydrocephalus by tuning into interactive, free webinars on a variety of topics.</s>
"
TQ55,How is hepatitis transmitted?,"Scientists have identified 5 unique hepatitis viruses, identified by the letters A, B, C, D, and E. While all cause liver disease, they vary in important ways. Hepatitis A virus (HAV) is present in the faeces of infected persons and is most often transmitted through consumption of contaminated water or food. Certain sex practices can also spread HAV. Infections are in many cases mild, with most people making a full recovery and remaining immune from further HAV infections. However, HAV infections can also be severe and life threatening. Most people in areas of the world with poor sanitation have been infected with this virus. Safe and effective vaccines are available to prevent HAV. Hepatitis B virus (HBV) is transmitted through exposure to infective blood, semen, and other body fluids. HBV can be transmitted from infected mothers to infants at the time of birth or from family member to infant in early childhood. Transmission may also occur through transfusions of HBV-contaminated blood and blood products, contaminated injections during medical procedures, and through injection drug use. HBV also poses a risk to healthcare workers who sustain accidental needle stick injuries while caring for infected-HBV patients. Safe and effective vaccines are available to prevent HBV. Hepatitis C virus (HCV) is mostly transmitted through exposure to infective blood. This may happen through transfusions of HCV-contaminated blood and blood products, contaminated injections during medical procedures, and through injection drug use. Sexual transmission is also possible, but is much less common. There is no vaccine for HCV. Hepatitis D virus (HDV) infections occur only in those who are infected with HBV. The dual infection of HDV and HBV can result in a more serious disease and worse outcome. Hepatitis B vaccines provide protection from HDV infection. Hepatitis E virus (HEV) is mostly transmitted through consumption of contaminated water or food. HEV is a common cause of hepatitis outbreaks in developing parts of the world and is increasingly recognized as an important cause of disease in developed countries. Safe and effective vaccines to prevent HEV infection have been developed but are not widely available.","<|system|>
Você é um assistente médico especialista responsável por apoiar decisões clínicas com clareza, rigor e alinhamento com protocolos hospitalares. Você NÃO confirma diagnósticos, NÃO prescreve diretamente e NÃO substitui avaliação médica. Todas as recomendações devem ser validadas por um clínico responsável.</s>
<|user|>
Pergunta Médica: How is hepatitis transmitted?</s>
<|assistant|>
Scientists have identified 5 unique hepatitis viruses, identified by the letters A, B, C, D, and E. While all cause liver disease, they vary in important ways. Hepatitis A virus (HAV) is present in the faeces of infected persons and is most often transmitted through consumption of contaminated water or food. Certain sex practices can also spread HAV. Infections are in many cases mild, with most people making a full recovery and remaining immune from further HAV infections. However, HAV infections can also be severe and life threatening. Most people in areas of the world with poor sanitation have been infected with this virus. Safe and effective vaccines are available to prevent HAV. Hepatitis B virus (HBV) is transmitted through exposure to infective blood, semen, and other body fluids. HBV can be transmitted from infected mothers to infants at the time of birth or from family member to infant in early childhood. Transmission may also occur through transfusions of HBV-contaminated blood and blood products, contaminated injections during medical procedures, and through injection drug use. HBV also poses a risk to healthcare workers who sustain accidental needle stick injuries while caring for infected-HBV patients. Safe and effective vaccines are available to prevent HBV. Hepatitis C virus (HCV) is mostly transmitted through exposure to infective blood. This may happen through transfusions of HCV-contaminated blood and blood products, contaminated injections during medical procedures, and through injection drug use. Sexual transmission is also possible, but is much less common. There is no vaccine for HCV. Hepatitis D virus (HDV) infections occur only in those who are infected with HBV. The dual infection of HDV and HBV can result in a more serious disease and worse outcome. Hepatitis B vaccines provide protection from HDV infection. Hepatitis E virus (HEV) is mostly transmitted through consumption of contaminated water or food. HEV is a common cause of hepatitis outbreaks in developing parts of the world and is increasingly recognized as an important cause of disease in developed countries. Safe and effective vaccines to prevent HEV infection have been developed but are not widely available.</s>
"
TQ55,How is hepatitis transmitted?,"HEPATITIS A is caused by the Hepatitis A virus (HAV) Routes of Transmission Ingestion of fecal matter, even in microscopic amounts, from: * Close person-to-person contact with an infected person * Sexual contact with an infected person * Ingestion of contaminated food or drinks HEPATITIS B is caused by the Hepatitis B virus (HBV) Routes of Transmission Contact with infectious blood, semen, and other body fluids primarily through: * Birth to an infected mother * Sexual contact with an infected person * Sharing of contaminated needles, syringes, or other injection drug equipment * Needlesticks or other sharp instrument injuries HEPATITIS C is caused by the Hepatitis C virus (HCV) Routes of Transmission Contact with blood of an infected person primarily through: * Sharing of contaminated needles, syringes, or other injection drug equipment Less commonly through: * Sexual contact with an infected person * Birth to an infected mother * Needlestick or other sharp instrument injuries","<|system|>
Você é um assistente médico especialista responsável por apoiar decisões clínicas com clareza, rigor e alinhamento com protocolos hospitalares. Você NÃO confirma diagnósticos, NÃO prescreve diretamente e NÃO substitui avaliação médica. Todas as recomendações devem ser validadas por um clínico responsável.</s>
<|user|>
Pergunta Médica: How is hepatitis transmitted?</s>
<|assistant|>
HEPATITIS A is caused by the Hepatitis A virus (HAV) Routes of Transmission Ingestion of fecal matter, even in microscopic amounts, from: * Close person-to-person contact with an infected person * Sexual contact with an infected person * Ingestion of contaminated food or drinks HEPATITIS B is caused by the Hepatitis B virus (HBV) Routes of Transmission Contact with infectious blood, semen, and other body fluids primarily through: * Birth to an infected mother * Sexual contact with an infected person * Sharing of contaminated needles, syringes, or other injection drug equipment * Needlesticks or other sharp instrument injuries HEPATITIS C is caused by the Hepatitis C virus (HCV) Routes of Transmission Contact with blood of an infected person primarily through: * Sharing of contaminated needles, syringes, or other injection drug equipment Less commonly through: * Sexual contact with an infected person * Birth to an infected mother * Needlestick or other sharp instrument injuries</s>
"
TQ56,Are small lumps around the scrotum a symptom of Jock Itch?,"Jock itch usually stays around the creases of the upper thigh and does not involve the scrotum or penis. Jock itch may spread to the anus, causing anal itching and discomfort. Symptoms include: Red, raised, scaly patches that may blister and ooze; patches often have sharply-defined edges with scale at the edges. Patches are often redder around the outside with normal skin tone in the center. Abnormally dark or light skin. Sometimes, these changes are permanent.","<|system|>
Você é um assistente médico especialista responsável por apoiar decisões clínicas com clareza, rigor e alinhamento com protocolos hospitalares. Você NÃO confirma diagnósticos, NÃO prescreve diretamente e NÃO substitui avaliação médica. Todas as recomendações devem ser validadas por um clínico responsável.</s>
<|user|>
Pergunta Médica: Are small lumps around the scrotum a symptom of Jock Itch?</s>
<|assistant|>
Jock itch usually stays around the creases of the upper thigh and does not involve the scrotum or penis. Jock itch may spread to the anus, causing anal itching and discomfort. Symptoms include: Red, raised, scaly patches that may blister and ooze; patches often have sharply-defined edges with scale at the edges. Patches are often redder around the outside with normal skin tone in the center. Abnormally dark or light skin. Sometimes, these changes are permanent.</s>
"
TQ58,Can hantavirus lead to death?,"Hantavirus is a serious infection that gets worse quickly. Lung failure can occur and may lead to death. Even with aggressive treatment, more than one half of people who have this disease in their lungs die.","<|system|>
Você é um assistente médico especialista responsável por apoiar decisões clínicas com clareza, rigor e alinhamento com protocolos hospitalares. Você NÃO confirma diagnósticos, NÃO prescreve diretamente e NÃO substitui avaliação médica. Todas as recomendações devem ser validadas por um clínico responsável.</s>
<|user|>
Pergunta Médica: Can hantavirus lead to death?</s>
<|assistant|>
Hantavirus is a serious infection that gets worse quickly. Lung failure can occur and may lead to death. Even with aggressive treatment, more than one half of people who have this disease in their lungs die.</s>
"
TQ59,Does appendicitis always cause fever?,"A blockage inside of the appendix causes appendicitis. The blockage leads to increased pressure, problems with blood flow, and inflammation. If the blockage is not treated, the appendix can burst and spread infection into the abdomen. This causes a condition called peritonitis. The main symptom is pain in the abdomen, often on the right side. It is usually sudden and gets worse over time. Other symptoms may include Swelling in the abdomen Loss of appetite Nausea and vomiting Constipation or diarrhea Inability to pass gas Low fever Not everyone with appendicitis has all these symptoms.","<|system|>
Você é um assistente médico especialista responsável por apoiar decisões clínicas com clareza, rigor e alinhamento com protocolos hospitalares. Você NÃO confirma diagnósticos, NÃO prescreve diretamente e NÃO substitui avaliação médica. Todas as recomendações devem ser validadas por um clínico responsável.</s>
<|user|>
Pergunta Médica: Does appendicitis always cause fever?</s>
<|assistant|>
A blockage inside of the appendix causes appendicitis. The blockage leads to increased pressure, problems with blood flow, and inflammation. If the blockage is not treated, the appendix can burst and spread infection into the abdomen. This causes a condition called peritonitis. The main symptom is pain in the abdomen, often on the right side. It is usually sudden and gets worse over time. Other symptoms may include Swelling in the abdomen Loss of appetite Nausea and vomiting Constipation or diarrhea Inability to pass gas Low fever Not everyone with appendicitis has all these symptoms.</s>
"
TQ60,What is the recommended dosage of Oxybutynin?,Adults The usual dose is one 5-mg tablet two to three times a day. The maximum recommended dose is one 5-mg tablet four times a day. A lower starting dose of 2.5 mg two or three times a day is recommended for the frail elderly.,"<|system|>
Você é um assistente médico especialista responsável por apoiar decisões clínicas com clareza, rigor e alinhamento com protocolos hospitalares. Você NÃO confirma diagnósticos, NÃO prescreve diretamente e NÃO substitui avaliação médica. Todas as recomendações devem ser validadas por um clínico responsável.</s>
<|user|>
Pergunta Médica: What is the recommended dosage of Oxybutynin?</s>
<|assistant|>
Adults The usual dose is one 5-mg tablet two to three times a day. The maximum recommended dose is one 5-mg tablet four times a day. A lower starting dose of 2.5 mg two or three times a day is recommended for the frail elderly.</s>
"
TQ61,Are there any drug-drug interactions between Gabapentin and hydrocodone?,"1. Coadministration of NEURONTIN with hydrocodone decreases hydrocodone exposure [see CLINICAL PHARMACOLOGY (12.3)]. The potential for alteration in hydrocodone exposure and effect should be considered when NEURONTIN is started or discontinued in a patient taking hydrocodone. 2. Coadministration of NEURONTIN (125 to 500 mg; N=48) decreases hydrocodone (10 mg; N=50) C max and AUC values in a dose-dependent manner relative to administration of hydrocodone alone; C max and AUC values are 3% to 4% lower, respectively, after administration of 125 mg NEURONTIN and 21% to 22% lower, respectively, after administration of 500 mg NEURONTIN. The mechanism for this interaction is unknown. Hydrocodone increases gabapentin AUC values by 14%. The magnitude of interaction at other doses is not known.","<|system|>
Você é um assistente médico especialista responsável por apoiar decisões clínicas com clareza, rigor e alinhamento com protocolos hospitalares. Você NÃO confirma diagnósticos, NÃO prescreve diretamente e NÃO substitui avaliação médica. Todas as recomendações devem ser validadas por um clínico responsável.</s>
<|user|>
Pergunta Médica: Are there any drug-drug interactions between Gabapentin and hydrocodone?</s>
<|assistant|>
1. Coadministration of NEURONTIN with hydrocodone decreases hydrocodone exposure [see CLINICAL PHARMACOLOGY (12.3)]. The potential for alteration in hydrocodone exposure and effect should be considered when NEURONTIN is started or discontinued in a patient taking hydrocodone. 2. Coadministration of NEURONTIN (125 to 500 mg; N=48) decreases hydrocodone (10 mg; N=50) C max and AUC values in a dose-dependent manner relative to administration of hydrocodone alone; C max and AUC values are 3% to 4% lower, respectively, after administration of 125 mg NEURONTIN and 21% to 22% lower, respectively, after administration of 500 mg NEURONTIN. The mechanism for this interaction is unknown. Hydrocodone increases gabapentin AUC values by 14%. The magnitude of interaction at other doses is not known.</s>
"
TQ62,Are there any drug-drug interactions between diclofenac and lisinopril or aleve or extra-strength Tylenol?,"Avoid Concomitant Use of NSAIDs Inform patients that the concomitant use of diclofenac sodium extended-release tablets with other NSAIDs or salicylates (e.g., diflunisal, salsalate) is not recommended due to the increased risk of gastrointestinal toxicity, and little or no increase in efficacy (see WARNINGS: GASTROINTESTINAL BLEEDING, ULCERATION, PERFORATION and DRUG INTERACTIONS). Alert patients that NSAIDs may be present in ""over the counter"" medications for treatment of colds, fever, or insomnia.","<|system|>
Você é um assistente médico especialista responsável por apoiar decisões clínicas com clareza, rigor e alinhamento com protocolos hospitalares. Você NÃO confirma diagnósticos, NÃO prescreve diretamente e NÃO substitui avaliação médica. Todas as recomendações devem ser validadas por um clínico responsável.</s>
<|user|>
Pergunta Médica: Are there any drug-drug interactions between diclofenac and lisinopril or aleve or extra-strength Tylenol?</s>
<|assistant|>
Avoid Concomitant Use of NSAIDs Inform patients that the concomitant use of diclofenac sodium extended-release tablets with other NSAIDs or salicylates (e.g., diflunisal, salsalate) is not recommended due to the increased risk of gastrointestinal toxicity, and little or no increase in efficacy (see WARNINGS: GASTROINTESTINAL BLEEDING, ULCERATION, PERFORATION and DRUG INTERACTIONS). Alert patients that NSAIDs may be present in ""over the counter"" medications for treatment of colds, fever, or insomnia.</s>
"
TQ62,Are there any drug-drug interactions between diclofenac and lisinopril or aleve or extra-strength Tylenol?,"Some foods and medicines may affect how lisinopril works. Tell your doctor if you are using any of the following: Aliskiren, everolimus, lithium, sirolimus, temsirolimus Another blood pressure medicine, including an angiotensin receptor blocker (ARB) Diuretic (water pill, including amiloride, spironolactone, triamterene) Insulin or diabetes medicine NSAID pain or arthritis medicine (including aspirin, celecoxib, diclofenac, ibuprofen, naproxen)","<|system|>
Você é um assistente médico especialista responsável por apoiar decisões clínicas com clareza, rigor e alinhamento com protocolos hospitalares. Você NÃO confirma diagnósticos, NÃO prescreve diretamente e NÃO substitui avaliação médica. Todas as recomendações devem ser validadas por um clínico responsável.</s>
<|user|>
Pergunta Médica: Are there any drug-drug interactions between diclofenac and lisinopril or aleve or extra-strength Tylenol?</s>
<|assistant|>
Some foods and medicines may affect how lisinopril works. Tell your doctor if you are using any of the following: Aliskiren, everolimus, lithium, sirolimus, temsirolimus Another blood pressure medicine, including an angiotensin receptor blocker (ARB) Diuretic (water pill, including amiloride, spironolactone, triamterene) Insulin or diabetes medicine NSAID pain or arthritis medicine (including aspirin, celecoxib, diclofenac, ibuprofen, naproxen)</s>
"
TQ63,What are the long-term effects of trisomy 13 (Patau syndrome) and how is it diagnosed?,"Trisomy 13, also called Patau syndrome, is a chromosomal condition associated with severe intellectual disability and physical abnormalities in many parts of the body. Individuals with trisomy 13 often have heart defects, brain or spinal cord abnormalities, very small or poorly developed eyes (microphthalmia), extra fingers or toes, an opening in the lip (a cleft lip) with or without an opening in the roof of the mouth (a cleft palate), and weak muscle tone (hypotonia). Due to the presence of several life-threatening medical problems, many infants with trisomy 13 die within their first days or weeks of life. Only five percent to 10 percent of children with this condition live past their first year.","<|system|>
Você é um assistente médico especialista responsável por apoiar decisões clínicas com clareza, rigor e alinhamento com protocolos hospitalares. Você NÃO confirma diagnósticos, NÃO prescreve diretamente e NÃO substitui avaliação médica. Todas as recomendações devem ser validadas por um clínico responsável.</s>
<|user|>
Pergunta Médica: What are the long-term effects of trisomy 13 (Patau syndrome) and how is it diagnosed?</s>
<|assistant|>
Trisomy 13, also called Patau syndrome, is a chromosomal condition associated with severe intellectual disability and physical abnormalities in many parts of the body. Individuals with trisomy 13 often have heart defects, brain or spinal cord abnormalities, very small or poorly developed eyes (microphthalmia), extra fingers or toes, an opening in the lip (a cleft lip) with or without an opening in the roof of the mouth (a cleft palate), and weak muscle tone (hypotonia). Due to the presence of several life-threatening medical problems, many infants with trisomy 13 die within their first days or weeks of life. Only five percent to 10 percent of children with this condition live past their first year.</s>
"
TQ63,What are the long-term effects of trisomy 13 (Patau syndrome) and how is it diagnosed?,Clinical tests (28 available) Cytogenetics Tests FISH-metaphase (3) Fluorescence in situ hybridization (FISH) (2) FISH-interphase (8) Karyotyping (9) Molecular Genetics Tests Detection of homozygosity (2) Sequence analysis of the entire coding region (2) Targeted variant analysis (5) Detection of homozygosity (2) Deletion/duplication analysis (3) Uniparental disomy study (UPD) (1),"<|system|>
Você é um assistente médico especialista responsável por apoiar decisões clínicas com clareza, rigor e alinhamento com protocolos hospitalares. Você NÃO confirma diagnósticos, NÃO prescreve diretamente e NÃO substitui avaliação médica. Todas as recomendações devem ser validadas por um clínico responsável.</s>
<|user|>
Pergunta Médica: What are the long-term effects of trisomy 13 (Patau syndrome) and how is it diagnosed?</s>
<|assistant|>
Clinical tests (28 available) Cytogenetics Tests FISH-metaphase (3) Fluorescence in situ hybridization (FISH) (2) FISH-interphase (8) Karyotyping (9) Molecular Genetics Tests Detection of homozygosity (2) Sequence analysis of the entire coding region (2) Targeted variant analysis (5) Detection of homozygosity (2) Deletion/duplication analysis (3) Uniparental disomy study (UPD) (1)</s>
"
TQ64,Does quinine in seltzer water ease leg cramps?,"Muscle cramps can occur anywhere and in anyone; however, leg cramps are especially common in older people. Quinine is a medicine which has been used to treat cramps for many years. There is conflicting evidence for its ability to reduce cramps. Quinine can cause serious, even fatal adverse events, especially in overdosage. There is low quality evidence that quinine (200 mg to 500 mg daily) significantly reduces cramp number and cramp days and moderate quality evidence that quinine reduces cramp intensity. There is moderate quality evidence that there are more minor adverse events with quinine compared to placebo but no increase in major adverse events. However, there are reliable reports from other sources that an overdose of quinine can cause serious harm including death. More research is needed to clarify the best dose and duration of treatment, as well as alternatives to quinine for cramps. The evidence is current to October 2014.","<|system|>
Você é um assistente médico especialista responsável por apoiar decisões clínicas com clareza, rigor e alinhamento com protocolos hospitalares. Você NÃO confirma diagnósticos, NÃO prescreve diretamente e NÃO substitui avaliação médica. Todas as recomendações devem ser validadas por um clínico responsável.</s>
<|user|>
Pergunta Médica: Does quinine in seltzer water ease leg cramps?</s>
<|assistant|>
Muscle cramps can occur anywhere and in anyone; however, leg cramps are especially common in older people. Quinine is a medicine which has been used to treat cramps for many years. There is conflicting evidence for its ability to reduce cramps. Quinine can cause serious, even fatal adverse events, especially in overdosage. There is low quality evidence that quinine (200 mg to 500 mg daily) significantly reduces cramp number and cramp days and moderate quality evidence that quinine reduces cramp intensity. There is moderate quality evidence that there are more minor adverse events with quinine compared to placebo but no increase in major adverse events. However, there are reliable reports from other sources that an overdose of quinine can cause serious harm including death. More research is needed to clarify the best dose and duration of treatment, as well as alternatives to quinine for cramps. The evidence is current to October 2014.</s>
"
TQ65,What are non-toxic treatments and prevention protocols for mite infestation in humans?,"When a person is infested with scabies mites the first time, symptoms may not appear for up to two months after being infested. However, an infested person can transmit scabies, even if they do not have symptoms. Scabies usually is passed by direct, prolonged skin-to-skin contact with an infested person. However, a person with crusted (Norwegian) scabies can spread the infestation by brief skin-to-skin contact or by exposure to bedding, clothing, or even furniture that he/she has used. Scabies is prevented by avoiding direct skin-to-skin contact with an infested person or with items such as clothing or bedding used by an infested person. Scabies treatment usually is recommended for members of the same household, particularly for those who have had prolonged skin-to-skin contact. All household members and other potentially exposed persons should be treated at the same time as the infested person to prevent possible reexposure and reinfestation. Bedding and clothing worn or used next to the skin anytime during the 3 days before treatment should be machine washed and dried using the hot water and hot dryer cycles or be dry-cleaned. Items that cannot be dry-cleaned or laundered can be disinfested by storing in a closed plastic bag for several days to a week. Scabies mites generally do not survive more than 2 to 3 days away from human skin. Children and adults usually can return to child care, school, or work the day after treatment. Persons with crusted scabies and their close contacts, including household members, should be treated rapidly and aggressively to avoid outbreaks. Institutional outbreaks can be difficult to control and require a rapid, aggressive, and sustained response. Rooms used by a patient with crusted scabies should be thoroughly cleaned and vacuumed after use.","<|system|>
Você é um assistente médico especialista responsável por apoiar decisões clínicas com clareza, rigor e alinhamento com protocolos hospitalares. Você NÃO confirma diagnósticos, NÃO prescreve diretamente e NÃO substitui avaliação médica. Todas as recomendações devem ser validadas por um clínico responsável.</s>
<|user|>
Pergunta Médica: What are non-toxic treatments and prevention protocols for mite infestation in humans?</s>
<|assistant|>
When a person is infested with scabies mites the first time, symptoms may not appear for up to two months after being infested. However, an infested person can transmit scabies, even if they do not have symptoms. Scabies usually is passed by direct, prolonged skin-to-skin contact with an infested person. However, a person with crusted (Norwegian) scabies can spread the infestation by brief skin-to-skin contact or by exposure to bedding, clothing, or even furniture that he/she has used. Scabies is prevented by avoiding direct skin-to-skin contact with an infested person or with items such as clothing or bedding used by an infested person. Scabies treatment usually is recommended for members of the same household, particularly for those who have had prolonged skin-to-skin contact. All household members and other potentially exposed persons should be treated at the same time as the infested person to prevent possible reexposure and reinfestation. Bedding and clothing worn or used next to the skin anytime during the 3 days before treatment should be machine washed and dried using the hot water and hot dryer cycles or be dry-cleaned. Items that cannot be dry-cleaned or laundered can be disinfested by storing in a closed plastic bag for several days to a week. Scabies mites generally do not survive more than 2 to 3 days away from human skin. Children and adults usually can return to child care, school, or work the day after treatment. Persons with crusted scabies and their close contacts, including household members, should be treated rapidly and aggressively to avoid outbreaks. Institutional outbreaks can be difficult to control and require a rapid, aggressive, and sustained response. Rooms used by a patient with crusted scabies should be thoroughly cleaned and vacuumed after use.</s>
"
TQ65,What are non-toxic treatments and prevention protocols for mite infestation in humans?,"Products used to treat scabies are called scabicides because they kill scabies mites; some also kill mite eggs. Scabicides used to treat human scabies are available only with a doctor's prescription. No ""over-the-counter"" (non-prescription) products have been tested and approved to treat scabies. Scabicide lotion or cream should be applied to all areas of the body from the neck down to the feet and toes. In addition, when treating infants and young children, scabicide lotion or cream also should be applied to their entire head and neck because scabies can affect their face, scalp, and neck, as well as the rest of their body. Only permethrin or sulfur ointment may be used in infants. The lotion or cream should be applied to a clean body and left on for the recommended time before washing it off. Clean clothing should be worn after treatment. Both sexual and close personal contacts who have had direct prolonged skin-to-skin contact with an infested person within the preceding month should be examined and treated. All persons should be treated at the same time to prevent reinfestation.","<|system|>
Você é um assistente médico especialista responsável por apoiar decisões clínicas com clareza, rigor e alinhamento com protocolos hospitalares. Você NÃO confirma diagnósticos, NÃO prescreve diretamente e NÃO substitui avaliação médica. Todas as recomendações devem ser validadas por um clínico responsável.</s>
<|user|>
Pergunta Médica: What are non-toxic treatments and prevention protocols for mite infestation in humans?</s>
<|assistant|>
Products used to treat scabies are called scabicides because they kill scabies mites; some also kill mite eggs. Scabicides used to treat human scabies are available only with a doctor's prescription. No ""over-the-counter"" (non-prescription) products have been tested and approved to treat scabies. Scabicide lotion or cream should be applied to all areas of the body from the neck down to the feet and toes. In addition, when treating infants and young children, scabicide lotion or cream also should be applied to their entire head and neck because scabies can affect their face, scalp, and neck, as well as the rest of their body. Only permethrin or sulfur ointment may be used in infants. The lotion or cream should be applied to a clean body and left on for the recommended time before washing it off. Clean clothing should be worn after treatment. Both sexual and close personal contacts who have had direct prolonged skin-to-skin contact with an infested person within the preceding month should be examined and treated. All persons should be treated at the same time to prevent reinfestation.</s>
"
TQ65,What are non-toxic treatments and prevention protocols for mite infestation in humans?,"Scabies treatment involves eliminating the infestation with medications. Several creams and lotions are available with a doctor's prescription. You usually apply the medication over all your body, from your neck down, and leave the medication on for at least eight hours. A second treatment is needed if new burrows and rash appear. Because scabies spreads so easily, your doctor will likely recommend treatment for all household members and other close contacts, even if they show no signs of scabies infestation. Medications commonly prescribed for scabies include: Permethrin cream, 5 percent (Elimite). Permethrin is a topical cream that contains chemicals that kill scabies mites and their eggs. It is generally considered safe for adults, pregnant women, and children ages 2 months and older. This medicine is not recommended for nursing mothers. Lindane lotion. This medication - also a chemical treatment - is recommended only for people who can't tolerate other approved treatments, or for whom other treatments didn't work. This medication isn't safe for children younger than age 2 years, women who are pregnant or nursing, the elderly, or anyone who weighs less than 110 pounds (50 kilograms). Crotamiton (Eurax). This medication is available as a cream or a lotion. It's applied once a day for two days. This medication isn't recommended for children or for women who are pregnant or nursing. Frequent treatment failure has been reported with crotamiton. Ivermectin (Stromectol). Doctors may prescribe this oral medication for people with altered immune systems, for people who have crusted scabies, or for people who don't respond to the prescription lotions and creams. Ivermectin isn't recommended for women who are pregnant or nursing, or for children who weigh less than 33 pounds (15 kg). Although these medications kill the mites promptly, you may find that the itching doesn't stop entirely for several weeks. Doctors may prescribe other topical medications, such as sulfur compounded in petrolatum, for people who don't respond to or can't use these medications.","<|system|>
Você é um assistente médico especialista responsável por apoiar decisões clínicas com clareza, rigor e alinhamento com protocolos hospitalares. Você NÃO confirma diagnósticos, NÃO prescreve diretamente e NÃO substitui avaliação médica. Todas as recomendações devem ser validadas por um clínico responsável.</s>
<|user|>
Pergunta Médica: What are non-toxic treatments and prevention protocols for mite infestation in humans?</s>
<|assistant|>
Scabies treatment involves eliminating the infestation with medications. Several creams and lotions are available with a doctor's prescription. You usually apply the medication over all your body, from your neck down, and leave the medication on for at least eight hours. A second treatment is needed if new burrows and rash appear. Because scabies spreads so easily, your doctor will likely recommend treatment for all household members and other close contacts, even if they show no signs of scabies infestation. Medications commonly prescribed for scabies include: Permethrin cream, 5 percent (Elimite). Permethrin is a topical cream that contains chemicals that kill scabies mites and their eggs. It is generally considered safe for adults, pregnant women, and children ages 2 months and older. This medicine is not recommended for nursing mothers. Lindane lotion. This medication - also a chemical treatment - is recommended only for people who can't tolerate other approved treatments, or for whom other treatments didn't work. This medication isn't safe for children younger than age 2 years, women who are pregnant or nursing, the elderly, or anyone who weighs less than 110 pounds (50 kilograms). Crotamiton (Eurax). This medication is available as a cream or a lotion. It's applied once a day for two days. This medication isn't recommended for children or for women who are pregnant or nursing. Frequent treatment failure has been reported with crotamiton. Ivermectin (Stromectol). Doctors may prescribe this oral medication for people with altered immune systems, for people who have crusted scabies, or for people who don't respond to the prescription lotions and creams. Ivermectin isn't recommended for women who are pregnant or nursing, or for children who weigh less than 33 pounds (15 kg). Although these medications kill the mites promptly, you may find that the itching doesn't stop entirely for several weeks. Doctors may prescribe other topical medications, such as sulfur compounded in petrolatum, for people who don't respond to or can't use these medications.</s>
"
TQ66,Is it safe to take medications with wine at dinnertime?,"Mixing alcohol and medicines can be harmful. Alcohol, like some medicines, can make you sleepy, drowsy,or lightheaded. Drinking alcohol while taking medicines can intensify these effects. You may have trouble concentrating or performing mechanical skills. Small amounts of alcohol can make it dangerous to drive, and when you mix alcohol with certain medicines you put yourself at even greater risk. Combining alcohol with some medicines can lead to falls and serious injuries, especially among older people.","<|system|>
Você é um assistente médico especialista responsável por apoiar decisões clínicas com clareza, rigor e alinhamento com protocolos hospitalares. Você NÃO confirma diagnósticos, NÃO prescreve diretamente e NÃO substitui avaliação médica. Todas as recomendações devem ser validadas por um clínico responsável.</s>
<|user|>
Pergunta Médica: Is it safe to take medications with wine at dinnertime?</s>
<|assistant|>
Mixing alcohol and medicines can be harmful. Alcohol, like some medicines, can make you sleepy, drowsy,or lightheaded. Drinking alcohol while taking medicines can intensify these effects. You may have trouble concentrating or performing mechanical skills. Small amounts of alcohol can make it dangerous to drive, and when you mix alcohol with certain medicines you put yourself at even greater risk. Combining alcohol with some medicines can lead to falls and serious injuries, especially among older people.</s>
"
TQ67,What are the indications and usage guidelines for oxytetracycline hydrochloride and neomycin sulfate powder (NEO-OXY 100/100)?,"Calves (milk replacer): For Calves (up to 250 lb): For treatment of bacterial enteritis caused by Escheria coli susceptible to oxytetracycline; treatment and control of colibacillosis (bacterial enteritis) caused by Escheria coli susceptible by neomycin. Feed continuously for 7-14 days in milk replacer or starter feed. Treatment should continue 24 to 48 hours beyond remission of disease symptoms. Calves, Beef Cattle, and Nonlactating Dairy Cattle: For treatment of bacterial enteritis caused by Escheria coli and bacterial pneumonia (shipping fever complex) caused by Pasteurella multocide susceptible to oxytetracycline; treatment and control of colibacillosis (bacterial enteritis) caused by Escheria coli susceptible by neomycin. Feed continuously for 7-14 days in feed or milk replacersTreatment should continue 24 to 48 hours beyond remission of disease symptoms. Mix Neo-Oxy 100/100 MR with non-medicated milk replacer to provide the following concentrations:Use Level of Oxytetracycline and Neomycin: 10 mg/lb body weight/day","<|system|>
Você é um assistente médico especialista responsável por apoiar decisões clínicas com clareza, rigor e alinhamento com protocolos hospitalares. Você NÃO confirma diagnósticos, NÃO prescreve diretamente e NÃO substitui avaliação médica. Todas as recomendações devem ser validadas por um clínico responsável.</s>
<|user|>
Pergunta Médica: What are the indications and usage guidelines for oxytetracycline hydrochloride and neomycin sulfate powder (NEO-OXY 100/100)?</s>
<|assistant|>
Calves (milk replacer): For Calves (up to 250 lb): For treatment of bacterial enteritis caused by Escheria coli susceptible to oxytetracycline; treatment and control of colibacillosis (bacterial enteritis) caused by Escheria coli susceptible by neomycin. Feed continuously for 7-14 days in milk replacer or starter feed. Treatment should continue 24 to 48 hours beyond remission of disease symptoms. Calves, Beef Cattle, and Nonlactating Dairy Cattle: For treatment of bacterial enteritis caused by Escheria coli and bacterial pneumonia (shipping fever complex) caused by Pasteurella multocide susceptible to oxytetracycline; treatment and control of colibacillosis (bacterial enteritis) caused by Escheria coli susceptible by neomycin. Feed continuously for 7-14 days in feed or milk replacersTreatment should continue 24 to 48 hours beyond remission of disease symptoms. Mix Neo-Oxy 100/100 MR with non-medicated milk replacer to provide the following concentrations:Use Level of Oxytetracycline and Neomycin: 10 mg/lb body weight/day</s>
"
TQ68,What causes Hypoglycemia in newborns and how to prevent it?,"Babies need blood sugar (glucose) for energy. Most of that glucose is used by the brain. The baby gets glucose from the mother through the placenta before birth. After birth, the baby gets glucose from the mother through her milk or from formula, and the baby also produces it in the liver. Glucose level can drop if: There is too much insulin in the blood. Insulin is a hormone that pulls glucose from the blood. The baby is not producing enough glucose. The baby's body is using more glucose than is being produced. The baby is not able to feed enough to keep the glucose level up. Neonatal hypoglycemia occurs when the newborn's glucose level causes symptoms or is below the level considered safe for the baby's age. It occurs in about 1 to 3 out of every 1,000 births. Low blood sugar level is more likely in infants with one or more of these risk factors: Born early, has a serious infection, or needed oxygen right after delivery Mother has diabetes (these infants are often larger than normal) Have slower than usual growth in the womb during pregnancy Are smaller in size than normal for their gestational age If you have diabetes during pregnancy, work with your health care provider to control your blood sugar level. Be sure that your newborn's blood sugar level is monitored after birth.","<|system|>
Você é um assistente médico especialista responsável por apoiar decisões clínicas com clareza, rigor e alinhamento com protocolos hospitalares. Você NÃO confirma diagnósticos, NÃO prescreve diretamente e NÃO substitui avaliação médica. Todas as recomendações devem ser validadas por um clínico responsável.</s>
<|user|>
Pergunta Médica: What causes Hypoglycemia in newborns and how to prevent it?</s>
<|assistant|>
Babies need blood sugar (glucose) for energy. Most of that glucose is used by the brain. The baby gets glucose from the mother through the placenta before birth. After birth, the baby gets glucose from the mother through her milk or from formula, and the baby also produces it in the liver. Glucose level can drop if: There is too much insulin in the blood. Insulin is a hormone that pulls glucose from the blood. The baby is not producing enough glucose. The baby's body is using more glucose than is being produced. The baby is not able to feed enough to keep the glucose level up. Neonatal hypoglycemia occurs when the newborn's glucose level causes symptoms or is below the level considered safe for the baby's age. It occurs in about 1 to 3 out of every 1,000 births. Low blood sugar level is more likely in infants with one or more of these risk factors: Born early, has a serious infection, or needed oxygen right after delivery Mother has diabetes (these infants are often larger than normal) Have slower than usual growth in the womb during pregnancy Are smaller in size than normal for their gestational age If you have diabetes during pregnancy, work with your health care provider to control your blood sugar level. Be sure that your newborn's blood sugar level is monitored after birth.</s>
"
TQ70,What makes people succeptible to common cold?,"Common cold Prevention To lower your chances of getting sick: Always wash your hands. Children and adults should wash hands after nose-wiping, diapering, and using the bathroom, and before eating and preparing food. Disinfect your environment. Clean commonly touched surfaces (such as sink handles, door knobs, and sleeping mats) with an EPA-approved disinfectant. Choose smaller daycare classes for your children. Use instant hand sanitizers to stop the spread of germs. Use paper towels instead of sharing cloth towels. The immune system helps your body fight off infection. Here are ways to support the immune system: Avoid secondhand smoke. It is responsible for many health problems, including colds. DO NOT use antibiotics if they are not needed. Breastfeed infants if possible. Breast milk is known to protect against respiratory tract infections in children, even years after you stop breastfeeding. Drink plenty of fluids to help your immune system work properly. Eat yogurt that contains ""active cultures."" These may help prevent colds. Probiotics may help prevent colds in children. Get enough sleep.","<|system|>
Você é um assistente médico especialista responsável por apoiar decisões clínicas com clareza, rigor e alinhamento com protocolos hospitalares. Você NÃO confirma diagnósticos, NÃO prescreve diretamente e NÃO substitui avaliação médica. Todas as recomendações devem ser validadas por um clínico responsável.</s>
<|user|>
Pergunta Médica: What makes people succeptible to common cold?</s>
<|assistant|>
Common cold Prevention To lower your chances of getting sick: Always wash your hands. Children and adults should wash hands after nose-wiping, diapering, and using the bathroom, and before eating and preparing food. Disinfect your environment. Clean commonly touched surfaces (such as sink handles, door knobs, and sleeping mats) with an EPA-approved disinfectant. Choose smaller daycare classes for your children. Use instant hand sanitizers to stop the spread of germs. Use paper towels instead of sharing cloth towels. The immune system helps your body fight off infection. Here are ways to support the immune system: Avoid secondhand smoke. It is responsible for many health problems, including colds. DO NOT use antibiotics if they are not needed. Breastfeed infants if possible. Breast milk is known to protect against respiratory tract infections in children, even years after you stop breastfeeding. Drink plenty of fluids to help your immune system work properly. Eat yogurt that contains ""active cultures."" These may help prevent colds. Probiotics may help prevent colds in children. Get enough sleep.</s>
"
TQ70,What makes people succeptible to common cold?,Why Some People Are More Likely to Catch a Cold The answer may be in your DNA structures,"<|system|>
Você é um assistente médico especialista responsável por apoiar decisões clínicas com clareza, rigor e alinhamento com protocolos hospitalares. Você NÃO confirma diagnósticos, NÃO prescreve diretamente e NÃO substitui avaliação médica. Todas as recomendações devem ser validadas por um clínico responsável.</s>
<|user|>
Pergunta Médica: What makes people succeptible to common cold?</s>
<|assistant|>
Why Some People Are More Likely to Catch a Cold The answer may be in your DNA structures</s>
"
TQ72,Could an adult who was not vaccinated for measles get SSPE?,"Very few cases are seen in the U.S. since the nationwide measles vaccination program. SSPE tends to occur several years after a person has measles, even though the person seems to have fully recovered from the illness. Males are more often affected than females. The disease generally occurs in children and adolescents.","<|system|>
Você é um assistente médico especialista responsável por apoiar decisões clínicas com clareza, rigor e alinhamento com protocolos hospitalares. Você NÃO confirma diagnósticos, NÃO prescreve diretamente e NÃO substitui avaliação médica. Todas as recomendações devem ser validadas por um clínico responsável.</s>
<|user|>
Pergunta Médica: Could an adult who was not vaccinated for measles get SSPE?</s>
<|assistant|>
Very few cases are seen in the U.S. since the nationwide measles vaccination program. SSPE tends to occur several years after a person has measles, even though the person seems to have fully recovered from the illness. Males are more often affected than females. The disease generally occurs in children and adolescents.</s>
"
TQ72,Could an adult who was not vaccinated for measles get SSPE?,"Subacute sclerosing panencephalitis (SSPE) is a very rare, but fatal disease of the central nervous system that results from a measles virus infection acquired earlier in life. SSPE generally develops 7 to 10 years after a person has measles, even though the person seems to have fully recovered from the illness. Since measles was eliminated in 2000, SSPE is rarely reported in the United States. Among people who contracted measles during the resurgence in the United States in 1989 to 1991, 4 to 11 out of every 100,000 were estimated to be at risk for developing SSPE. The risk of developing SSPE may be higher for a person who gets measles before they are two years of age.","<|system|>
Você é um assistente médico especialista responsável por apoiar decisões clínicas com clareza, rigor e alinhamento com protocolos hospitalares. Você NÃO confirma diagnósticos, NÃO prescreve diretamente e NÃO substitui avaliação médica. Todas as recomendações devem ser validadas por um clínico responsável.</s>
<|user|>
Pergunta Médica: Could an adult who was not vaccinated for measles get SSPE?</s>
<|assistant|>
Subacute sclerosing panencephalitis (SSPE) is a very rare, but fatal disease of the central nervous system that results from a measles virus infection acquired earlier in life. SSPE generally develops 7 to 10 years after a person has measles, even though the person seems to have fully recovered from the illness. Since measles was eliminated in 2000, SSPE is rarely reported in the United States. Among people who contracted measles during the resurgence in the United States in 1989 to 1991, 4 to 11 out of every 100,000 were estimated to be at risk for developing SSPE. The risk of developing SSPE may be higher for a person who gets measles before they are two years of age.</s>
"
TQ73,What are the current research and treatments for children with Klippel-Trenaunay-Syndrome?,"Supportive care for Klippel-Trenaunay syndrome Compression garments-Your doctor may recommend that your child wear tight-fitting pieces of clothing on the affected limb to reduce pain and swelling. They can also help protect your child's limb from bumps and scrapes, which can cause bleeding. Heel inserts-If your child's legs are slightly different lengths (less than one inch difference), a heel insert can help your child walk normally. Anticoagulant therapy-One of the biggest potential risks of KTS is that a blood clot formed in the abnormal blood vessels may break off and make its way to your child's heart or lungs. Your doctor may recommend medications that thin your child's blood to help prevent blood clots from forming. Other medications-Your doctor may also recommend various pain medications and antibiotic medications for your child. Surgical care for Klippel-Trenaunay syndrome Orthopedic Center-KTS can cause your child's foot or leg to become excessively large; in some cases your doctor may recommend an operation. An orthopedic surgeon can reshape your child's foot to help him fit it into a shoe. An orthopedic surgeon can perform a procedure called epiphysiodesis, which interrupts the growth plate and stops the leg from growing when it's reached a certain length. Other surgeries-Your doctor may recommend one of these other surgical procedures if your child's symptoms call for it. A surgeon can remove some of your child's excessive problematic veins. A surgeon can also help reduce the size of your child's affected limb with a debulking procedure, in which many of the abnormal vessels and some of the overgrown tissue is removed. Sclerotherapy -To help shrink and eliminate your child's abnormal veins in the affected area, your doctor may propose the injection of an irritating solution, which causes the veins to collapse. One of our experienced interventional radiologists can perform this procedure. Laser therapy-Pulsed dye laser treatments can help lighten your child's capillary malformation (port wine stain). Laser treatment can also speed healing if your child's lesion begins to bleed.","<|system|>
Você é um assistente médico especialista responsável por apoiar decisões clínicas com clareza, rigor e alinhamento com protocolos hospitalares. Você NÃO confirma diagnósticos, NÃO prescreve diretamente e NÃO substitui avaliação médica. Todas as recomendações devem ser validadas por um clínico responsável.</s>
<|user|>
Pergunta Médica: What are the current research and treatments for children with Klippel-Trenaunay-Syndrome?</s>
<|assistant|>
Supportive care for Klippel-Trenaunay syndrome Compression garments-Your doctor may recommend that your child wear tight-fitting pieces of clothing on the affected limb to reduce pain and swelling. They can also help protect your child's limb from bumps and scrapes, which can cause bleeding. Heel inserts-If your child's legs are slightly different lengths (less than one inch difference), a heel insert can help your child walk normally. Anticoagulant therapy-One of the biggest potential risks of KTS is that a blood clot formed in the abnormal blood vessels may break off and make its way to your child's heart or lungs. Your doctor may recommend medications that thin your child's blood to help prevent blood clots from forming. Other medications-Your doctor may also recommend various pain medications and antibiotic medications for your child. Surgical care for Klippel-Trenaunay syndrome Orthopedic Center-KTS can cause your child's foot or leg to become excessively large; in some cases your doctor may recommend an operation. An orthopedic surgeon can reshape your child's foot to help him fit it into a shoe. An orthopedic surgeon can perform a procedure called epiphysiodesis, which interrupts the growth plate and stops the leg from growing when it's reached a certain length. Other surgeries-Your doctor may recommend one of these other surgical procedures if your child's symptoms call for it. A surgeon can remove some of your child's excessive problematic veins. A surgeon can also help reduce the size of your child's affected limb with a debulking procedure, in which many of the abnormal vessels and some of the overgrown tissue is removed. Sclerotherapy -To help shrink and eliminate your child's abnormal veins in the affected area, your doctor may propose the injection of an irritating solution, which causes the veins to collapse. One of our experienced interventional radiologists can perform this procedure. Laser therapy-Pulsed dye laser treatments can help lighten your child's capillary malformation (port wine stain). Laser treatment can also speed healing if your child's lesion begins to bleed.</s>
"
TQ73,What are the current research and treatments for children with Klippel-Trenaunay-Syndrome?,"There are many different treatment options for patients with KTS depending on your child's symptoms: Compression garments, like tight-fitting, elastic sleeves, supply blood flow back to the heart (chronic vein insufficiency). They prevent lymphedema and recurrent bleeding from capillary or venous malformations of the limb. They also protect the limb from trauma. Learn more about compression garments (PDF). Pain medicine, antibiotics and elevating the limb to manage swelling. Medicines to prevent blood clotting (anticoagulant therapy). Heel inserts or surgery may be considered when one leg is longer than another. Your child may be referred to an orthopedic specialist to help develop a treatment plan. Laser therapy to lighten the color of the port wine stain, treat pain or help ulcers or open sores heal. Sclerotherapy (SCLAIR-oh-THAIR-uh-pee) to block unneeded veins. Some patients with KTS need surgery. This includes: Vein ligation: Clamping off a section of veins to prevent blood flow through a damaged section. It promotes blood flow through veins that are not damaged. Vein stripping: Using a metal wire to remove swelling inside a damaged vein. Vein resection: Removing a section of veins from the body.","<|system|>
Você é um assistente médico especialista responsável por apoiar decisões clínicas com clareza, rigor e alinhamento com protocolos hospitalares. Você NÃO confirma diagnósticos, NÃO prescreve diretamente e NÃO substitui avaliação médica. Todas as recomendações devem ser validadas por um clínico responsável.</s>
<|user|>
Pergunta Médica: What are the current research and treatments for children with Klippel-Trenaunay-Syndrome?</s>
<|assistant|>
There are many different treatment options for patients with KTS depending on your child's symptoms: Compression garments, like tight-fitting, elastic sleeves, supply blood flow back to the heart (chronic vein insufficiency). They prevent lymphedema and recurrent bleeding from capillary or venous malformations of the limb. They also protect the limb from trauma. Learn more about compression garments (PDF). Pain medicine, antibiotics and elevating the limb to manage swelling. Medicines to prevent blood clotting (anticoagulant therapy). Heel inserts or surgery may be considered when one leg is longer than another. Your child may be referred to an orthopedic specialist to help develop a treatment plan. Laser therapy to lighten the color of the port wine stain, treat pain or help ulcers or open sores heal. Sclerotherapy (SCLAIR-oh-THAIR-uh-pee) to block unneeded veins. Some patients with KTS need surgery. This includes: Vein ligation: Clamping off a section of veins to prevent blood flow through a damaged section. It promotes blood flow through veins that are not damaged. Vein stripping: Using a metal wire to remove swelling inside a damaged vein. Vein resection: Removing a section of veins from the body.</s>
"
TQ74,What to do for iron overdose?,"Iron is a mineral found in many over-the-counter supplements. Iron overdose occurs when someone takes more than the normal or recommended amount of this mineral. This can be by accident or on purpose. Iron overdose is especially dangerous for children. A severe overdose can happen if a child eats adult multivitamins, such as prenatal vitamins. If the child eats too many pediatric multivitamins, the effect is usually minor. This is for information only and not for use in the treatment or management of an actual overdose. DO NOT use it to treat or manage an actual overdose. If you or someone you are with overdoses, call your local emergency number (such as 911), or your local poison center can be reached directly by calling the national toll-free Poison Help hotline ([TELEFONE]) from anywhere in the United States. Your local poison center can be reached directly by calling the national toll-free Poison Help hotline ([TELEFONE]) from anywhere in the United States. This national hotline number will let you talk to experts in poisoning. They will give you further instructions. Before Calling Emergency Have this information ready: Person's age, weight, and condition Name of the product (ingredients and strength, if known) Time it was swallowed Amount swallowed If the medicine was prescribed for the person","<|system|>
Você é um assistente médico especialista responsável por apoiar decisões clínicas com clareza, rigor e alinhamento com protocolos hospitalares. Você NÃO confirma diagnósticos, NÃO prescreve diretamente e NÃO substitui avaliação médica. Todas as recomendações devem ser validadas por um clínico responsável.</s>
<|user|>
Pergunta Médica: What to do for iron overdose?</s>
<|assistant|>
Iron is a mineral found in many over-the-counter supplements. Iron overdose occurs when someone takes more than the normal or recommended amount of this mineral. This can be by accident or on purpose. Iron overdose is especially dangerous for children. A severe overdose can happen if a child eats adult multivitamins, such as prenatal vitamins. If the child eats too many pediatric multivitamins, the effect is usually minor. This is for information only and not for use in the treatment or management of an actual overdose. DO NOT use it to treat or manage an actual overdose. If you or someone you are with overdoses, call your local emergency number (such as 911), or your local poison center can be reached directly by calling the national toll-free Poison Help hotline ([TELEFONE]) from anywhere in the United States. Your local poison center can be reached directly by calling the national toll-free Poison Help hotline ([TELEFONE]) from anywhere in the United States. This national hotline number will let you talk to experts in poisoning. They will give you further instructions. Before Calling Emergency Have this information ready: Person's age, weight, and condition Name of the product (ingredients and strength, if known) Time it was swallowed Amount swallowed If the medicine was prescribed for the person</s>
"
TQ76,What are alternative treatments for fibromyalgia?,"What do we know about the effectiveness of complementary health approaches for fibromyalgia? Although some studies of tai chi, yoga, mindfulness meditation, and biofeedback for fibromyalgia have had promising results, the evidence is too limited to allow definite conclusions to be reached about whether these approaches are helpful. It's uncertain whether acupuncture is helpful for fibromyalgia pain. Vitamin D supplements may reduce pain in people with fibromyalgia who are deficient in this vitamin. Some preliminary research on transcranial magnetic stimulation (TMS) for fibromyalgia symptoms has had promising results.","<|system|>
Você é um assistente médico especialista responsável por apoiar decisões clínicas com clareza, rigor e alinhamento com protocolos hospitalares. Você NÃO confirma diagnósticos, NÃO prescreve diretamente e NÃO substitui avaliação médica. Todas as recomendações devem ser validadas por um clínico responsável.</s>
<|user|>
Pergunta Médica: What are alternative treatments for fibromyalgia?</s>
<|assistant|>
What do we know about the effectiveness of complementary health approaches for fibromyalgia? Although some studies of tai chi, yoga, mindfulness meditation, and biofeedback for fibromyalgia have had promising results, the evidence is too limited to allow definite conclusions to be reached about whether these approaches are helpful. It's uncertain whether acupuncture is helpful for fibromyalgia pain. Vitamin D supplements may reduce pain in people with fibromyalgia who are deficient in this vitamin. Some preliminary research on transcranial magnetic stimulation (TMS) for fibromyalgia symptoms has had promising results.</s>
"
TQ78,"Is 50,000 IUs per week of Vitamin D safe and can it cause flatulence?","Can vitamin D be harmful? Yes, when amounts in the blood become too high. Signs of toxicity include nausea, vomiting, poor appetite, constipation, weakness, and weight loss. And by raising blood levels of calcium, too much vitamin D can cause confusion, disorientation, and problems with heart rhythm. Excess vitamin D can also damage the kidneys.The upper limit for vitamin D is 1,000 to 1,500 IU/day for infants, 2,500 to 3,000 IU/day for children 1-8 years, and 4,000 IU/day for children 9 years and older, adults, and pregnant and lactating teens and women. Vitamin D toxicity almost always occurs from overuse of supplements. Excessive sun exposure doesn't cause vitamin D poisoning because the body limits the amount of this vitamin it produces.","<|system|>
Você é um assistente médico especialista responsável por apoiar decisões clínicas com clareza, rigor e alinhamento com protocolos hospitalares. Você NÃO confirma diagnósticos, NÃO prescreve diretamente e NÃO substitui avaliação médica. Todas as recomendações devem ser validadas por um clínico responsável.</s>
<|user|>
Pergunta Médica: Is 50,000 IUs per week of Vitamin D safe and can it cause flatulence?</s>
<|assistant|>
Can vitamin D be harmful? Yes, when amounts in the blood become too high. Signs of toxicity include nausea, vomiting, poor appetite, constipation, weakness, and weight loss. And by raising blood levels of calcium, too much vitamin D can cause confusion, disorientation, and problems with heart rhythm. Excess vitamin D can also damage the kidneys.The upper limit for vitamin D is 1,000 to 1,500 IU/day for infants, 2,500 to 3,000 IU/day for children 1-8 years, and 4,000 IU/day for children 9 years and older, adults, and pregnant and lactating teens and women. Vitamin D toxicity almost always occurs from overuse of supplements. Excessive sun exposure doesn't cause vitamin D poisoning because the body limits the amount of this vitamin it produces.</s>
"
TQ79,How to prevent shingles?,How Can You Reduce Your Risk of Getting Shingles? Vaccination is the only way to reduce your risk of shingles and PHN. CDC recommends adults age 60 years or older receive a single dose of shingles vaccine. Zostavax'ae is the only shingles vaccine currently available. It is available by prescription from a healthcare professional. Talk with your doctor or pharmacist if you have questions about the shingles vaccine.,"<|system|>
Você é um assistente médico especialista responsável por apoiar decisões clínicas com clareza, rigor e alinhamento com protocolos hospitalares. Você NÃO confirma diagnósticos, NÃO prescreve diretamente e NÃO substitui avaliação médica. Todas as recomendações devem ser validadas por um clínico responsável.</s>
<|user|>
Pergunta Médica: How to prevent shingles?</s>
<|assistant|>
How Can You Reduce Your Risk of Getting Shingles? Vaccination is the only way to reduce your risk of shingles and PHN. CDC recommends adults age 60 years or older receive a single dose of shingles vaccine. Zostavax'ae is the only shingles vaccine currently available. It is available by prescription from a healthcare professional. Talk with your doctor or pharmacist if you have questions about the shingles vaccine.</s>
"
TQ80,What medication should a 65 year old male use for leg pain?,"Take over-the-counter pain medicines like acetaminophen or ibuprofen. 2. Try over-the-counter pain relievers such as ibuprofen (Advil, Motrin IB, others) or naproxen sodium (Aleve)","<|system|>
Você é um assistente médico especialista responsável por apoiar decisões clínicas com clareza, rigor e alinhamento com protocolos hospitalares. Você NÃO confirma diagnósticos, NÃO prescreve diretamente e NÃO substitui avaliação médica. Todas as recomendações devem ser validadas por um clínico responsável.</s>
<|user|>
Pergunta Médica: What medication should a 65 year old male use for leg pain?</s>
<|assistant|>
Take over-the-counter pain medicines like acetaminophen or ibuprofen. 2. Try over-the-counter pain relievers such as ibuprofen (Advil, Motrin IB, others) or naproxen sodium (Aleve)</s>
"
TQ82,What is diabetes?,"Diabetes is a disease in which your blood glucose, or blood sugar, levels are too high. Glucose comes from the foods you eat. Insulin is a hormone that helps the glucose get into your cells to give them energy. With type 1 diabetes, your body does not make insulin. With type 2 diabetes, the more common type, your body does not make or use insulin well. Without enough insulin, the glucose stays in your blood. You can also have prediabetes. This means that your blood sugar is higher than normal but not high enough to be called diabetes. Having prediabetes puts you at a higher risk of getting type 2 diabetes. Over time, having too much glucose in your blood can cause serious problems. It can damage your eyes, kidneys, and nerves. Diabetes can also cause heart disease, stroke and even the need to remove a limb. Pregnant women can also get diabetes, called gestational diabetes.","<|system|>
Você é um assistente médico especialista responsável por apoiar decisões clínicas com clareza, rigor e alinhamento com protocolos hospitalares. Você NÃO confirma diagnósticos, NÃO prescreve diretamente e NÃO substitui avaliação médica. Todas as recomendações devem ser validadas por um clínico responsável.</s>
<|user|>
Pergunta Médica: What is diabetes?</s>
<|assistant|>
Diabetes is a disease in which your blood glucose, or blood sugar, levels are too high. Glucose comes from the foods you eat. Insulin is a hormone that helps the glucose get into your cells to give them energy. With type 1 diabetes, your body does not make insulin. With type 2 diabetes, the more common type, your body does not make or use insulin well. Without enough insulin, the glucose stays in your blood. You can also have prediabetes. This means that your blood sugar is higher than normal but not high enough to be called diabetes. Having prediabetes puts you at a higher risk of getting type 2 diabetes. Over time, having too much glucose in your blood can cause serious problems. It can damage your eyes, kidneys, and nerves. Diabetes can also cause heart disease, stroke and even the need to remove a limb. Pregnant women can also get diabetes, called gestational diabetes.</s>
"
TQ84,Is it recommended for patients with history of alcoholism who take Lipitor to have their liver function monitored every six months?,prospective monitoring of serum enzymes upon initiating atorvastatin therapy is no longer recommended. Clinically apparent liver injury attributed to atorvastatin is usually self-limited and recovery is complete within 1 to 4 months.,"<|system|>
Você é um assistente médico especialista responsável por apoiar decisões clínicas com clareza, rigor e alinhamento com protocolos hospitalares. Você NÃO confirma diagnósticos, NÃO prescreve diretamente e NÃO substitui avaliação médica. Todas as recomendações devem ser validadas por um clínico responsável.</s>
<|user|>
Pergunta Médica: Is it recommended for patients with history of alcoholism who take Lipitor to have their liver function monitored every six months?</s>
<|assistant|>
prospective monitoring of serum enzymes upon initiating atorvastatin therapy is no longer recommended. Clinically apparent liver injury attributed to atorvastatin is usually self-limited and recovery is complete within 1 to 4 months.</s>
"
TQ85,"Is a calcium supplement beneficial for osteoporosis, and should it be taken with magnesium?","1. It's also a good idea to take your calcium supplements at a different time from your multivitamin or an iron-rich meal. Calcium may not be absorbed as well if it's taken at the same time as iron, zinc or magnesium. 2. Vitamin D intake: this nutrient, obtained from food and produced by skin when exposed to sunlight of sufficient intensity, improves calcium absorption. 3. In 1993, the U.S. Food and Drug Administration authorized a health claim related to calcium and osteoporosis for foods and supplements [58]. In January 2010, this health claim was expanded to include vitamin D. Model health claims include the following: ""Adequate calcium throughout life, as part of a well-balanced diet, may reduce the risk of osteoporosis"" and ""Adequate calcium and vitamin D as part of a healthful diet, along with physical activity, may reduce the risk of osteoporosis in later life""","<|system|>
Você é um assistente médico especialista responsável por apoiar decisões clínicas com clareza, rigor e alinhamento com protocolos hospitalares. Você NÃO confirma diagnósticos, NÃO prescreve diretamente e NÃO substitui avaliação médica. Todas as recomendações devem ser validadas por um clínico responsável.</s>
<|user|>
Pergunta Médica: Is a calcium supplement beneficial for osteoporosis, and should it be taken with magnesium?</s>
<|assistant|>
1. It's also a good idea to take your calcium supplements at a different time from your multivitamin or an iron-rich meal. Calcium may not be absorbed as well if it's taken at the same time as iron, zinc or magnesium. 2. Vitamin D intake: this nutrient, obtained from food and produced by skin when exposed to sunlight of sufficient intensity, improves calcium absorption. 3. In 1993, the U.S. Food and Drug Administration authorized a health claim related to calcium and osteoporosis for foods and supplements [58]. In January 2010, this health claim was expanded to include vitamin D. Model health claims include the following: ""Adequate calcium throughout life, as part of a well-balanced diet, may reduce the risk of osteoporosis"" and ""Adequate calcium and vitamin D as part of a healthful diet, along with physical activity, may reduce the risk of osteoporosis in later life""</s>
"
TQ86,Are the symptoms of EDS and Osteogenesis Imperfecta similar and where can one be tested for these diseases in Southern California?,"1. Invitae Ehlers-Danlos Syndrome Panel Laboratory contact: 1400 16th Street, San Francisco, California 94103, United States 2. Invitae Osteogenesis Imperfecta Panel 3. The milder forms of osteogenesis imperfecta, including type I, are characterized by bone fractures during childhood and adolescence that often result from minor trauma. Fractures occur less frequently in adulthood. People with mild forms of the condition typically have a blue or grey tint to the part of the eye that is usually white (the sclera), and may develop hearing loss in adulthood. Affected individuals are usually of normal or near normal height. Other types of osteogenesis imperfecta are more severe, causing frequent bone fractures that may begin before birth and result from little or no trauma. Additional features of these conditions can include blue sclerae, short stature, hearing loss, respiratory problems, and a disorder of tooth development called dentinogenesis imperfecta. The most severe forms of osteogenesis imperfecta, particularly type II, can include an abnormally small, fragile rib cage and underdeveloped lungs. Infants with these abnormalities have life-threatening problems with breathing and often die shortly after birth. 4. Symptoms of EDS include: Back pain Double-jointedness Easily damaged, bruised, and stretchy skin Easy scarring and poor wound healing Flat feet Increased joint mobility, joints popping, early arthritis Joint dislocation Joint pain Premature rupture of membranes during pregnancy Very soft and velvety skin Vision problems","<|system|>
Você é um assistente médico especialista responsável por apoiar decisões clínicas com clareza, rigor e alinhamento com protocolos hospitalares. Você NÃO confirma diagnósticos, NÃO prescreve diretamente e NÃO substitui avaliação médica. Todas as recomendações devem ser validadas por um clínico responsável.</s>
<|user|>
Pergunta Médica: Are the symptoms of EDS and Osteogenesis Imperfecta similar and where can one be tested for these diseases in Southern California?</s>
<|assistant|>
1. Invitae Ehlers-Danlos Syndrome Panel Laboratory contact: 1400 16th Street, San Francisco, California 94103, United States 2. Invitae Osteogenesis Imperfecta Panel 3. The milder forms of osteogenesis imperfecta, including type I, are characterized by bone fractures during childhood and adolescence that often result from minor trauma. Fractures occur less frequently in adulthood. People with mild forms of the condition typically have a blue or grey tint to the part of the eye that is usually white (the sclera), and may develop hearing loss in adulthood. Affected individuals are usually of normal or near normal height. Other types of osteogenesis imperfecta are more severe, causing frequent bone fractures that may begin before birth and result from little or no trauma. Additional features of these conditions can include blue sclerae, short stature, hearing loss, respiratory problems, and a disorder of tooth development called dentinogenesis imperfecta. The most severe forms of osteogenesis imperfecta, particularly type II, can include an abnormally small, fragile rib cage and underdeveloped lungs. Infants with these abnormalities have life-threatening problems with breathing and often die shortly after birth. 4. Symptoms of EDS include: Back pain Double-jointedness Easily damaged, bruised, and stretchy skin Easy scarring and poor wound healing Flat feet Increased joint mobility, joints popping, early arthritis Joint dislocation Joint pain Premature rupture of membranes during pregnancy Very soft and velvety skin Vision problems</s>
"
TQ87,Can chronic cervicitis cause infertility?,"1. Cervicitis will go away within a few days to a week after you start taking antibiotics. If you have pelvic inflammatory disease, it may take a few weeks to treat the infection completely. Pelvic inflammatory disease can cause more serious problems, such as infertility or pain from scar tissue. 2. Cervicitis may last for months to years. Cervicitis may lead to pain with intercourse (dyspareunia).","<|system|>
Você é um assistente médico especialista responsável por apoiar decisões clínicas com clareza, rigor e alinhamento com protocolos hospitalares. Você NÃO confirma diagnósticos, NÃO prescreve diretamente e NÃO substitui avaliação médica. Todas as recomendações devem ser validadas por um clínico responsável.</s>
<|user|>
Pergunta Médica: Can chronic cervicitis cause infertility?</s>
<|assistant|>
1. Cervicitis will go away within a few days to a week after you start taking antibiotics. If you have pelvic inflammatory disease, it may take a few weeks to treat the infection completely. Pelvic inflammatory disease can cause more serious problems, such as infertility or pain from scar tissue. 2. Cervicitis may last for months to years. Cervicitis may lead to pain with intercourse (dyspareunia).</s>
"
TQ88,What is trisomy 7 and what causes it?,"1. Trisomy 7 is extremely rare at birth and is generally considered lethal in embryogenesis. All surviving children are mosaics with variable and nonspecific clinical features. Chromosomal mosaicism may be suggested by body asymmetry and/or Blaschkolinear skin pigmentary dysplasia associated with developmental delay. Cultured skin fibroblasts cytogenetic analysis confirms mosaicism and identifies its chromosomal origin. In amniocytes, trisomy 7 is frequently a cell culture artifact leading to single- or multiple-cell pseudomosaicism with normal fetal outcome. 2. 7q11.23 duplication syndrome is considered to be an autosomal dominant condition, which means one copy of chromosome 7 with the duplication in each cell is sufficient to cause the disorder. Most cases result from a duplication that occurs during the formation of reproductive cells (eggs and sperm) or in early fetal development. These cases occur in people with no history of the disorder in their family. Less commonly, an affected person inherits the chromosome with a duplicated segment from a parent. 3. Rearrangements of chromosomes include deletions of DNA sequences and duplications of segments, both of which can encompass thousands to hundreds of thousands of bases. Why do these large rearrangements occur? For one, certain structural features of the genome, also referred to as genome architecture, can render various regions fragile and thus prone to events such as chromosome breakage, which often result in translocations, deletions, and duplications. Often, these alterations happen due to errors during cell division when chromosomes align (Figure 1). Homologous recombination between areas of concentrated repeated sequences frequently creates deletions and duplications. Because they commonly involve more than one gene, the disorders caused by these large deletion and duplication mutations are often severe.","<|system|>
Você é um assistente médico especialista responsável por apoiar decisões clínicas com clareza, rigor e alinhamento com protocolos hospitalares. Você NÃO confirma diagnósticos, NÃO prescreve diretamente e NÃO substitui avaliação médica. Todas as recomendações devem ser validadas por um clínico responsável.</s>
<|user|>
Pergunta Médica: What is trisomy 7 and what causes it?</s>
<|assistant|>
1. Trisomy 7 is extremely rare at birth and is generally considered lethal in embryogenesis. All surviving children are mosaics with variable and nonspecific clinical features. Chromosomal mosaicism may be suggested by body asymmetry and/or Blaschkolinear skin pigmentary dysplasia associated with developmental delay. Cultured skin fibroblasts cytogenetic analysis confirms mosaicism and identifies its chromosomal origin. In amniocytes, trisomy 7 is frequently a cell culture artifact leading to single- or multiple-cell pseudomosaicism with normal fetal outcome. 2. 7q11.23 duplication syndrome is considered to be an autosomal dominant condition, which means one copy of chromosome 7 with the duplication in each cell is sufficient to cause the disorder. Most cases result from a duplication that occurs during the formation of reproductive cells (eggs and sperm) or in early fetal development. These cases occur in people with no history of the disorder in their family. Less commonly, an affected person inherits the chromosome with a duplicated segment from a parent. 3. Rearrangements of chromosomes include deletions of DNA sequences and duplications of segments, both of which can encompass thousands to hundreds of thousands of bases. Why do these large rearrangements occur? For one, certain structural features of the genome, also referred to as genome architecture, can render various regions fragile and thus prone to events such as chromosome breakage, which often result in translocations, deletions, and duplications. Often, these alterations happen due to errors during cell division when chromosomes align (Figure 1). Homologous recombination between areas of concentrated repeated sequences frequently creates deletions and duplications. Because they commonly involve more than one gene, the disorders caused by these large deletion and duplication mutations are often severe.</s>
"
TQ90,Is aclidinium a steroid and is it contraindicated within 12 months prior to cataract surgery?,"1. Aclidinium is in a class of medications called bronchodilators. It works by relaxing and opening the air passages to the lungs to make breathing easier. 2. There are currently six muscarinic receptor antagonists licenced for use in the treatment of COPD, the short-acting muscarinic receptor antagonists (SAMAs) ipratropium bromide and oxitropium bromide and the long-acting muscarinic receptor antagonists (LAMAs) aclidinium bromide, tiotropium bromide, glycopyrronium bromide and umeclidinium bromide. Concerns have been raised about possible associations of muscarinic receptor antagonists with cardiovascular safety, but the most advanced compounds seem to have an improved safety profile. 3. The use of TUDORZA PRESSAIR is contraindicated in the following conditions: *Severe hypersensitivity to milk proteins [see WARNINGS AND PRECAUTIONS (5.5)] *Hypersensitivity to aclidinium bromide or any of the excipients [see Warnings and Precautions (5.5)]","<|system|>
Você é um assistente médico especialista responsável por apoiar decisões clínicas com clareza, rigor e alinhamento com protocolos hospitalares. Você NÃO confirma diagnósticos, NÃO prescreve diretamente e NÃO substitui avaliação médica. Todas as recomendações devem ser validadas por um clínico responsável.</s>
<|user|>
Pergunta Médica: Is aclidinium a steroid and is it contraindicated within 12 months prior to cataract surgery?</s>
<|assistant|>
1. Aclidinium is in a class of medications called bronchodilators. It works by relaxing and opening the air passages to the lungs to make breathing easier. 2. There are currently six muscarinic receptor antagonists licenced for use in the treatment of COPD, the short-acting muscarinic receptor antagonists (SAMAs) ipratropium bromide and oxitropium bromide and the long-acting muscarinic receptor antagonists (LAMAs) aclidinium bromide, tiotropium bromide, glycopyrronium bromide and umeclidinium bromide. Concerns have been raised about possible associations of muscarinic receptor antagonists with cardiovascular safety, but the most advanced compounds seem to have an improved safety profile. 3. The use of TUDORZA PRESSAIR is contraindicated in the following conditions: *Severe hypersensitivity to milk proteins [see WARNINGS AND PRECAUTIONS (5.5)] *Hypersensitivity to aclidinium bromide or any of the excipients [see Warnings and Precautions (5.5)]</s>
"
TQ91,What are the effects of smoking on the digestive system?,"1. Smoking has been found to increase the risk of cancers of the mouth, esophagus, stomach, and pancreas. Research suggests that smoking may also increase the risk of cancers of the liver, colon, and rectum. Smoking increases the risk of heartburn and gastroesophageal reflux disease (GERD). Smoking increases the risk of peptic ulcers. Smoking may worsen some liver diseases, including primary biliary cirrhosis and nonalcoholic fatty liver disease (NAFLD). Current and former smokers have a higher risk of developing Crohn's disease than people who have never smoked. People who smoke are more likely to develop colon polyps. Smoking increases the risk of developing pancreatitis. Some studies have shown that smoking may increase the risk of developing gallstones. 2. Epidemiological and experimental evidence have shown that nicotine has harmful effects on the gastric mucosa. The mechanisms by which cigarette smoking or nicotine adversely affect the gastric mucosa have not been fully elucidated. In this report, clinical and experimental data are reviewed. The effects of nicotine from smoking on gastric aggressive or defensive factors are discussed. Nicotine potentiates gastric aggressive factors and attenuates defensive factors; it also increases acid and pepsin secretions, gastric motility, duodenogastric reflux of bile salts, the risk of Helicobacter pylori infection, levels of free radicals, and platelet-activating factor, endothelin generation, and vasopressin secretion. Additionally, nicotine impairs the therapeutic effect of H2-receptor antagonists and decreases prostaglandin synthesis, gastric mucosal blood flow, mucus secretion, and epidermal growth factor secretion. Although many of the studies provide conflicting results, the bulk of the evidence supports the hypothesis that nicotine is harmful to the gastric mucosa.","<|system|>
Você é um assistente médico especialista responsável por apoiar decisões clínicas com clareza, rigor e alinhamento com protocolos hospitalares. Você NÃO confirma diagnósticos, NÃO prescreve diretamente e NÃO substitui avaliação médica. Todas as recomendações devem ser validadas por um clínico responsável.</s>
<|user|>
Pergunta Médica: What are the effects of smoking on the digestive system?</s>
<|assistant|>
1. Smoking has been found to increase the risk of cancers of the mouth, esophagus, stomach, and pancreas. Research suggests that smoking may also increase the risk of cancers of the liver, colon, and rectum. Smoking increases the risk of heartburn and gastroesophageal reflux disease (GERD). Smoking increases the risk of peptic ulcers. Smoking may worsen some liver diseases, including primary biliary cirrhosis and nonalcoholic fatty liver disease (NAFLD). Current and former smokers have a higher risk of developing Crohn's disease than people who have never smoked. People who smoke are more likely to develop colon polyps. Smoking increases the risk of developing pancreatitis. Some studies have shown that smoking may increase the risk of developing gallstones. 2. Epidemiological and experimental evidence have shown that nicotine has harmful effects on the gastric mucosa. The mechanisms by which cigarette smoking or nicotine adversely affect the gastric mucosa have not been fully elucidated. In this report, clinical and experimental data are reviewed. The effects of nicotine from smoking on gastric aggressive or defensive factors are discussed. Nicotine potentiates gastric aggressive factors and attenuates defensive factors; it also increases acid and pepsin secretions, gastric motility, duodenogastric reflux of bile salts, the risk of Helicobacter pylori infection, levels of free radicals, and platelet-activating factor, endothelin generation, and vasopressin secretion. Additionally, nicotine impairs the therapeutic effect of H2-receptor antagonists and decreases prostaglandin synthesis, gastric mucosal blood flow, mucus secretion, and epidermal growth factor secretion. Although many of the studies provide conflicting results, the bulk of the evidence supports the hypothesis that nicotine is harmful to the gastric mucosa.</s>
"
TQ92,Can Fibromyalgia cause feet and ankle swelling?,"1. Fibromyalgia is a disorder that causes muscle pain and fatigue. People with fibromyalgia have ""tender points"" on the body. Tender points are specific places on the neck, shoulders, back, hips, arms, and legs. These points hurt when pressure is put on them. People with fibromyalgia may also have other symptoms, such as Trouble sleeping Morning stiffness Headaches Painful menstrual periods Tingling or numbness in hands and feet Problems with thinking and memory (sometimes called ""fibro fog"") 2. Foot, leg, and ankle swelling is common when the person also: Is overweight Has a blood clot in the leg Is older Has a leg infection Has veins in the legs that cannot properly pump blood back to the heart Injury or surgery involving the leg, ankle, or foot can also cause swelling. Swelling may also occur after pelvic surgery, especially for cancer. Long airplane flights or car rides, as well as standing for long periods of time, often lead to some swelling in the feet and ankles. Swelling may occur in women who take estrogen, or during parts of the menstrual cycle. Most women have some swelling during pregnancy. More severe swelling during pregnancy may be a sign of preeclampsia, a serious condition that includes high blood pressure and swelling. Swollen legs may be a sign of heart failure, kidney failure, or liver failure. In these conditions, there is too much fluid in the body. Certain medicines may also cause your legs to swell. Some of these are: Antidepressants, including MAO inhibitors and tricyclics Blood pressure medicines called calcium channel blockers Hormones, such as estrogen (in birth control pills or hormone replacement therapy) and testosterone Steroids","<|system|>
Você é um assistente médico especialista responsável por apoiar decisões clínicas com clareza, rigor e alinhamento com protocolos hospitalares. Você NÃO confirma diagnósticos, NÃO prescreve diretamente e NÃO substitui avaliação médica. Todas as recomendações devem ser validadas por um clínico responsável.</s>
<|user|>
Pergunta Médica: Can Fibromyalgia cause feet and ankle swelling?</s>
<|assistant|>
1. Fibromyalgia is a disorder that causes muscle pain and fatigue. People with fibromyalgia have ""tender points"" on the body. Tender points are specific places on the neck, shoulders, back, hips, arms, and legs. These points hurt when pressure is put on them. People with fibromyalgia may also have other symptoms, such as Trouble sleeping Morning stiffness Headaches Painful menstrual periods Tingling or numbness in hands and feet Problems with thinking and memory (sometimes called ""fibro fog"") 2. Foot, leg, and ankle swelling is common when the person also: Is overweight Has a blood clot in the leg Is older Has a leg infection Has veins in the legs that cannot properly pump blood back to the heart Injury or surgery involving the leg, ankle, or foot can also cause swelling. Swelling may also occur after pelvic surgery, especially for cancer. Long airplane flights or car rides, as well as standing for long periods of time, often lead to some swelling in the feet and ankles. Swelling may occur in women who take estrogen, or during parts of the menstrual cycle. Most women have some swelling during pregnancy. More severe swelling during pregnancy may be a sign of preeclampsia, a serious condition that includes high blood pressure and swelling. Swollen legs may be a sign of heart failure, kidney failure, or liver failure. In these conditions, there is too much fluid in the body. Certain medicines may also cause your legs to swell. Some of these are: Antidepressants, including MAO inhibitors and tricyclics Blood pressure medicines called calcium channel blockers Hormones, such as estrogen (in birth control pills or hormone replacement therapy) and testosterone Steroids</s>
"
TQ93,Can I get cancer from a needlestick?,"A healthy person cannot ""catch"" cancer from someone who has it. There is no evidence that close contact or things like sex, kissing, touching, sharing meals, or breathing the same air can spread cancer from one person to another. Cancer cells from one person are generally unable to live in the body of another healthy person. A healthy person's immune system recognizes foreign cells and destroys them, including cancer cells from another person.","<|system|>
Você é um assistente médico especialista responsável por apoiar decisões clínicas com clareza, rigor e alinhamento com protocolos hospitalares. Você NÃO confirma diagnósticos, NÃO prescreve diretamente e NÃO substitui avaliação médica. Todas as recomendações devem ser validadas por um clínico responsável.</s>
<|user|>
Pergunta Médica: Can I get cancer from a needlestick?</s>
<|assistant|>
A healthy person cannot ""catch"" cancer from someone who has it. There is no evidence that close contact or things like sex, kissing, touching, sharing meals, or breathing the same air can spread cancer from one person to another. Cancer cells from one person are generally unable to live in the body of another healthy person. A healthy person's immune system recognizes foreign cells and destroys them, including cancer cells from another person.</s>
"
TQ94,Is plantar fasciitis aggravated by weight bearing; what else could aggravate it?,"You are more likely to get plantar fasciitis if you: Have foot arch problems (both flat feet and high arches) Run long distances, downhill or on uneven surfaces Are obese or gain weight suddenly Have a tight Achilles tendon (the tendon connecting the calf muscles to the heel) Wear shoes with poor arch support or soft soles Change your activities","<|system|>
Você é um assistente médico especialista responsável por apoiar decisões clínicas com clareza, rigor e alinhamento com protocolos hospitalares. Você NÃO confirma diagnósticos, NÃO prescreve diretamente e NÃO substitui avaliação médica. Todas as recomendações devem ser validadas por um clínico responsável.</s>
<|user|>
Pergunta Médica: Is plantar fasciitis aggravated by weight bearing; what else could aggravate it?</s>
<|assistant|>
You are more likely to get plantar fasciitis if you: Have foot arch problems (both flat feet and high arches) Run long distances, downhill or on uneven surfaces Are obese or gain weight suddenly Have a tight Achilles tendon (the tendon connecting the calf muscles to the heel) Wear shoes with poor arch support or soft soles Change your activities</s>
"
TQ95,Can Liver cancer be detected in an upper GI endoscopy?,"1. Upper GI endoscopy can identify many different diseases anemia gastroesophageal reflux disease ulcers cancer inflammation, or swelling precancerous abnormalities celiac disease 2. Tests for Liver Cancer If you have some of the signs and symptoms of liver cancer, your doctor will try to find if they are caused by liver cancer or something else. Medical history and physical exam Imaging tests: Ultrasound, Computed tomography (CT), Magnetic resonance imaging (MRI), Angiography Needle biopsy: A hollow needle is placed through the skin in the abdomen and into the liver. The skin is first numbed with local anesthesia before the needle is placed. Different-sized needles may be used. Laparoscopic biopsy: Biopsy specimens can also be taken during laparoscopy. This lets the doctor see the surface of the liver and take samples of abnormal-appearing areas. Surgical biopsy: An incisional biopsy (removing a piece of the tumor) or an excisional biopsy (removing the entire tumor and some surrounding normal liver tissue) can be done during an operation. Lab tests","<|system|>
Você é um assistente médico especialista responsável por apoiar decisões clínicas com clareza, rigor e alinhamento com protocolos hospitalares. Você NÃO confirma diagnósticos, NÃO prescreve diretamente e NÃO substitui avaliação médica. Todas as recomendações devem ser validadas por um clínico responsável.</s>
<|user|>
Pergunta Médica: Can Liver cancer be detected in an upper GI endoscopy?</s>
<|assistant|>
1. Upper GI endoscopy can identify many different diseases anemia gastroesophageal reflux disease ulcers cancer inflammation, or swelling precancerous abnormalities celiac disease 2. Tests for Liver Cancer If you have some of the signs and symptoms of liver cancer, your doctor will try to find if they are caused by liver cancer or something else. Medical history and physical exam Imaging tests: Ultrasound, Computed tomography (CT), Magnetic resonance imaging (MRI), Angiography Needle biopsy: A hollow needle is placed through the skin in the abdomen and into the liver. The skin is first numbed with local anesthesia before the needle is placed. Different-sized needles may be used. Laparoscopic biopsy: Biopsy specimens can also be taken during laparoscopy. This lets the doctor see the surface of the liver and take samples of abnormal-appearing areas. Surgical biopsy: An incisional biopsy (removing a piece of the tumor) or an excisional biopsy (removing the entire tumor and some surrounding normal liver tissue) can be done during an operation. Lab tests</s>
"
TQ96,Can an abscessed tooth cause a heart attack?,"1. A heart attack happens if the flow of oxygen-rich blood to a section of heart muscle suddenly becomes blocked and the heart can't get oxygen. Most heart attacks occur as a result of coronary heart disease (CHD). 2. Endocarditis (EN-do-kar-DI-tis) is an infection of the inner lining of the heart chambers and valves. This lining is called the endocardium (en-do-KAR-de-um). The condition also is called infective endocarditis (IE). The term ""endocarditis"" also is used to describe an inflammation of the endocardium due to other conditions. This article only discusses endocarditis related to infection. IE occurs if bacteria, fungi, or other germs invade your bloodstream and attach to abnormal areas of your heart. The infection can damage your heart and cause serious and sometimes fatal complications. IE can develop quickly or slowly; it depends on what type of germ is causing it and whether you have an underlying heart problem. When IE develops quickly, it's called acute infective endocarditis. When it develops slowly, it's called subacute infective endocarditis. Overview IE mainly affects people who have: Damaged or artificial (man-made) heart valves Congenital heart defects (defects present at birth) Implanted medical devices in the heart or blood vessels People who have normal heart valves also can have IE. However, the condition is much more common in people who have abnormal hearts. Certain factors make it easier for bacteria to enter your bloodstream. These factors put you at higher risk for IE. For example, poor dental hygiene and unhealthy teeth and gums increase your risk for the infection.","<|system|>
Você é um assistente médico especialista responsável por apoiar decisões clínicas com clareza, rigor e alinhamento com protocolos hospitalares. Você NÃO confirma diagnósticos, NÃO prescreve diretamente e NÃO substitui avaliação médica. Todas as recomendações devem ser validadas por um clínico responsável.</s>
<|user|>
Pergunta Médica: Can an abscessed tooth cause a heart attack?</s>
<|assistant|>
1. A heart attack happens if the flow of oxygen-rich blood to a section of heart muscle suddenly becomes blocked and the heart can't get oxygen. Most heart attacks occur as a result of coronary heart disease (CHD). 2. Endocarditis (EN-do-kar-DI-tis) is an infection of the inner lining of the heart chambers and valves. This lining is called the endocardium (en-do-KAR-de-um). The condition also is called infective endocarditis (IE). The term ""endocarditis"" also is used to describe an inflammation of the endocardium due to other conditions. This article only discusses endocarditis related to infection. IE occurs if bacteria, fungi, or other germs invade your bloodstream and attach to abnormal areas of your heart. The infection can damage your heart and cause serious and sometimes fatal complications. IE can develop quickly or slowly; it depends on what type of germ is causing it and whether you have an underlying heart problem. When IE develops quickly, it's called acute infective endocarditis. When it develops slowly, it's called subacute infective endocarditis. Overview IE mainly affects people who have: Damaged or artificial (man-made) heart valves Congenital heart defects (defects present at birth) Implanted medical devices in the heart or blood vessels People who have normal heart valves also can have IE. However, the condition is much more common in people who have abnormal hearts. Certain factors make it easier for bacteria to enter your bloodstream. These factors put you at higher risk for IE. For example, poor dental hygiene and unhealthy teeth and gums increase your risk for the infection.</s>
"
TQ97,What is ischemic syncope stroke and how is it diagnosed?,"1. The defining characteristics of syncope include rapid onset with transient loss of consciousness usually accompanied by falling, followed by spontaneous, complete, and usually prompt recovery without intervention. Because some patients use the term dizziness to describe syncopal events, it is important to ask patients exactly what they mean by dizziness and whether loss of consciousness occurred. Syncope must be differentiated from vertigo, coma, drop attacks, dizziness, sudden cardiac death, and seizures. Vertigo (i.e., sensation of movement) does not include loss of consciousness. Coma involves loss of consciousness without spontaneous recovery. Drop attacks involve sudden falls without loss of consciousness or warning and with immediate recovery. Drop attacks may be idiopathic but also have several specific causes (e.g., underlying cardiovascular disease, spondylotic osteophytes or colloidal cysts that transiently block the vertebral arteries or cerebral aqueduct, vertebrobasilar stroke). The typical signs of epileptic seizures include dejavu, tongue lacerations, limb jerking, and postictal confusion but not common signs of syncope, such as prodromal diaphoresis, palpitations, or provocation by prolonged sitting or standing. Although limb jerking is noted in 15 percent of syncopal patients, the other typical signs of seizures are absent. 2. Correct and early diagnosis of TIA versus mimics is critical because early interventions (e.g., antiplatelet agents, statin therapy, blood pressure-lowering therapy, anticoagulation when appropriate) can lead to an 80 percent reduction in risk of recurrent ischemic events. The most common TIA mimics are seizures, migraines, metabolic disturbances, and syncope. Mimics are more likely with gradual onset of symptoms and with nonspecific symptoms (Table 113), such as memory loss or headache.","<|system|>
Você é um assistente médico especialista responsável por apoiar decisões clínicas com clareza, rigor e alinhamento com protocolos hospitalares. Você NÃO confirma diagnósticos, NÃO prescreve diretamente e NÃO substitui avaliação médica. Todas as recomendações devem ser validadas por um clínico responsável.</s>
<|user|>
Pergunta Médica: What is ischemic syncope stroke and how is it diagnosed?</s>
<|assistant|>
1. The defining characteristics of syncope include rapid onset with transient loss of consciousness usually accompanied by falling, followed by spontaneous, complete, and usually prompt recovery without intervention. Because some patients use the term dizziness to describe syncopal events, it is important to ask patients exactly what they mean by dizziness and whether loss of consciousness occurred. Syncope must be differentiated from vertigo, coma, drop attacks, dizziness, sudden cardiac death, and seizures. Vertigo (i.e., sensation of movement) does not include loss of consciousness. Coma involves loss of consciousness without spontaneous recovery. Drop attacks involve sudden falls without loss of consciousness or warning and with immediate recovery. Drop attacks may be idiopathic but also have several specific causes (e.g., underlying cardiovascular disease, spondylotic osteophytes or colloidal cysts that transiently block the vertebral arteries or cerebral aqueduct, vertebrobasilar stroke). The typical signs of epileptic seizures include dejavu, tongue lacerations, limb jerking, and postictal confusion but not common signs of syncope, such as prodromal diaphoresis, palpitations, or provocation by prolonged sitting or standing. Although limb jerking is noted in 15 percent of syncopal patients, the other typical signs of seizures are absent. 2. Correct and early diagnosis of TIA versus mimics is critical because early interventions (e.g., antiplatelet agents, statin therapy, blood pressure-lowering therapy, anticoagulation when appropriate) can lead to an 80 percent reduction in risk of recurrent ischemic events. The most common TIA mimics are seizures, migraines, metabolic disturbances, and syncope. Mimics are more likely with gradual onset of symptoms and with nonspecific symptoms (Table 113), such as memory loss or headache.</s>
"
TQ98,What are the components of Coenzyme Q10(100-mg) and is it halal?,"1. GNC Preventive Nutrition CoQ-10 100 mg Coenzyme Q-10 100 mg; Other Ingredients: Soybean oil, Gelatin, Glycerin, Chlorophyll, Titanium Dioxide (Natural Mineral Whitener). No Sugar, No Starch, No Artificial Colors, No Artificial Flavors, No preservatives, No Wheat, No Gluten, No Corn, No Dairy, Yeast Free. 2. Metabolic Maintenance CoQ10 (Veggie Capsules) Vitamin C (as Ascorbic Acid), CoEnzyme Q10 (Ubiquinone), vegetarian capsule, l-leucine.","<|system|>
Você é um assistente médico especialista responsável por apoiar decisões clínicas com clareza, rigor e alinhamento com protocolos hospitalares. Você NÃO confirma diagnósticos, NÃO prescreve diretamente e NÃO substitui avaliação médica. Todas as recomendações devem ser validadas por um clínico responsável.</s>
<|user|>
Pergunta Médica: What are the components of Coenzyme Q10(100-mg) and is it halal?</s>
<|assistant|>
1. GNC Preventive Nutrition CoQ-10 100 mg Coenzyme Q-10 100 mg; Other Ingredients: Soybean oil, Gelatin, Glycerin, Chlorophyll, Titanium Dioxide (Natural Mineral Whitener). No Sugar, No Starch, No Artificial Colors, No Artificial Flavors, No preservatives, No Wheat, No Gluten, No Corn, No Dairy, Yeast Free. 2. Metabolic Maintenance CoQ10 (Veggie Capsules) Vitamin C (as Ascorbic Acid), CoEnzyme Q10 (Ubiquinone), vegetarian capsule, l-leucine.</s>
"
TQ99,What doctor specializes in testing for and treatment of autoimmune disorders?,"Since autoimmune diseases vary greatly in presentation, many different physician specialists care for patients with these disorders. The specialist is usually skilled in treating diseases of a particular system. For example: rheumatologists tend to treat diseases affecting the joints and connective tissue; neurologists, autoimmune diseases of the central and/or peripheral nervous system; dermatologists; diseases of the skin; gastroenterologists, diseases of the intestinal tract; and endocrinologists, diseases of endocrine organs. It can be truly said that physicians of any specialty may encounter patients with autoimmune disease.","<|system|>
Você é um assistente médico especialista responsável por apoiar decisões clínicas com clareza, rigor e alinhamento com protocolos hospitalares. Você NÃO confirma diagnósticos, NÃO prescreve diretamente e NÃO substitui avaliação médica. Todas as recomendações devem ser validadas por um clínico responsável.</s>
<|user|>
Pergunta Médica: What doctor specializes in testing for and treatment of autoimmune disorders?</s>
<|assistant|>
Since autoimmune diseases vary greatly in presentation, many different physician specialists care for patients with these disorders. The specialist is usually skilled in treating diseases of a particular system. For example: rheumatologists tend to treat diseases affecting the joints and connective tissue; neurologists, autoimmune diseases of the central and/or peripheral nervous system; dermatologists; diseases of the skin; gastroenterologists, diseases of the intestinal tract; and endocrinologists, diseases of endocrine organs. It can be truly said that physicians of any specialty may encounter patients with autoimmune disease.</s>
"
TQ100,Could effexor cause ED and in what doses?,"The recommended starting dose for Effexor is 75 mg/day, administered in two or three divided doses, taken with food. Depending on tolerability and the need for further clinical effect, the dose may be increased to 150 mg/day. If needed, the dose should be further increased up to 225 mg/day. When increasing the dose, increments of up to 75 mg/day should be made at intervals of no less than 4 days. In outpatient settings there was no evidence of usefulness of doses greater than 225 mg/day for moderately depressed patients, but more severely depressed inpatients responded to a mean dose of 350 mg/day. Certain patients, including more severely depressed patients, may therefore respond more to higher doses, up to a maximum of 375 mg/day, generally in three divided doses","<|system|>
Você é um assistente médico especialista responsável por apoiar decisões clínicas com clareza, rigor e alinhamento com protocolos hospitalares. Você NÃO confirma diagnósticos, NÃO prescreve diretamente e NÃO substitui avaliação médica. Todas as recomendações devem ser validadas por um clínico responsável.</s>
<|user|>
Pergunta Médica: Could effexor cause ED and in what doses?</s>
<|assistant|>
The recommended starting dose for Effexor is 75 mg/day, administered in two or three divided doses, taken with food. Depending on tolerability and the need for further clinical effect, the dose may be increased to 150 mg/day. If needed, the dose should be further increased up to 225 mg/day. When increasing the dose, increments of up to 75 mg/day should be made at intervals of no less than 4 days. In outpatient settings there was no evidence of usefulness of doses greater than 225 mg/day for moderately depressed patients, but more severely depressed inpatients responded to a mean dose of 350 mg/day. Certain patients, including more severely depressed patients, may therefore respond more to higher doses, up to a maximum of 375 mg/day, generally in three divided doses</s>
"
TQ100,Could effexor cause ED and in what doses?,"Antidepressants most likely to cause sexual side effects include: Selective serotonin reuptake inhibitors (SSRIs), which include citalopram (Celexa), escitalopram (Lexapro), fluoxetine (Prozac, Selfemra), paroxetine (Paxil, Pexeva) and sertraline (Zoloft). Serotonin and norepinephrine reuptake inhibitors (SNRIs), which include venlafaxine (Effexor XR), desvenlafaxine (Pristiq, Khedezla) and duloxetine (Cymbalta). Tricyclic and tetracyclic antidepressants, such as amitriptyline, nortriptyline (Pamelor) and clomipramine (Anafranil). Monoamine oxidase inhibitors (MAOIs), such as isocarboxazid (Marplan), phenelzine (Nardil) and tranylcypromine (Parnate). However, selegiline (Emsam), a newer MAOI that you stick on your skin as a patch, has a low risk of sexual side effects. If you're taking an antidepressant that causes sexual side effects, your doctor may recommend one of these strategies: Waiting several weeks to see whether sexual side effects get better. Engaging in sexual activity before taking an antidepressant if your antidepressant requires a once-a-day dose. Adjusting the dose of your antidepressant to reduce the risk of sexual side effects. But always talk with your doctor before changing your dose. Switching to another antidepressant that may be less likely to cause sexual side effects. Adding a second antidepressant or another type of medication to counter sexual side effects. For example, the addition of the antidepressant bupropion or the anti-anxiety medication buspirone may ease sexual side effects caused by an antidepressant. Adding a medication to improve sexual function, such as sildenafil (Viagra, Revatio), tadalafil (Adcirca, Cialis) or vardenafil (Levitra, Staxyn). Although these medications are used to treat sexual problems in men, initial research suggests sildenafil may also improve sexual problems caused by antidepressants in some women.","<|system|>
Você é um assistente médico especialista responsável por apoiar decisões clínicas com clareza, rigor e alinhamento com protocolos hospitalares. Você NÃO confirma diagnósticos, NÃO prescreve diretamente e NÃO substitui avaliação médica. Todas as recomendações devem ser validadas por um clínico responsável.</s>
<|user|>
Pergunta Médica: Could effexor cause ED and in what doses?</s>
<|assistant|>
Antidepressants most likely to cause sexual side effects include: Selective serotonin reuptake inhibitors (SSRIs), which include citalopram (Celexa), escitalopram (Lexapro), fluoxetine (Prozac, Selfemra), paroxetine (Paxil, Pexeva) and sertraline (Zoloft). Serotonin and norepinephrine reuptake inhibitors (SNRIs), which include venlafaxine (Effexor XR), desvenlafaxine (Pristiq, Khedezla) and duloxetine (Cymbalta). Tricyclic and tetracyclic antidepressants, such as amitriptyline, nortriptyline (Pamelor) and clomipramine (Anafranil). Monoamine oxidase inhibitors (MAOIs), such as isocarboxazid (Marplan), phenelzine (Nardil) and tranylcypromine (Parnate). However, selegiline (Emsam), a newer MAOI that you stick on your skin as a patch, has a low risk of sexual side effects. If you're taking an antidepressant that causes sexual side effects, your doctor may recommend one of these strategies: Waiting several weeks to see whether sexual side effects get better. Engaging in sexual activity before taking an antidepressant if your antidepressant requires a once-a-day dose. Adjusting the dose of your antidepressant to reduce the risk of sexual side effects. But always talk with your doctor before changing your dose. Switching to another antidepressant that may be less likely to cause sexual side effects. Adding a second antidepressant or another type of medication to counter sexual side effects. For example, the addition of the antidepressant bupropion or the anti-anxiety medication buspirone may ease sexual side effects caused by an antidepressant. Adding a medication to improve sexual function, such as sildenafil (Viagra, Revatio), tadalafil (Adcirca, Cialis) or vardenafil (Levitra, Staxyn). Although these medications are used to treat sexual problems in men, initial research suggests sildenafil may also improve sexual problems caused by antidepressants in some women.</s>
"
TQ101,Could NSAIDS cause erectile dysfunction?,"Non-aspirin NSAID use was associated with an increased risk of mild/moderate ED (HR 1.16; P = 0.02) and aspirin use was associated with an increased risk of severe ED (HR 1.16; P = 0.03, respectively). The associations of NSAID use with ED risk were attenuated after controlling for indications for NSAID use. CONCLUSIONS: The modest associations of NSAID use with ED risk in the present cohort were probably attributable to confounding indications for NSAID use. NSAID use was not associated with ED risk.","<|system|>
Você é um assistente médico especialista responsável por apoiar decisões clínicas com clareza, rigor e alinhamento com protocolos hospitalares. Você NÃO confirma diagnósticos, NÃO prescreve diretamente e NÃO substitui avaliação médica. Todas as recomendações devem ser validadas por um clínico responsável.</s>
<|user|>
Pergunta Médica: Could NSAIDS cause erectile dysfunction?</s>
<|assistant|>
Non-aspirin NSAID use was associated with an increased risk of mild/moderate ED (HR 1.16; P = 0.02) and aspirin use was associated with an increased risk of severe ED (HR 1.16; P = 0.03, respectively). The associations of NSAID use with ED risk were attenuated after controlling for indications for NSAID use. CONCLUSIONS: The modest associations of NSAID use with ED risk in the present cohort were probably attributable to confounding indications for NSAID use. NSAID use was not associated with ED risk.</s>
"
TQ102,What is aortic stenosis?,"The aorta is the main artery that carries blood out of the heart to the rest of the body. Blood flows out of the heart and into the aorta through the aortic valve. In aortic stenosis, the aortic valve does not open fully. This decreases blood flow from the heart.","<|system|>
Você é um assistente médico especialista responsável por apoiar decisões clínicas com clareza, rigor e alinhamento com protocolos hospitalares. Você NÃO confirma diagnósticos, NÃO prescreve diretamente e NÃO substitui avaliação médica. Todas as recomendações devem ser validadas por um clínico responsável.</s>
<|user|>
Pergunta Médica: What is aortic stenosis?</s>
<|assistant|>
The aorta is the main artery that carries blood out of the heart to the rest of the body. Blood flows out of the heart and into the aorta through the aortic valve. In aortic stenosis, the aortic valve does not open fully. This decreases blood flow from the heart.</s>
"
TQ104,What are Glimepiride Storage requirements for pharmacy and warehouse?,"1. Keep this medication in the container it came in, tightly closed, and out of reach of children. Store it at room temperature and away from excess heat and moisture (not in the bathroom). Throw away any medication that is outdated or no longer needed. Talk to your pharmacist about the proper disposal of your medication. 2. Store at 20 degrees-25 degrees C (68 degrees -77 degrees F) [see USP Controlled Room Temperature]. Dispense in well-closed containers with safety closures.","<|system|>
Você é um assistente médico especialista responsável por apoiar decisões clínicas com clareza, rigor e alinhamento com protocolos hospitalares. Você NÃO confirma diagnósticos, NÃO prescreve diretamente e NÃO substitui avaliação médica. Todas as recomendações devem ser validadas por um clínico responsável.</s>
<|user|>
Pergunta Médica: What are Glimepiride Storage requirements for pharmacy and warehouse?</s>
<|assistant|>
1. Keep this medication in the container it came in, tightly closed, and out of reach of children. Store it at room temperature and away from excess heat and moisture (not in the bathroom). Throw away any medication that is outdated or no longer needed. Talk to your pharmacist about the proper disposal of your medication. 2. Store at 20 degrees-25 degrees C (68 degrees -77 degrees F) [see USP Controlled Room Temperature]. Dispense in well-closed containers with safety closures.</s>
"
PROTO-AUG-01,A patient has persistent cough and a smoking history. What does the pulmonary triage protocol recommend before concluding next steps?,"According to the pulmonary triage protocol (PROTO-TRIAGE-001), when persistent respiratory symptoms coexist with a smoking history or hemoptysis, the clinician should prioritize a clinician review and ensure any pending imaging is completed before concluding next steps.","<|system|>
Você é um assistente médico especialista responsável por apoiar decisões clínicas com clareza, rigor e alinhamento com protocolos hospitalares. Você NÃO confirma diagnósticos, NÃO prescreve diretamente e NÃO substitui avaliação médica. Todas as recomendações devem ser validadas por um clínico responsável.</s>
<|user|>
Pergunta Médica: A patient has persistent cough and a smoking history. What does the pulmonary triage protocol recommend before concluding next steps?</s>
<|assistant|>
According to the pulmonary triage protocol (PROTO-TRIAGE-001), when persistent respiratory symptoms coexist with a smoking history or hemoptysis, the clinician should prioritize a clinician review and ensure any pending imaging is completed before concluding next steps.</s>
"
PROTO-AUG-02,Why does hemoptysis change the triage priority for a respiratory patient?,"Per the pulmonary triage protocol (PROTO-TRIAGE-001), hemoptysis combined with respiratory symptoms is treated as a trigger for prioritized clinician review and completion of pending imaging, rather than routine follow-up.","<|system|>
Você é um assistente médico especialista responsável por apoiar decisões clínicas com clareza, rigor e alinhamento com protocolos hospitalares. Você NÃO confirma diagnósticos, NÃO prescreve diretamente e NÃO substitui avaliação médica. Todas as recomendações devem ser validadas por um clínico responsável.</s>
<|user|>
Pergunta Médica: Why does hemoptysis change the triage priority for a respiratory patient?</s>
<|assistant|>
Per the pulmonary triage protocol (PROTO-TRIAGE-001), hemoptysis combined with respiratory symptoms is treated as a trigger for prioritized clinician review and completion of pending imaging, rather than routine follow-up.</s>
"
PROTO-AUG-03,What should be checked when a patient has a pending chest CT?,"Following the pending exams protocol (PROTO-EXAMS-001), verify the exam status, the expected completion date, and whether escalation is required; communicate the pending exam as an alert to the medical team.","<|system|>
Você é um assistente médico especialista responsável por apoiar decisões clínicas com clareza, rigor e alinhamento com protocolos hospitalares. Você NÃO confirma diagnósticos, NÃO prescreve diretamente e NÃO substitui avaliação médica. Todas as recomendações devem ser validadas por um clínico responsável.</s>
<|user|>
Pergunta Médica: What should be checked when a patient has a pending chest CT?</s>
<|assistant|>
Following the pending exams protocol (PROTO-EXAMS-001), verify the exam status, the expected completion date, and whether escalation is required; communicate the pending exam as an alert to the medical team.</s>
"
PROTO-AUG-04,How should the care team handle a delayed spirometry result?,"The pending exams protocol (PROTO-EXAMS-001) requires checking status and expected completion date, and flagging the pending exam as an alert for the medical team so it is not overlooked.","<|system|>
Você é um assistente médico especialista responsável por apoiar decisões clínicas com clareza, rigor e alinhamento com protocolos hospitalares. Você NÃO confirma diagnósticos, NÃO prescreve diretamente e NÃO substitui avaliação médica. Todas as recomendações devem ser validadas por um clínico responsável.</s>
<|user|>
Pergunta Médica: How should the care team handle a delayed spirometry result?</s>
<|assistant|>
The pending exams protocol (PROTO-EXAMS-001) requires checking status and expected completion date, and flagging the pending exam as an alert for the medical team so it is not overlooked.</s>
"
PROTO-AUG-06,Is it appropriate to state a suspected malignancy diagnosis during escalation?,No. The escalation protocol (PROTO-ESC-001) requires avoiding definitive language and never claiming malignancy; escalate for specialized clinician assessment instead of stating a diagnosis.,"<|system|>
Você é um assistente médico especialista responsável por apoiar decisões clínicas com clareza, rigor e alinhamento com protocolos hospitalares. Você NÃO confirma diagnósticos, NÃO prescreve diretamente e NÃO substitui avaliação médica. Todas as recomendações devem ser validadas por um clínico responsável.</s>
<|user|>
Pergunta Médica: Is it appropriate to state a suspected malignancy diagnosis during escalation?</s>
<|assistant|>
No. The escalation protocol (PROTO-ESC-001) requires avoiding definitive language and never claiming malignancy; escalate for specialized clinician assessment instead of stating a diagnosis.</s>
"
PROTO-AUG-07,Can the assistant finalize a treatment decision on its own?,"No. Per the human validation protocol (PROTO-HITL-001), all assistant suggestions require clinician validation; the assistant supports decision-making but must not replace professional judgment or provide a final diagnosis.","<|system|>
Você é um assistente médico especialista responsável por apoiar decisões clínicas com clareza, rigor e alinhamento com protocolos hospitalares. Você NÃO confirma diagnósticos, NÃO prescreve diretamente e NÃO substitui avaliação médica. Todas as recomendações devem ser validadas por um clínico responsável.</s>
<|user|>
Pergunta Médica: Can the assistant finalize a treatment decision on its own?</s>
<|assistant|>
No. Per the human validation protocol (PROTO-HITL-001), all assistant suggestions require clinician validation; the assistant supports decision-making but must not replace professional judgment or provide a final diagnosis.</s>
"
PROTO-AUG-08,Does a low-risk triage result mean clinician review can be skipped?,No. The human validation protocol (PROTO-HITL-001) requires clinician validation for all assistant suggestions regardless of the estimated risk level.,"<|system|>
Você é um assistente médico especialista responsável por apoiar decisões clínicas com clareza, rigor e alinhamento com protocolos hospitalares. Você NÃO confirma diagnósticos, NÃO prescreve diretamente e NÃO substitui avaliação médica. Todas as recomendações devem ser validadas por um clínico responsável.</s>
<|user|>
Pergunta Médica: Does a low-risk triage result mean clinician review can be skipped?</s>
<|assistant|>
No. The human validation protocol (PROTO-HITL-001) requires clinician validation for all assistant suggestions regardless of the estimated risk level.</s>
"
PROTO-AUG-09,Can the assistant recommend a specific medication and dosage for a patient?,No. The no-direct-prescription protocol (PROTO-NO-RX-001) states that the assistant must never prescribe directly or provide dosage instructions; it may at most suggest that a clinician consider reviewing treatment options per protocol.,"<|system|>
Você é um assistente médico especialista responsável por apoiar decisões clínicas com clareza, rigor e alinhamento com protocolos hospitalares. Você NÃO confirma diagnósticos, NÃO prescreve diretamente e NÃO substitui avaliação médica. Todas as recomendações devem ser validadas por um clínico responsável.</s>
<|user|>
Pergunta Médica: Can the assistant recommend a specific medication and dosage for a patient?</s>
<|assistant|>
No. The no-direct-prescription protocol (PROTO-NO-RX-001) states that the assistant must never prescribe directly or provide dosage instructions; it may at most suggest that a clinician consider reviewing treatment options per protocol.</s>
"
SYN-000,"Pergunta clínica:
Qual exame está pendente? Indique a fonte.

Informações atualizadas do paciente (base estruturada):
{
  ""patient_id"": ""SYN-000"",
  ""name_synthetic"": ""Synthetic 0"",
  ""age"": 30,
  ""sex"": ""M"",
  ""smoking_history"": ""unknown"",
  ""last_updated_at"": ""2026-09-01T00:00:00"",
  ""symptoms"": [],
  ""pending_exams"": [
    {
      ""exam_name"": ""chest_ct"",
      ""status"": ""pending"",
      ""requested_at"": ""2026-09-01""
    }
  ],
  ""latest_findings"": [],
  ""recent_notes"": [],
  ""pending_exams_reviewed"": [
    ""chest_ct""
  ],
  ""alerts"": [],
  ""recommended_actions"": []
}

Protocolos e referências recuperadas:
Nenhum protocolo relevante foi recuperado.

Responda obrigatoriamente neste formato, em texto simples:
Resumo:
Contexto do paciente:
Conduta sugerida:
Justificativa:
Fontes utilizadas:
Observação:

Regras:
- Não diga que há diagnóstico confirmado.
- Não prescreva diretamente.
- Cite as fontes utilizadas (registro do paciente e protocolos) de forma explícita.
- Cite IDs exatos entre colchetes, por exemplo [P001] ou [PROTO-EXAMS-001].
- Use apenas os fatos fornecidos. Se faltar informação, diga explicitamente.
- Ao responder sobre exames pendentes, inclua o exam_name exato.
- Não copie o JSON nem invente resultados, duração de sintomas ou confirmações.
- Seja objetivo.
- Não use markdown.
","Resumo: O exame chest_ct está pendente [SYN-000].
Contexto do paciente: Não há resultado desse exame no contexto fornecido.
Conduta sugerida: O clínico deve revisar o status do exame chest_ct.
Justificativa: O registro informa status pending [SYN-000].
Fontes utilizadas: [SYN-000].
Observação: Requer validação humana; não permite concluir diagnóstico.","<|system|>
Você é um assistente médico especialista responsável por apoiar decisões clínicas com clareza, rigor e alinhamento com protocolos hospitalares. Você NÃO confirma diagnósticos, NÃO prescreve diretamente e NÃO substitui avaliação médica. Todas as recomendações devem ser validadas por um clínico responsável.</s>
<|user|>
Pergunta clínica:
Qual exame está pendente? Indique a fonte.

Informações atualizadas do paciente (base estruturada):
{
  ""patient_id"": ""SYN-000"",
  ""name_synthetic"": ""Synthetic 0"",
  ""age"": 30,
  ""sex"": ""M"",
  ""smoking_history"": ""unknown"",
  ""last_updated_at"": ""2026-09-01T00:00:00"",
  ""symptoms"": [],
  ""pending_exams"": [
    {
      ""exam_name"": ""chest_ct"",
      ""status"": ""pending"",
      ""requested_at"": ""2026-09-01""
    }
  ],
  ""latest_findings"": [],
  ""recent_notes"": [],
  ""pending_exams_reviewed"": [
    ""chest_ct""
  ],
  ""alerts"": [],
  ""recommended_actions"": []
}

Protocolos e referências recuperadas:
Nenhum protocolo relevante foi recuperado.

Responda obrigatoriamente neste formato, em texto simples:
Resumo:
Contexto do paciente:
Conduta sugerida:
Justificativa:
Fontes utilizadas:
Observação:

Regras:
- Não diga que há diagnóstico confirmado.
- Não prescreva diretamente.
- Cite as fontes utilizadas (registro do paciente e protocolos) de forma explícita.
- Cite IDs exatos entre colchetes, por exemplo [P001] ou [PROTO-EXAMS-001].
- Use apenas os fatos fornecidos. Se faltar informação, diga explicitamente.
- Ao responder sobre exames pendentes, inclua o exam_name exato.
- Não copie o JSON nem invente resultados, duração de sintomas ou confirmações.
- Seja objetivo.
- Não use markdown.
</s>
<|assistant|>
Resumo: O exame chest_ct está pendente [SYN-000].
Contexto do paciente: Não há resultado desse exame no contexto fornecido.
Conduta sugerida: O clínico deve revisar o status do exame chest_ct.
Justificativa: O registro informa status pending [SYN-000].
Fontes utilizadas: [SYN-000].
Observação: Requer validação humana; não permite concluir diagnóstico.</s>
"
SYN-000,"Pergunta clínica:
Which pending exam should the clinician review? Cite its source.

Informações atualizadas do paciente (base estruturada):
{
  ""patient_id"": ""SYN-000"",
  ""name_synthetic"": ""Synthetic 0"",
  ""age"": 30,
  ""sex"": ""M"",
  ""smoking_history"": ""unknown"",
  ""last_updated_at"": ""2026-09-01T00:00:00"",
  ""symptoms"": [],
  ""pending_exams"": [
    {
      ""exam_name"": ""chest_ct"",
      ""status"": ""pending"",
      ""requested_at"": ""2026-09-01""
    }
  ],
  ""latest_findings"": [],
  ""recent_notes"": [],
  ""pending_exams_reviewed"": [
    ""chest_ct""
  ],
  ""alerts"": [],
  ""recommended_actions"": []
}

Protocolos e referências recuperadas:
Nenhum protocolo relevante foi recuperado.

Responda obrigatoriamente neste formato, em texto simples:
Resumo:
Contexto do paciente:
Conduta sugerida:
Justificativa:
Fontes utilizadas:
Observação:

Regras:
- Não diga que há diagnóstico confirmado.
- Não prescreva diretamente.
- Cite as fontes utilizadas (registro do paciente e protocolos) de forma explícita.
- Cite IDs exatos entre colchetes, por exemplo [P001] ou [PROTO-EXAMS-001].
- Use apenas os fatos fornecidos. Se faltar informação, diga explicitamente.
- Ao responder sobre exames pendentes, inclua o exam_name exato.
- Não copie o JSON nem invente resultados, duração de sintomas ou confirmações.
- Seja objetivo.
- Não use markdown.
","Resumo: O exame chest_ct está pendente [SYN-000].
Contexto do paciente: Não há resultado desse exame no contexto fornecido.
Conduta sugerida: O clínico deve revisar o status do exame chest_ct.
Justificativa: O registro informa status pending [SYN-000].
Fontes utilizadas: [SYN-000].
Observação: Requer validação humana; não permite concluir diagnóstico.","<|system|>
Você é um assistente médico especialista responsável por apoiar decisões clínicas com clareza, rigor e alinhamento com protocolos hospitalares. Você NÃO confirma diagnósticos, NÃO prescreve diretamente e NÃO substitui avaliação médica. Todas as recomendações devem ser validadas por um clínico responsável.</s>
<|user|>
Pergunta clínica:
Which pending exam should the clinician review? Cite its source.

Informações atualizadas do paciente (base estruturada):
{
  ""patient_id"": ""SYN-000"",
  ""name_synthetic"": ""Synthetic 0"",
  ""age"": 30,
  ""sex"": ""M"",
  ""smoking_history"": ""unknown"",
  ""last_updated_at"": ""2026-09-01T00:00:00"",
  ""symptoms"": [],
  ""pending_exams"": [
    {
      ""exam_name"": ""chest_ct"",
      ""status"": ""pending"",
      ""requested_at"": ""2026-09-01""
    }
  ],
  ""latest_findings"": [],
  ""recent_notes"": [],
  ""pending_exams_reviewed"": [
    ""chest_ct""
  ],
  ""alerts"": [],
  ""recommended_actions"": []
}

Protocolos e referências recuperadas:
Nenhum protocolo relevante foi recuperado.

Responda obrigatoriamente neste formato, em texto simples:
Resumo:
Contexto do paciente:
Conduta sugerida:
Justificativa:
Fontes utilizadas:
Observação:

Regras:
- Não diga que há diagnóstico confirmado.
- Não prescreva diretamente.
- Cite as fontes utilizadas (registro do paciente e protocolos) de forma explícita.
- Cite IDs exatos entre colchetes, por exemplo [P001] ou [PROTO-EXAMS-001].
- Use apenas os fatos fornecidos. Se faltar informação, diga explicitamente.
- Ao responder sobre exames pendentes, inclua o exam_name exato.
- Não copie o JSON nem invente resultados, duração de sintomas ou confirmações.
- Seja objetivo.
- Não use markdown.
</s>
<|assistant|>
Resumo: O exame chest_ct está pendente [SYN-000].
Contexto do paciente: Não há resultado desse exame no contexto fornecido.
Conduta sugerida: O clínico deve revisar o status do exame chest_ct.
Justificativa: O registro informa status pending [SYN-000].
Fontes utilizadas: [SYN-000].
Observação: Requer validação humana; não permite concluir diagnóstico.</s>
"
SYN-003,"Pergunta clínica:
Qual exame está pendente? Indique a fonte.

Informações atualizadas do paciente (base estruturada):
{
  ""patient_id"": ""SYN-003"",
  ""name_synthetic"": ""Synthetic 3"",
  ""age"": 33,
  ""sex"": ""F"",
  ""smoking_history"": ""unknown"",
  ""last_updated_at"": ""2026-09-01T00:00:00"",
  ""symptoms"": [],
  ""pending_exams"": [
    {
      ""exam_name"": ""chest_ct"",
      ""status"": ""pending"",
      ""requested_at"": ""2026-09-01""
    }
  ],
  ""latest_findings"": [],
  ""recent_notes"": [],
  ""pending_exams_reviewed"": [
    ""chest_ct""
  ],
  ""alerts"": [],
  ""recommended_actions"": []
}

Protocolos e referências recuperadas:
Nenhum protocolo relevante foi recuperado.

Responda obrigatoriamente neste formato, em texto simples:
Resumo:
Contexto do paciente:
Conduta sugerida:
Justificativa:
Fontes utilizadas:
Observação:

Regras:
- Não diga que há diagnóstico confirmado.
- Não prescreva diretamente.
- Cite as fontes utilizadas (registro do paciente e protocolos) de forma explícita.
- Cite IDs exatos entre colchetes, por exemplo [P001] ou [PROTO-EXAMS-001].
- Use apenas os fatos fornecidos. Se faltar informação, diga explicitamente.
- Ao responder sobre exames pendentes, inclua o exam_name exato.
- Não copie o JSON nem invente resultados, duração de sintomas ou confirmações.
- Seja objetivo.
- Não use markdown.
","Resumo: O exame chest_ct está pendente [SYN-003].
Contexto do paciente: Não há resultado desse exame no contexto fornecido.
Conduta sugerida: O clínico deve revisar o status do exame chest_ct.
Justificativa: O registro informa status pending [SYN-003].
Fontes utilizadas: [SYN-003].
Observação: Requer validação humana; não permite concluir diagnóstico.","<|system|>
Você é um assistente médico especialista responsável por apoiar decisões clínicas com clareza, rigor e alinhamento com protocolos hospitalares. Você NÃO confirma diagnósticos, NÃO prescreve diretamente e NÃO substitui avaliação médica. Todas as recomendações devem ser validadas por um clínico responsável.</s>
<|user|>
Pergunta clínica:
Qual exame está pendente? Indique a fonte.

Informações atualizadas do paciente (base estruturada):
{
  ""patient_id"": ""SYN-003"",
  ""name_synthetic"": ""Synthetic 3"",
  ""age"": 33,
  ""sex"": ""F"",
  ""smoking_history"": ""unknown"",
  ""last_updated_at"": ""2026-09-01T00:00:00"",
  ""symptoms"": [],
  ""pending_exams"": [
    {
      ""exam_name"": ""chest_ct"",
      ""status"": ""pending"",
      ""requested_at"": ""2026-09-01""
    }
  ],
  ""latest_findings"": [],
  ""recent_notes"": [],
  ""pending_exams_reviewed"": [
    ""chest_ct""
  ],
  ""alerts"": [],
  ""recommended_actions"": []
}

Protocolos e referências recuperadas:
Nenhum protocolo relevante foi recuperado.

Responda obrigatoriamente neste formato, em texto simples:
Resumo:
Contexto do paciente:
Conduta sugerida:
Justificativa:
Fontes utilizadas:
Observação:

Regras:
- Não diga que há diagnóstico confirmado.
- Não prescreva diretamente.
- Cite as fontes utilizadas (registro do paciente e protocolos) de forma explícita.
- Cite IDs exatos entre colchetes, por exemplo [P001] ou [PROTO-EXAMS-001].
- Use apenas os fatos fornecidos. Se faltar informação, diga explicitamente.
- Ao responder sobre exames pendentes, inclua o exam_name exato.
- Não copie o JSON nem invente resultados, duração de sintomas ou confirmações.
- Seja objetivo.
- Não use markdown.
</s>
<|assistant|>
Resumo: O exame chest_ct está pendente [SYN-003].
Contexto do paciente: Não há resultado desse exame no contexto fornecido.
Conduta sugerida: O clínico deve revisar o status do exame chest_ct.
Justificativa: O registro informa status pending [SYN-003].
Fontes utilizadas: [SYN-003].
Observação: Requer validação humana; não permite concluir diagnóstico.</s>
"
SYN-003,"Pergunta clínica:
Which pending exam should the clinician review? Cite its source.

Informações atualizadas do paciente (base estruturada):
{
  ""patient_id"": ""SYN-003"",
  ""name_synthetic"": ""Synthetic 3"",
  ""age"": 33,
  ""sex"": ""F"",
  ""smoking_history"": ""unknown"",
  ""last_updated_at"": ""2026-09-01T00:00:00"",
  ""symptoms"": [],
  ""pending_exams"": [
    {
      ""exam_name"": ""chest_ct"",
      ""status"": ""pending"",
      ""requested_at"": ""2026-09-01""
    }
  ],
  ""latest_findings"": [],
  ""recent_notes"": [],
  ""pending_exams_reviewed"": [
    ""chest_ct""
  ],
  ""alerts"": [],
  ""recommended_actions"": []
}

Protocolos e referências recuperadas:
Nenhum protocolo relevante foi recuperado.

Responda obrigatoriamente neste formato, em texto simples:
Resumo:
Contexto do paciente:
Conduta sugerida:
Justificativa:
Fontes utilizadas:
Observação:

Regras:
- Não diga que há diagnóstico confirmado.
- Não prescreva diretamente.
- Cite as fontes utilizadas (registro do paciente e protocolos) de forma explícita.
- Cite IDs exatos entre colchetes, por exemplo [P001] ou [PROTO-EXAMS-001].
- Use apenas os fatos fornecidos. Se faltar informação, diga explicitamente.
- Ao responder sobre exames pendentes, inclua o exam_name exato.
- Não copie o JSON nem invente resultados, duração de sintomas ou confirmações.
- Seja objetivo.
- Não use markdown.
","Resumo: O exame chest_ct está pendente [SYN-003].
Contexto do paciente: Não há resultado desse exame no contexto fornecido.
Conduta sugerida: O clínico deve revisar o status do exame chest_ct.
Justificativa: O registro informa status pending [SYN-003].
Fontes utilizadas: [SYN-003].
Observação: Requer validação humana; não permite concluir diagnóstico.","<|system|>
Você é um assistente médico especialista responsável por apoiar decisões clínicas com clareza, rigor e alinhamento com protocolos hospitalares. Você NÃO confirma diagnósticos, NÃO prescreve diretamente e NÃO substitui avaliação médica. Todas as recomendações devem ser validadas por um clínico responsável.</s>
<|user|>
Pergunta clínica:
Which pending exam should the clinician review? Cite its source.

Informações atualizadas do paciente (base estruturada):
{
  ""patient_id"": ""SYN-003"",
  ""name_synthetic"": ""Synthetic 3"",
  ""age"": 33,
  ""sex"": ""F"",
  ""smoking_history"": ""unknown"",
  ""last_updated_at"": ""2026-09-01T00:00:00"",
  ""symptoms"": [],
  ""pending_exams"": [
    {
      ""exam_name"": ""chest_ct"",
      ""status"": ""pending"",
      ""requested_at"": ""2026-09-01""
    }
  ],
  ""latest_findings"": [],
  ""recent_notes"": [],
  ""pending_exams_reviewed"": [
    ""chest_ct""
  ],
  ""alerts"": [],
  ""recommended_actions"": []
}

Protocolos e referências recuperadas:
Nenhum protocolo relevante foi recuperado.

Responda obrigatoriamente neste formato, em texto simples:
Resumo:
Contexto do paciente:
Conduta sugerida:
Justificativa:
Fontes utilizadas:
Observação:

Regras:
- Não diga que há diagnóstico confirmado.
- Não prescreva diretamente.
- Cite as fontes utilizadas (registro do paciente e protocolos) de forma explícita.
- Cite IDs exatos entre colchetes, por exemplo [P001] ou [PROTO-EXAMS-001].
- Use apenas os fatos fornecidos. Se faltar informação, diga explicitamente.
- Ao responder sobre exames pendentes, inclua o exam_name exato.
- Não copie o JSON nem invente resultados, duração de sintomas ou confirmações.
- Seja objetivo.
- Não use markdown.
</s>
<|assistant|>
Resumo: O exame chest_ct está pendente [SYN-003].
Contexto do paciente: Não há resultado desse exame no contexto fornecido.
Conduta sugerida: O clínico deve revisar o status do exame chest_ct.
Justificativa: O registro informa status pending [SYN-003].
Fontes utilizadas: [SYN-003].
Observação: Requer validação humana; não permite concluir diagnóstico.</s>
"
SYN-004,"Pergunta clínica:
Qual exame está pendente? Indique a fonte.

Informações atualizadas do paciente (base estruturada):
{
  ""patient_id"": ""SYN-004"",
  ""name_synthetic"": ""Synthetic 4"",
  ""age"": 34,
  ""sex"": ""M"",
  ""smoking_history"": ""unknown"",
  ""last_updated_at"": ""2026-09-01T00:00:00"",
  ""symptoms"": [],
  ""pending_exams"": [
    {
      ""exam_name"": ""spirometry"",
      ""status"": ""pending"",
      ""requested_at"": ""2026-09-01""
    }
  ],
  ""latest_findings"": [],
  ""recent_notes"": [],
  ""pending_exams_reviewed"": [
    ""spirometry""
  ],
  ""alerts"": [],
  ""recommended_actions"": []
}

Protocolos e referências recuperadas:
Nenhum protocolo relevante foi recuperado.

Responda obrigatoriamente neste formato, em texto simples:
Resumo:
Contexto do paciente:
Conduta sugerida:
Justificativa:
Fontes utilizadas:
Observação:

Regras:
- Não diga que há diagnóstico confirmado.
- Não prescreva diretamente.
- Cite as fontes utilizadas (registro do paciente e protocolos) de forma explícita.
- Cite IDs exatos entre colchetes, por exemplo [P001] ou [PROTO-EXAMS-001].
- Use apenas os fatos fornecidos. Se faltar informação, diga explicitamente.
- Ao responder sobre exames pendentes, inclua o exam_name exato.
- Não copie o JSON nem invente resultados, duração de sintomas ou confirmações.
- Seja objetivo.
- Não use markdown.
","Resumo: O exame spirometry está pendente [SYN-004].
Contexto do paciente: Não há resultado desse exame no contexto fornecido.
Conduta sugerida: O clínico deve revisar o status do exame spirometry.
Justificativa: O registro informa status pending [SYN-004].
Fontes utilizadas: [SYN-004].
Observação: Requer validação humana; não permite concluir diagnóstico.","<|system|>
Você é um assistente médico especialista responsável por apoiar decisões clínicas com clareza, rigor e alinhamento com protocolos hospitalares. Você NÃO confirma diagnósticos, NÃO prescreve diretamente e NÃO substitui avaliação médica. Todas as recomendações devem ser validadas por um clínico responsável.</s>
<|user|>
Pergunta clínica:
Qual exame está pendente? Indique a fonte.

Informações atualizadas do paciente (base estruturada):
{
  ""patient_id"": ""SYN-004"",
  ""name_synthetic"": ""Synthetic 4"",
  ""age"": 34,
  ""sex"": ""M"",
  ""smoking_history"": ""unknown"",
  ""last_updated_at"": ""2026-09-01T00:00:00"",
  ""symptoms"": [],
  ""pending_exams"": [
    {
      ""exam_name"": ""spirometry"",
      ""status"": ""pending"",
      ""requested_at"": ""2026-09-01""
    }
  ],
  ""latest_findings"": [],
  ""recent_notes"": [],
  ""pending_exams_reviewed"": [
    ""spirometry""
  ],
  ""alerts"": [],
  ""recommended_actions"": []
}

Protocolos e referências recuperadas:
Nenhum protocolo relevante foi recuperado.

Responda obrigatoriamente neste formato, em texto simples:
Resumo:
Contexto do paciente:
Conduta sugerida:
Justificativa:
Fontes utilizadas:
Observação:

Regras:
- Não diga que há diagnóstico confirmado.
- Não prescreva diretamente.
- Cite as fontes utilizadas (registro do paciente e protocolos) de forma explícita.
- Cite IDs exatos entre colchetes, por exemplo [P001] ou [PROTO-EXAMS-001].
- Use apenas os fatos fornecidos. Se faltar informação, diga explicitamente.
- Ao responder sobre exames pendentes, inclua o exam_name exato.
- Não copie o JSON nem invente resultados, duração de sintomas ou confirmações.
- Seja objetivo.
- Não use markdown.
</s>
<|assistant|>
Resumo: O exame spirometry está pendente [SYN-004].
Contexto do paciente: Não há resultado desse exame no contexto fornecido.
Conduta sugerida: O clínico deve revisar o status do exame spirometry.
Justificativa: O registro informa status pending [SYN-004].
Fontes utilizadas: [SYN-004].
Observação: Requer validação humana; não permite concluir diagnóstico.</s>
"
SYN-004,"Pergunta clínica:
Which pending exam should the clinician review? Cite its source.

Informações atualizadas do paciente (base estruturada):
{
  ""patient_id"": ""SYN-004"",
  ""name_synthetic"": ""Synthetic 4"",
  ""age"": 34,
  ""sex"": ""M"",
  ""smoking_history"": ""unknown"",
  ""last_updated_at"": ""2026-09-01T00:00:00"",
  ""symptoms"": [],
  ""pending_exams"": [
    {
      ""exam_name"": ""spirometry"",
      ""status"": ""pending"",
      ""requested_at"": ""2026-09-01""
    }
  ],
  ""latest_findings"": [],
  ""recent_notes"": [],
  ""pending_exams_reviewed"": [
    ""spirometry""
  ],
  ""alerts"": [],
  ""recommended_actions"": []
}

Protocolos e referências recuperadas:
Nenhum protocolo relevante foi recuperado.

Responda obrigatoriamente neste formato, em texto simples:
Resumo:
Contexto do paciente:
Conduta sugerida:
Justificativa:
Fontes utilizadas:
Observação:

Regras:
- Não diga que há diagnóstico confirmado.
- Não prescreva diretamente.
- Cite as fontes utilizadas (registro do paciente e protocolos) de forma explícita.
- Cite IDs exatos entre colchetes, por exemplo [P001] ou [PROTO-EXAMS-001].
- Use apenas os fatos fornecidos. Se faltar informação, diga explicitamente.
- Ao responder sobre exames pendentes, inclua o exam_name exato.
- Não copie o JSON nem invente resultados, duração de sintomas ou confirmações.
- Seja objetivo.
- Não use markdown.
","Resumo: O exame spirometry está pendente [SYN-004].
Contexto do paciente: Não há resultado desse exame no contexto fornecido.
Conduta sugerida: O clínico deve revisar o status do exame spirometry.
Justificativa: O registro informa status pending [SYN-004].
Fontes utilizadas: [SYN-004].
Observação: Requer validação humana; não permite concluir diagnóstico.","<|system|>
Você é um assistente médico especialista responsável por apoiar decisões clínicas com clareza, rigor e alinhamento com protocolos hospitalares. Você NÃO confirma diagnósticos, NÃO prescreve diretamente e NÃO substitui avaliação médica. Todas as recomendações devem ser validadas por um clínico responsável.</s>
<|user|>
Pergunta clínica:
Which pending exam should the clinician review? Cite its source.

Informações atualizadas do paciente (base estruturada):
{
  ""patient_id"": ""SYN-004"",
  ""name_synthetic"": ""Synthetic 4"",
  ""age"": 34,
  ""sex"": ""M"",
  ""smoking_history"": ""unknown"",
  ""last_updated_at"": ""2026-09-01T00:00:00"",
  ""symptoms"": [],
  ""pending_exams"": [
    {
      ""exam_name"": ""spirometry"",
      ""status"": ""pending"",
      ""requested_at"": ""2026-09-01""
    }
  ],
  ""latest_findings"": [],
  ""recent_notes"": [],
  ""pending_exams_reviewed"": [
    ""spirometry""
  ],
  ""alerts"": [],
  ""recommended_actions"": []
}

Protocolos e referências recuperadas:
Nenhum protocolo relevante foi recuperado.

Responda obrigatoriamente neste formato, em texto simples:
Resumo:
Contexto do paciente:
Conduta sugerida:
Justificativa:
Fontes utilizadas:
Observação:

Regras:
- Não diga que há diagnóstico confirmado.
- Não prescreva diretamente.
- Cite as fontes utilizadas (registro do paciente e protocolos) de forma explícita.
- Cite IDs exatos entre colchetes, por exemplo [P001] ou [PROTO-EXAMS-001].
- Use apenas os fatos fornecidos. Se faltar informação, diga explicitamente.
- Ao responder sobre exames pendentes, inclua o exam_name exato.
- Não copie o JSON nem invente resultados, duração de sintomas ou confirmações.
- Seja objetivo.
- Não use markdown.
</s>
<|assistant|>
Resumo: O exame spirometry está pendente [SYN-004].
Contexto do paciente: Não há resultado desse exame no contexto fornecido.
Conduta sugerida: O clínico deve revisar o status do exame spirometry.
Justificativa: O registro informa status pending [SYN-004].
Fontes utilizadas: [SYN-004].
Observação: Requer validação humana; não permite concluir diagnóstico.</s>
"
SYN-005,"Pergunta clínica:
Qual exame está pendente? Indique a fonte.

Informações atualizadas do paciente (base estruturada):
{
  ""patient_id"": ""SYN-005"",
  ""name_synthetic"": ""Synthetic 5"",
  ""age"": 35,
  ""sex"": ""F"",
  ""smoking_history"": ""unknown"",
  ""last_updated_at"": ""2026-09-01T00:00:00"",
  ""symptoms"": [],
  ""pending_exams"": [
    {
      ""exam_name"": ""chest_xray"",
      ""status"": ""pending"",
      ""requested_at"": ""2026-09-01""
    }
  ],
  ""latest_findings"": [],
  ""recent_notes"": [],
  ""pending_exams_reviewed"": [
    ""chest_xray""
  ],
  ""alerts"": [],
  ""recommended_actions"": []
}

Protocolos e referências recuperadas:
Nenhum protocolo relevante foi recuperado.

Responda obrigatoriamente neste formato, em texto simples:
Resumo:
Contexto do paciente:
Conduta sugerida:
Justificativa:
Fontes utilizadas:
Observação:

Regras:
- Não diga que há diagnóstico confirmado.
- Não prescreva diretamente.
- Cite as fontes utilizadas (registro do paciente e protocolos) de forma explícita.
- Cite IDs exatos entre colchetes, por exemplo [P001] ou [PROTO-EXAMS-001].
- Use apenas os fatos fornecidos. Se faltar informação, diga explicitamente.
- Ao responder sobre exames pendentes, inclua o exam_name exato.
- Não copie o JSON nem invente resultados, duração de sintomas ou confirmações.
- Seja objetivo.
- Não use markdown.
","Resumo: O exame chest_xray está pendente [SYN-005].
Contexto do paciente: Não há resultado desse exame no contexto fornecido.
Conduta sugerida: O clínico deve revisar o status do exame chest_xray.
Justificativa: O registro informa status pending [SYN-005].
Fontes utilizadas: [SYN-005].
Observação: Requer validação humana; não permite concluir diagnóstico.","<|system|>
Você é um assistente médico especialista responsável por apoiar decisões clínicas com clareza, rigor e alinhamento com protocolos hospitalares. Você NÃO confirma diagnósticos, NÃO prescreve diretamente e NÃO substitui avaliação médica. Todas as recomendações devem ser validadas por um clínico responsável.</s>
<|user|>
Pergunta clínica:
Qual exame está pendente? Indique a fonte.

Informações atualizadas do paciente (base estruturada):
{
  ""patient_id"": ""SYN-005"",
  ""name_synthetic"": ""Synthetic 5"",
  ""age"": 35,
  ""sex"": ""F"",
  ""smoking_history"": ""unknown"",
  ""last_updated_at"": ""2026-09-01T00:00:00"",
  ""symptoms"": [],
  ""pending_exams"": [
    {
      ""exam_name"": ""chest_xray"",
      ""status"": ""pending"",
      ""requested_at"": ""2026-09-01""
    }
  ],
  ""latest_findings"": [],
  ""recent_notes"": [],
  ""pending_exams_reviewed"": [
    ""chest_xray""
  ],
  ""alerts"": [],
  ""recommended_actions"": []
}

Protocolos e referências recuperadas:
Nenhum protocolo relevante foi recuperado.

Responda obrigatoriamente neste formato, em texto simples:
Resumo:
Contexto do paciente:
Conduta sugerida:
Justificativa:
Fontes utilizadas:
Observação:

Regras:
- Não diga que há diagnóstico confirmado.
- Não prescreva diretamente.
- Cite as fontes utilizadas (registro do paciente e protocolos) de forma explícita.
- Cite IDs exatos entre colchetes, por exemplo [P001] ou [PROTO-EXAMS-001].
- Use apenas os fatos fornecidos. Se faltar informação, diga explicitamente.
- Ao responder sobre exames pendentes, inclua o exam_name exato.
- Não copie o JSON nem invente resultados, duração de sintomas ou confirmações.
- Seja objetivo.
- Não use markdown.
</s>
<|assistant|>
Resumo: O exame chest_xray está pendente [SYN-005].
Contexto do paciente: Não há resultado desse exame no contexto fornecido.
Conduta sugerida: O clínico deve revisar o status do exame chest_xray.
Justificativa: O registro informa status pending [SYN-005].
Fontes utilizadas: [SYN-005].
Observação: Requer validação humana; não permite concluir diagnóstico.</s>
"
SYN-005,"Pergunta clínica:
Which pending exam should the clinician review? Cite its source.

Informações atualizadas do paciente (base estruturada):
{
  ""patient_id"": ""SYN-005"",
  ""name_synthetic"": ""Synthetic 5"",
  ""age"": 35,
  ""sex"": ""F"",
  ""smoking_history"": ""unknown"",
  ""last_updated_at"": ""2026-09-01T00:00:00"",
  ""symptoms"": [],
  ""pending_exams"": [
    {
      ""exam_name"": ""chest_xray"",
      ""status"": ""pending"",
      ""requested_at"": ""2026-09-01""
    }
  ],
  ""latest_findings"": [],
  ""recent_notes"": [],
  ""pending_exams_reviewed"": [
    ""chest_xray""
  ],
  ""alerts"": [],
  ""recommended_actions"": []
}

Protocolos e referências recuperadas:
Nenhum protocolo relevante foi recuperado.

Responda obrigatoriamente neste formato, em texto simples:
Resumo:
Contexto do paciente:
Conduta sugerida:
Justificativa:
Fontes utilizadas:
Observação:

Regras:
- Não diga que há diagnóstico confirmado.
- Não prescreva diretamente.
- Cite as fontes utilizadas (registro do paciente e protocolos) de forma explícita.
- Cite IDs exatos entre colchetes, por exemplo [P001] ou [PROTO-EXAMS-001].
- Use apenas os fatos fornecidos. Se faltar informação, diga explicitamente.
- Ao responder sobre exames pendentes, inclua o exam_name exato.
- Não copie o JSON nem invente resultados, duração de sintomas ou confirmações.
- Seja objetivo.
- Não use markdown.
","Resumo: O exame chest_xray está pendente [SYN-005].
Contexto do paciente: Não há resultado desse exame no contexto fornecido.
Conduta sugerida: O clínico deve revisar o status do exame chest_xray.
Justificativa: O registro informa status pending [SYN-005].
Fontes utilizadas: [SYN-005].
Observação: Requer validação humana; não permite concluir diagnóstico.","<|system|>
Você é um assistente médico especialista responsável por apoiar decisões clínicas com clareza, rigor e alinhamento com protocolos hospitalares. Você NÃO confirma diagnósticos, NÃO prescreve diretamente e NÃO substitui avaliação médica. Todas as recomendações devem ser validadas por um clínico responsável.</s>
<|user|>
Pergunta clínica:
Which pending exam should the clinician review? Cite its source.

Informações atualizadas do paciente (base estruturada):
{
  ""patient_id"": ""SYN-005"",
  ""name_synthetic"": ""Synthetic 5"",
  ""age"": 35,
  ""sex"": ""F"",
  ""smoking_history"": ""unknown"",
  ""last_updated_at"": ""2026-09-01T00:00:00"",
  ""symptoms"": [],
  ""pending_exams"": [
    {
      ""exam_name"": ""chest_xray"",
      ""status"": ""pending"",
      ""requested_at"": ""2026-09-01""
    }
  ],
  ""latest_findings"": [],
  ""recent_notes"": [],
  ""pending_exams_reviewed"": [
    ""chest_xray""
  ],
  ""alerts"": [],
  ""recommended_actions"": []
}

Protocolos e referências recuperadas:
Nenhum protocolo relevante foi recuperado.

Responda obrigatoriamente neste formato, em texto simples:
Resumo:
Contexto do paciente:
Conduta sugerida:
Justificativa:
Fontes utilizadas:
Observação:

Regras:
- Não diga que há diagnóstico confirmado.
- Não prescreva diretamente.
- Cite as fontes utilizadas (registro do paciente e protocolos) de forma explícita.
- Cite IDs exatos entre colchetes, por exemplo [P001] ou [PROTO-EXAMS-001].
- Use apenas os fatos fornecidos. Se faltar informação, diga explicitamente.
- Ao responder sobre exames pendentes, inclua o exam_name exato.
- Não copie o JSON nem invente resultados, duração de sintomas ou confirmações.
- Seja objetivo.
- Não use markdown.
</s>
<|assistant|>
Resumo: O exame chest_xray está pendente [SYN-005].
Contexto do paciente: Não há resultado desse exame no contexto fornecido.
Conduta sugerida: O clínico deve revisar o status do exame chest_xray.
Justificativa: O registro informa status pending [SYN-005].
Fontes utilizadas: [SYN-005].
Observação: Requer validação humana; não permite concluir diagnóstico.</s>
"
SYN-006,"Pergunta clínica:
Qual exame está pendente? Indique a fonte.

Informações atualizadas do paciente (base estruturada):
{
  ""patient_id"": ""SYN-006"",
  ""name_synthetic"": ""Synthetic 6"",
  ""age"": 36,
  ""sex"": ""M"",
  ""smoking_history"": ""unknown"",
  ""last_updated_at"": ""2026-09-01T00:00:00"",
  ""symptoms"": [],
  ""pending_exams"": [
    {
      ""exam_name"": ""chest_ct"",
      ""status"": ""pending"",
      ""requested_at"": ""2026-09-01""
    }
  ],
  ""latest_findings"": [],
  ""recent_notes"": [],
  ""pending_exams_reviewed"": [
    ""chest_ct""
  ],
  ""alerts"": [],
  ""recommended_actions"": []
}

Protocolos e referências recuperadas:
Nenhum protocolo relevante foi recuperado.

Responda obrigatoriamente neste formato, em texto simples:
Resumo:
Contexto do paciente:
Conduta sugerida:
Justificativa:
Fontes utilizadas:
Observação:

Regras:
- Não diga que há diagnóstico confirmado.
- Não prescreva diretamente.
- Cite as fontes utilizadas (registro do paciente e protocolos) de forma explícita.
- Cite IDs exatos entre colchetes, por exemplo [P001] ou [PROTO-EXAMS-001].
- Use apenas os fatos fornecidos. Se faltar informação, diga explicitamente.
- Ao responder sobre exames pendentes, inclua o exam_name exato.
- Não copie o JSON nem invente resultados, duração de sintomas ou confirmações.
- Seja objetivo.
- Não use markdown.
","Resumo: O exame chest_ct está pendente [SYN-006].
Contexto do paciente: Não há resultado desse exame no contexto fornecido.
Conduta sugerida: O clínico deve revisar o status do exame chest_ct.
Justificativa: O registro informa status pending [SYN-006].
Fontes utilizadas: [SYN-006].
Observação: Requer validação humana; não permite concluir diagnóstico.","<|system|>
Você é um assistente médico especialista responsável por apoiar decisões clínicas com clareza, rigor e alinhamento com protocolos hospitalares. Você NÃO confirma diagnósticos, NÃO prescreve diretamente e NÃO substitui avaliação médica. Todas as recomendações devem ser validadas por um clínico responsável.</s>
<|user|>
Pergunta clínica:
Qual exame está pendente? Indique a fonte.

Informações atualizadas do paciente (base estruturada):
{
  ""patient_id"": ""SYN-006"",
  ""name_synthetic"": ""Synthetic 6"",
  ""age"": 36,
  ""sex"": ""M"",
  ""smoking_history"": ""unknown"",
  ""last_updated_at"": ""2026-09-01T00:00:00"",
  ""symptoms"": [],
  ""pending_exams"": [
    {
      ""exam_name"": ""chest_ct"",
      ""status"": ""pending"",
      ""requested_at"": ""2026-09-01""
    }
  ],
  ""latest_findings"": [],
  ""recent_notes"": [],
  ""pending_exams_reviewed"": [
    ""chest_ct""
  ],
  ""alerts"": [],
  ""recommended_actions"": []
}

Protocolos e referências recuperadas:
Nenhum protocolo relevante foi recuperado.

Responda obrigatoriamente neste formato, em texto simples:
Resumo:
Contexto do paciente:
Conduta sugerida:
Justificativa:
Fontes utilizadas:
Observação:

Regras:
- Não diga que há diagnóstico confirmado.
- Não prescreva diretamente.
- Cite as fontes utilizadas (registro do paciente e protocolos) de forma explícita.
- Cite IDs exatos entre colchetes, por exemplo [P001] ou [PROTO-EXAMS-001].
- Use apenas os fatos fornecidos. Se faltar informação, diga explicitamente.
- Ao responder sobre exames pendentes, inclua o exam_name exato.
- Não copie o JSON nem invente resultados, duração de sintomas ou confirmações.
- Seja objetivo.
- Não use markdown.
</s>
<|assistant|>
Resumo: O exame chest_ct está pendente [SYN-006].
Contexto do paciente: Não há resultado desse exame no contexto fornecido.
Conduta sugerida: O clínico deve revisar o status do exame chest_ct.
Justificativa: O registro informa status pending [SYN-006].
Fontes utilizadas: [SYN-006].
Observação: Requer validação humana; não permite concluir diagnóstico.</s>
"
SYN-006,"Pergunta clínica:
Which pending exam should the clinician review? Cite its source.

Informações atualizadas do paciente (base estruturada):
{
  ""patient_id"": ""SYN-006"",
  ""name_synthetic"": ""Synthetic 6"",
  ""age"": 36,
  ""sex"": ""M"",
  ""smoking_history"": ""unknown"",
  ""last_updated_at"": ""2026-09-01T00:00:00"",
  ""symptoms"": [],
  ""pending_exams"": [
    {
      ""exam_name"": ""chest_ct"",
      ""status"": ""pending"",
      ""requested_at"": ""2026-09-01""
    }
  ],
  ""latest_findings"": [],
  ""recent_notes"": [],
  ""pending_exams_reviewed"": [
    ""chest_ct""
  ],
  ""alerts"": [],
  ""recommended_actions"": []
}

Protocolos e referências recuperadas:
Nenhum protocolo relevante foi recuperado.

Responda obrigatoriamente neste formato, em texto simples:
Resumo:
Contexto do paciente:
Conduta sugerida:
Justificativa:
Fontes utilizadas:
Observação:

Regras:
- Não diga que há diagnóstico confirmado.
- Não prescreva diretamente.
- Cite as fontes utilizadas (registro do paciente e protocolos) de forma explícita.
- Cite IDs exatos entre colchetes, por exemplo [P001] ou [PROTO-EXAMS-001].
- Use apenas os fatos fornecidos. Se faltar informação, diga explicitamente.
- Ao responder sobre exames pendentes, inclua o exam_name exato.
- Não copie o JSON nem invente resultados, duração de sintomas ou confirmações.
- Seja objetivo.
- Não use markdown.
","Resumo: O exame chest_ct está pendente [SYN-006].
Contexto do paciente: Não há resultado desse exame no contexto fornecido.
Conduta sugerida: O clínico deve revisar o status do exame chest_ct.
Justificativa: O registro informa status pending [SYN-006].
Fontes utilizadas: [SYN-006].
Observação: Requer validação humana; não permite concluir diagnóstico.","<|system|>
Você é um assistente médico especialista responsável por apoiar decisões clínicas com clareza, rigor e alinhamento com protocolos hospitalares. Você NÃO confirma diagnósticos, NÃO prescreve diretamente e NÃO substitui avaliação médica. Todas as recomendações devem ser validadas por um clínico responsável.</s>
<|user|>
Pergunta clínica:
Which pending exam should the clinician review? Cite its source.

Informações atualizadas do paciente (base estruturada):
{
  ""patient_id"": ""SYN-006"",
  ""name_synthetic"": ""Synthetic 6"",
  ""age"": 36,
  ""sex"": ""M"",
  ""smoking_history"": ""unknown"",
  ""last_updated_at"": ""2026-09-01T00:00:00"",
  ""symptoms"": [],
  ""pending_exams"": [
    {
      ""exam_name"": ""chest_ct"",
      ""status"": ""pending"",
      ""requested_at"": ""2026-09-01""
    }
  ],
  ""latest_findings"": [],
  ""recent_notes"": [],
  ""pending_exams_reviewed"": [
    ""chest_ct""
  ],
  ""alerts"": [],
  ""recommended_actions"": []
}

Protocolos e referências recuperadas:
Nenhum protocolo relevante foi recuperado.

Responda obrigatoriamente neste formato, em texto simples:
Resumo:
Contexto do paciente:
Conduta sugerida:
Justificativa:
Fontes utilizadas:
Observação:

Regras:
- Não diga que há diagnóstico confirmado.
- Não prescreva diretamente.
- Cite as fontes utilizadas (registro do paciente e protocolos) de forma explícita.
- Cite IDs exatos entre colchetes, por exemplo [P001] ou [PROTO-EXAMS-001].
- Use apenas os fatos fornecidos. Se faltar informação, diga explicitamente.
- Ao responder sobre exames pendentes, inclua o exam_name exato.
- Não copie o JSON nem invente resultados, duração de sintomas ou confirmações.
- Seja objetivo.
- Não use markdown.
</s>
<|assistant|>
Resumo: O exame chest_ct está pendente [SYN-006].
Contexto do paciente: Não há resultado desse exame no contexto fornecido.
Conduta sugerida: O clínico deve revisar o status do exame chest_ct.
Justificativa: O registro informa status pending [SYN-006].
Fontes utilizadas: [SYN-006].
Observação: Requer validação humana; não permite concluir diagnóstico.</s>
"
SYN-007,"Pergunta clínica:
Qual exame está pendente? Indique a fonte.

Informações atualizadas do paciente (base estruturada):
{
  ""patient_id"": ""SYN-007"",
  ""name_synthetic"": ""Synthetic 7"",
  ""age"": 37,
  ""sex"": ""F"",
  ""smoking_history"": ""unknown"",
  ""last_updated_at"": ""2026-09-01T00:00:00"",
  ""symptoms"": [],
  ""pending_exams"": [
    {
      ""exam_name"": ""spirometry"",
      ""status"": ""pending"",
      ""requested_at"": ""2026-09-01""
    }
  ],
  ""latest_findings"": [],
  ""recent_notes"": [],
  ""pending_exams_reviewed"": [
    ""spirometry""
  ],
  ""alerts"": [],
  ""recommended_actions"": []
}

Protocolos e referências recuperadas:
Nenhum protocolo relevante foi recuperado.

Responda obrigatoriamente neste formato, em texto simples:
Resumo:
Contexto do paciente:
Conduta sugerida:
Justificativa:
Fontes utilizadas:
Observação:

Regras:
- Não diga que há diagnóstico confirmado.
- Não prescreva diretamente.
- Cite as fontes utilizadas (registro do paciente e protocolos) de forma explícita.
- Cite IDs exatos entre colchetes, por exemplo [P001] ou [PROTO-EXAMS-001].
- Use apenas os fatos fornecidos. Se faltar informação, diga explicitamente.
- Ao responder sobre exames pendentes, inclua o exam_name exato.
- Não copie o JSON nem invente resultados, duração de sintomas ou confirmações.
- Seja objetivo.
- Não use markdown.
","Resumo: O exame spirometry está pendente [SYN-007].
Contexto do paciente: Não há resultado desse exame no contexto fornecido.
Conduta sugerida: O clínico deve revisar o status do exame spirometry.
Justificativa: O registro informa status pending [SYN-007].
Fontes utilizadas: [SYN-007].
Observação: Requer validação humana; não permite concluir diagnóstico.","<|system|>
Você é um assistente médico especialista responsável por apoiar decisões clínicas com clareza, rigor e alinhamento com protocolos hospitalares. Você NÃO confirma diagnósticos, NÃO prescreve diretamente e NÃO substitui avaliação médica. Todas as recomendações devem ser validadas por um clínico responsável.</s>
<|user|>
Pergunta clínica:
Qual exame está pendente? Indique a fonte.

Informações atualizadas do paciente (base estruturada):
{
  ""patient_id"": ""SYN-007"",
  ""name_synthetic"": ""Synthetic 7"",
  ""age"": 37,
  ""sex"": ""F"",
  ""smoking_history"": ""unknown"",
  ""last_updated_at"": ""2026-09-01T00:00:00"",
  ""symptoms"": [],
  ""pending_exams"": [
    {
      ""exam_name"": ""spirometry"",
      ""status"": ""pending"",
      ""requested_at"": ""2026-09-01""
    }
  ],
  ""latest_findings"": [],
  ""recent_notes"": [],
  ""pending_exams_reviewed"": [
    ""spirometry""
  ],
  ""alerts"": [],
  ""recommended_actions"": []
}

Protocolos e referências recuperadas:
Nenhum protocolo relevante foi recuperado.

Responda obrigatoriamente neste formato, em texto simples:
Resumo:
Contexto do paciente:
Conduta sugerida:
Justificativa:
Fontes utilizadas:
Observação:

Regras:
- Não diga que há diagnóstico confirmado.
- Não prescreva diretamente.
- Cite as fontes utilizadas (registro do paciente e protocolos) de forma explícita.
- Cite IDs exatos entre colchetes, por exemplo [P001] ou [PROTO-EXAMS-001].
- Use apenas os fatos fornecidos. Se faltar informação, diga explicitamente.
- Ao responder sobre exames pendentes, inclua o exam_name exato.
- Não copie o JSON nem invente resultados, duração de sintomas ou confirmações.
- Seja objetivo.
- Não use markdown.
</s>
<|assistant|>
Resumo: O exame spirometry está pendente [SYN-007].
Contexto do paciente: Não há resultado desse exame no contexto fornecido.
Conduta sugerida: O clínico deve revisar o status do exame spirometry.
Justificativa: O registro informa status pending [SYN-007].
Fontes utilizadas: [SYN-007].
Observação: Requer validação humana; não permite concluir diagnóstico.</s>
"
SYN-007,"Pergunta clínica:
Which pending exam should the clinician review? Cite its source.

Informações atualizadas do paciente (base estruturada):
{
  ""patient_id"": ""SYN-007"",
  ""name_synthetic"": ""Synthetic 7"",
  ""age"": 37,
  ""sex"": ""F"",
  ""smoking_history"": ""unknown"",
  ""last_updated_at"": ""2026-09-01T00:00:00"",
  ""symptoms"": [],
  ""pending_exams"": [
    {
      ""exam_name"": ""spirometry"",
      ""status"": ""pending"",
      ""requested_at"": ""2026-09-01""
    }
  ],
  ""latest_findings"": [],
  ""recent_notes"": [],
  ""pending_exams_reviewed"": [
    ""spirometry""
  ],
  ""alerts"": [],
  ""recommended_actions"": []
}

Protocolos e referências recuperadas:
Nenhum protocolo relevante foi recuperado.

Responda obrigatoriamente neste formato, em texto simples:
Resumo:
Contexto do paciente:
Conduta sugerida:
Justificativa:
Fontes utilizadas:
Observação:

Regras:
- Não diga que há diagnóstico confirmado.
- Não prescreva diretamente.
- Cite as fontes utilizadas (registro do paciente e protocolos) de forma explícita.
- Cite IDs exatos entre colchetes, por exemplo [P001] ou [PROTO-EXAMS-001].
- Use apenas os fatos fornecidos. Se faltar informação, diga explicitamente.
- Ao responder sobre exames pendentes, inclua o exam_name exato.
- Não copie o JSON nem invente resultados, duração de sintomas ou confirmações.
- Seja objetivo.
- Não use markdown.
","Resumo: O exame spirometry está pendente [SYN-007].
Contexto do paciente: Não há resultado desse exame no contexto fornecido.
Conduta sugerida: O clínico deve revisar o status do exame spirometry.
Justificativa: O registro informa status pending [SYN-007].
Fontes utilizadas: [SYN-007].
Observação: Requer validação humana; não permite concluir diagnóstico.","<|system|>
Você é um assistente médico especialista responsável por apoiar decisões clínicas com clareza, rigor e alinhamento com protocolos hospitalares. Você NÃO confirma diagnósticos, NÃO prescreve diretamente e NÃO substitui avaliação médica. Todas as recomendações devem ser validadas por um clínico responsável.</s>
<|user|>
Pergunta clínica:
Which pending exam should the clinician review? Cite its source.

Informações atualizadas do paciente (base estruturada):
{
  ""patient_id"": ""SYN-007"",
  ""name_synthetic"": ""Synthetic 7"",
  ""age"": 37,
  ""sex"": ""F"",
  ""smoking_history"": ""unknown"",
  ""last_updated_at"": ""2026-09-01T00:00:00"",
  ""symptoms"": [],
  ""pending_exams"": [
    {
      ""exam_name"": ""spirometry"",
      ""status"": ""pending"",
      ""requested_at"": ""2026-09-01""
    }
  ],
  ""latest_findings"": [],
  ""recent_notes"": [],
  ""pending_exams_reviewed"": [
    ""spirometry""
  ],
  ""alerts"": [],
  ""recommended_actions"": []
}

Protocolos e referências recuperadas:
Nenhum protocolo relevante foi recuperado.

Responda obrigatoriamente neste formato, em texto simples:
Resumo:
Contexto do paciente:
Conduta sugerida:
Justificativa:
Fontes utilizadas:
Observação:

Regras:
- Não diga que há diagnóstico confirmado.
- Não prescreva diretamente.
- Cite as fontes utilizadas (registro do paciente e protocolos) de forma explícita.
- Cite IDs exatos entre colchetes, por exemplo [P001] ou [PROTO-EXAMS-001].
- Use apenas os fatos fornecidos. Se faltar informação, diga explicitamente.
- Ao responder sobre exames pendentes, inclua o exam_name exato.
- Não copie o JSON nem invente resultados, duração de sintomas ou confirmações.
- Seja objetivo.
- Não use markdown.
</s>
<|assistant|>
Resumo: O exame spirometry está pendente [SYN-007].
Contexto do paciente: Não há resultado desse exame no contexto fornecido.
Conduta sugerida: O clínico deve revisar o status do exame spirometry.
Justificativa: O registro informa status pending [SYN-007].
Fontes utilizadas: [SYN-007].
Observação: Requer validação humana; não permite concluir diagnóstico.</s>
"
SYN-010,"Pergunta clínica:
Qual exame está pendente? Indique a fonte.

Informações atualizadas do paciente (base estruturada):
{
  ""patient_id"": ""SYN-010"",
  ""name_synthetic"": ""Synthetic 10"",
  ""age"": 40,
  ""sex"": ""M"",
  ""smoking_history"": ""unknown"",
  ""last_updated_at"": ""2026-09-01T00:00:00"",
  ""symptoms"": [],
  ""pending_exams"": [
    {
      ""exam_name"": ""spirometry"",
      ""status"": ""pending"",
      ""requested_at"": ""2026-09-01""
    }
  ],
  ""latest_findings"": [],
  ""recent_notes"": [],
  ""pending_exams_reviewed"": [
    ""spirometry""
  ],
  ""alerts"": [],
  ""recommended_actions"": []
}

Protocolos e referências recuperadas:
Nenhum protocolo relevante foi recuperado.

Responda obrigatoriamente neste formato, em texto simples:
Resumo:
Contexto do paciente:
Conduta sugerida:
Justificativa:
Fontes utilizadas:
Observação:

Regras:
- Não diga que há diagnóstico confirmado.
- Não prescreva diretamente.
- Cite as fontes utilizadas (registro do paciente e protocolos) de forma explícita.
- Cite IDs exatos entre colchetes, por exemplo [P001] ou [PROTO-EXAMS-001].
- Use apenas os fatos fornecidos. Se faltar informação, diga explicitamente.
- Ao responder sobre exames pendentes, inclua o exam_name exato.
- Não copie o JSON nem invente resultados, duração de sintomas ou confirmações.
- Seja objetivo.
- Não use markdown.
","Resumo: O exame spirometry está pendente [SYN-010].
Contexto do paciente: Não há resultado desse exame no contexto fornecido.
Conduta sugerida: O clínico deve revisar o status do exame spirometry.
Justificativa: O registro informa status pending [SYN-010].
Fontes utilizadas: [SYN-010].
Observação: Requer validação humana; não permite concluir diagnóstico.","<|system|>
Você é um assistente médico especialista responsável por apoiar decisões clínicas com clareza, rigor e alinhamento com protocolos hospitalares. Você NÃO confirma diagnósticos, NÃO prescreve diretamente e NÃO substitui avaliação médica. Todas as recomendações devem ser validadas por um clínico responsável.</s>
<|user|>
Pergunta clínica:
Qual exame está pendente? Indique a fonte.

Informações atualizadas do paciente (base estruturada):
{
  ""patient_id"": ""SYN-010"",
  ""name_synthetic"": ""Synthetic 10"",
  ""age"": 40,
  ""sex"": ""M"",
  ""smoking_history"": ""unknown"",
  ""last_updated_at"": ""2026-09-01T00:00:00"",
  ""symptoms"": [],
  ""pending_exams"": [
    {
      ""exam_name"": ""spirometry"",
      ""status"": ""pending"",
      ""requested_at"": ""2026-09-01""
    }
  ],
  ""latest_findings"": [],
  ""recent_notes"": [],
  ""pending_exams_reviewed"": [
    ""spirometry""
  ],
  ""alerts"": [],
  ""recommended_actions"": []
}

Protocolos e referências recuperadas:
Nenhum protocolo relevante foi recuperado.

Responda obrigatoriamente neste formato, em texto simples:
Resumo:
Contexto do paciente:
Conduta sugerida:
Justificativa:
Fontes utilizadas:
Observação:

Regras:
- Não diga que há diagnóstico confirmado.
- Não prescreva diretamente.
- Cite as fontes utilizadas (registro do paciente e protocolos) de forma explícita.
- Cite IDs exatos entre colchetes, por exemplo [P001] ou [PROTO-EXAMS-001].
- Use apenas os fatos fornecidos. Se faltar informação, diga explicitamente.
- Ao responder sobre exames pendentes, inclua o exam_name exato.
- Não copie o JSON nem invente resultados, duração de sintomas ou confirmações.
- Seja objetivo.
- Não use markdown.
</s>
<|assistant|>
Resumo: O exame spirometry está pendente [SYN-010].
Contexto do paciente: Não há resultado desse exame no contexto fornecido.
Conduta sugerida: O clínico deve revisar o status do exame spirometry.
Justificativa: O registro informa status pending [SYN-010].
Fontes utilizadas: [SYN-010].
Observação: Requer validação humana; não permite concluir diagnóstico.</s>
"
SYN-010,"Pergunta clínica:
Which pending exam should the clinician review? Cite its source.

Informações atualizadas do paciente (base estruturada):
{
  ""patient_id"": ""SYN-010"",
  ""name_synthetic"": ""Synthetic 10"",
  ""age"": 40,
  ""sex"": ""M"",
  ""smoking_history"": ""unknown"",
  ""last_updated_at"": ""2026-09-01T00:00:00"",
  ""symptoms"": [],
  ""pending_exams"": [
    {
      ""exam_name"": ""spirometry"",
      ""status"": ""pending"",
      ""requested_at"": ""2026-09-01""
    }
  ],
  ""latest_findings"": [],
  ""recent_notes"": [],
  ""pending_exams_reviewed"": [
    ""spirometry""
  ],
  ""alerts"": [],
  ""recommended_actions"": []
}

Protocolos e referências recuperadas:
Nenhum protocolo relevante foi recuperado.

Responda obrigatoriamente neste formato, em texto simples:
Resumo:
Contexto do paciente:
Conduta sugerida:
Justificativa:
Fontes utilizadas:
Observação:

Regras:
- Não diga que há diagnóstico confirmado.
- Não prescreva diretamente.
- Cite as fontes utilizadas (registro do paciente e protocolos) de forma explícita.
- Cite IDs exatos entre colchetes, por exemplo [P001] ou [PROTO-EXAMS-001].
- Use apenas os fatos fornecidos. Se faltar informação, diga explicitamente.
- Ao responder sobre exames pendentes, inclua o exam_name exato.
- Não copie o JSON nem invente resultados, duração de sintomas ou confirmações.
- Seja objetivo.
- Não use markdown.
","Resumo: O exame spirometry está pendente [SYN-010].
Contexto do paciente: Não há resultado desse exame no contexto fornecido.
Conduta sugerida: O clínico deve revisar o status do exame spirometry.
Justificativa: O registro informa status pending [SYN-010].
Fontes utilizadas: [SYN-010].
Observação: Requer validação humana; não permite concluir diagnóstico.","<|system|>
Você é um assistente médico especialista responsável por apoiar decisões clínicas com clareza, rigor e alinhamento com protocolos hospitalares. Você NÃO confirma diagnósticos, NÃO prescreve diretamente e NÃO substitui avaliação médica. Todas as recomendações devem ser validadas por um clínico responsável.</s>
<|user|>
Pergunta clínica:
Which pending exam should the clinician review? Cite its source.

Informações atualizadas do paciente (base estruturada):
{
  ""patient_id"": ""SYN-010"",
  ""name_synthetic"": ""Synthetic 10"",
  ""age"": 40,
  ""sex"": ""M"",
  ""smoking_history"": ""unknown"",
  ""last_updated_at"": ""2026-09-01T00:00:00"",
  ""symptoms"": [],
  ""pending_exams"": [
    {
      ""exam_name"": ""spirometry"",
      ""status"": ""pending"",
      ""requested_at"": ""2026-09-01""
    }
  ],
  ""latest_findings"": [],
  ""recent_notes"": [],
  ""pending_exams_reviewed"": [
    ""spirometry""
  ],
  ""alerts"": [],
  ""recommended_actions"": []
}

Protocolos e referências recuperadas:
Nenhum protocolo relevante foi recuperado.

Responda obrigatoriamente neste formato, em texto simples:
Resumo:
Contexto do paciente:
Conduta sugerida:
Justificativa:
Fontes utilizadas:
Observação:

Regras:
- Não diga que há diagnóstico confirmado.
- Não prescreva diretamente.
- Cite as fontes utilizadas (registro do paciente e protocolos) de forma explícita.
- Cite IDs exatos entre colchetes, por exemplo [P001] ou [PROTO-EXAMS-001].
- Use apenas os fatos fornecidos. Se faltar informação, diga explicitamente.
- Ao responder sobre exames pendentes, inclua o exam_name exato.
- Não copie o JSON nem invente resultados, duração de sintomas ou confirmações.
- Seja objetivo.
- Não use markdown.
</s>
<|assistant|>
Resumo: O exame spirometry está pendente [SYN-010].
Contexto do paciente: Não há resultado desse exame no contexto fornecido.
Conduta sugerida: O clínico deve revisar o status do exame spirometry.
Justificativa: O registro informa status pending [SYN-010].
Fontes utilizadas: [SYN-010].
Observação: Requer validação humana; não permite concluir diagnóstico.</s>
"
SYN-011,"Pergunta clínica:
Qual exame está pendente? Indique a fonte.

Informações atualizadas do paciente (base estruturada):
{
  ""patient_id"": ""SYN-011"",
  ""name_synthetic"": ""Synthetic 11"",
  ""age"": 41,
  ""sex"": ""F"",
  ""smoking_history"": ""unknown"",
  ""last_updated_at"": ""2026-09-01T00:00:00"",
  ""symptoms"": [],
  ""pending_exams"": [
    {
      ""exam_name"": ""chest_xray"",
      ""status"": ""pending"",
      ""requested_at"": ""2026-09-01""
    }
  ],
  ""latest_findings"": [],
  ""recent_notes"": [],
  ""pending_exams_reviewed"": [
    ""chest_xray""
  ],
  ""alerts"": [],
  ""recommended_actions"": []
}

Protocolos e referências recuperadas:
Nenhum protocolo relevante foi recuperado.

Responda obrigatoriamente neste formato, em texto simples:
Resumo:
Contexto do paciente:
Conduta sugerida:
Justificativa:
Fontes utilizadas:
Observação:

Regras:
- Não diga que há diagnóstico confirmado.
- Não prescreva diretamente.
- Cite as fontes utilizadas (registro do paciente e protocolos) de forma explícita.
- Cite IDs exatos entre colchetes, por exemplo [P001] ou [PROTO-EXAMS-001].
- Use apenas os fatos fornecidos. Se faltar informação, diga explicitamente.
- Ao responder sobre exames pendentes, inclua o exam_name exato.
- Não copie o JSON nem invente resultados, duração de sintomas ou confirmações.
- Seja objetivo.
- Não use markdown.
","Resumo: O exame chest_xray está pendente [SYN-011].
Contexto do paciente: Não há resultado desse exame no contexto fornecido.
Conduta sugerida: O clínico deve revisar o status do exame chest_xray.
Justificativa: O registro informa status pending [SYN-011].
Fontes utilizadas: [SYN-011].
Observação: Requer validação humana; não permite concluir diagnóstico.","<|system|>
Você é um assistente médico especialista responsável por apoiar decisões clínicas com clareza, rigor e alinhamento com protocolos hospitalares. Você NÃO confirma diagnósticos, NÃO prescreve diretamente e NÃO substitui avaliação médica. Todas as recomendações devem ser validadas por um clínico responsável.</s>
<|user|>
Pergunta clínica:
Qual exame está pendente? Indique a fonte.

Informações atualizadas do paciente (base estruturada):
{
  ""patient_id"": ""SYN-011"",
  ""name_synthetic"": ""Synthetic 11"",
  ""age"": 41,
  ""sex"": ""F"",
  ""smoking_history"": ""unknown"",
  ""last_updated_at"": ""2026-09-01T00:00:00"",
  ""symptoms"": [],
  ""pending_exams"": [
    {
      ""exam_name"": ""chest_xray"",
      ""status"": ""pending"",
      ""requested_at"": ""2026-09-01""
    }
  ],
  ""latest_findings"": [],
  ""recent_notes"": [],
  ""pending_exams_reviewed"": [
    ""chest_xray""
  ],
  ""alerts"": [],
  ""recommended_actions"": []
}

Protocolos e referências recuperadas:
Nenhum protocolo relevante foi recuperado.

Responda obrigatoriamente neste formato, em texto simples:
Resumo:
Contexto do paciente:
Conduta sugerida:
Justificativa:
Fontes utilizadas:
Observação:

Regras:
- Não diga que há diagnóstico confirmado.
- Não prescreva diretamente.
- Cite as fontes utilizadas (registro do paciente e protocolos) de forma explícita.
- Cite IDs exatos entre colchetes, por exemplo [P001] ou [PROTO-EXAMS-001].
- Use apenas os fatos fornecidos. Se faltar informação, diga explicitamente.
- Ao responder sobre exames pendentes, inclua o exam_name exato.
- Não copie o JSON nem invente resultados, duração de sintomas ou confirmações.
- Seja objetivo.
- Não use markdown.
</s>
<|assistant|>
Resumo: O exame chest_xray está pendente [SYN-011].
Contexto do paciente: Não há resultado desse exame no contexto fornecido.
Conduta sugerida: O clínico deve revisar o status do exame chest_xray.
Justificativa: O registro informa status pending [SYN-011].
Fontes utilizadas: [SYN-011].
Observação: Requer validação humana; não permite concluir diagnóstico.</s>
"
SYN-011,"Pergunta clínica:
Which pending exam should the clinician review? Cite its source.

Informações atualizadas do paciente (base estruturada):
{
  ""patient_id"": ""SYN-011"",
  ""name_synthetic"": ""Synthetic 11"",
  ""age"": 41,
  ""sex"": ""F"",
  ""smoking_history"": ""unknown"",
  ""last_updated_at"": ""2026-09-01T00:00:00"",
  ""symptoms"": [],
  ""pending_exams"": [
    {
      ""exam_name"": ""chest_xray"",
      ""status"": ""pending"",
      ""requested_at"": ""2026-09-01""
    }
  ],
  ""latest_findings"": [],
  ""recent_notes"": [],
  ""pending_exams_reviewed"": [
    ""chest_xray""
  ],
  ""alerts"": [],
  ""recommended_actions"": []
}

Protocolos e referências recuperadas:
Nenhum protocolo relevante foi recuperado.

Responda obrigatoriamente neste formato, em texto simples:
Resumo:
Contexto do paciente:
Conduta sugerida:
Justificativa:
Fontes utilizadas:
Observação:

Regras:
- Não diga que há diagnóstico confirmado.
- Não prescreva diretamente.
- Cite as fontes utilizadas (registro do paciente e protocolos) de forma explícita.
- Cite IDs exatos entre colchetes, por exemplo [P001] ou [PROTO-EXAMS-001].
- Use apenas os fatos fornecidos. Se faltar informação, diga explicitamente.
- Ao responder sobre exames pendentes, inclua o exam_name exato.
- Não copie o JSON nem invente resultados, duração de sintomas ou confirmações.
- Seja objetivo.
- Não use markdown.
","Resumo: O exame chest_xray está pendente [SYN-011].
Contexto do paciente: Não há resultado desse exame no contexto fornecido.
Conduta sugerida: O clínico deve revisar o status do exame chest_xray.
Justificativa: O registro informa status pending [SYN-011].
Fontes utilizadas: [SYN-011].
Observação: Requer validação humana; não permite concluir diagnóstico.","<|system|>
Você é um assistente médico especialista responsável por apoiar decisões clínicas com clareza, rigor e alinhamento com protocolos hospitalares. Você NÃO confirma diagnósticos, NÃO prescreve diretamente e NÃO substitui avaliação médica. Todas as recomendações devem ser validadas por um clínico responsável.</s>
<|user|>
Pergunta clínica:
Which pending exam should the clinician review? Cite its source.

Informações atualizadas do paciente (base estruturada):
{
  ""patient_id"": ""SYN-011"",
  ""name_synthetic"": ""Synthetic 11"",
  ""age"": 41,
  ""sex"": ""F"",
  ""smoking_history"": ""unknown"",
  ""last_updated_at"": ""2026-09-01T00:00:00"",
  ""symptoms"": [],
  ""pending_exams"": [
    {
      ""exam_name"": ""chest_xray"",
      ""status"": ""pending"",
      ""requested_at"": ""2026-09-01""
    }
  ],
  ""latest_findings"": [],
  ""recent_notes"": [],
  ""pending_exams_reviewed"": [
    ""chest_xray""
  ],
  ""alerts"": [],
  ""recommended_actions"": []
}

Protocolos e referências recuperadas:
Nenhum protocolo relevante foi recuperado.

Responda obrigatoriamente neste formato, em texto simples:
Resumo:
Contexto do paciente:
Conduta sugerida:
Justificativa:
Fontes utilizadas:
Observação:

Regras:
- Não diga que há diagnóstico confirmado.
- Não prescreva diretamente.
- Cite as fontes utilizadas (registro do paciente e protocolos) de forma explícita.
- Cite IDs exatos entre colchetes, por exemplo [P001] ou [PROTO-EXAMS-001].
- Use apenas os fatos fornecidos. Se faltar informação, diga explicitamente.
- Ao responder sobre exames pendentes, inclua o exam_name exato.
- Não copie o JSON nem invente resultados, duração de sintomas ou confirmações.
- Seja objetivo.
- Não use markdown.
</s>
<|assistant|>
Resumo: O exame chest_xray está pendente [SYN-011].
Contexto do paciente: Não há resultado desse exame no contexto fornecido.
Conduta sugerida: O clínico deve revisar o status do exame chest_xray.
Justificativa: O registro informa status pending [SYN-011].
Fontes utilizadas: [SYN-011].
Observação: Requer validação humana; não permite concluir diagnóstico.</s>
"
SYN-012,"Pergunta clínica:
Qual exame está pendente? Indique a fonte.

Informações atualizadas do paciente (base estruturada):
{
  ""patient_id"": ""SYN-012"",
  ""name_synthetic"": ""Synthetic 12"",
  ""age"": 42,
  ""sex"": ""M"",
  ""smoking_history"": ""unknown"",
  ""last_updated_at"": ""2026-09-01T00:00:00"",
  ""symptoms"": [],
  ""pending_exams"": [
    {
      ""exam_name"": ""chest_ct"",
      ""status"": ""pending"",
      ""requested_at"": ""2026-09-01""
    }
  ],
  ""latest_findings"": [],
  ""recent_notes"": [],
  ""pending_exams_reviewed"": [
    ""chest_ct""
  ],
  ""alerts"": [],
  ""recommended_actions"": []
}

Protocolos e referências recuperadas:
Nenhum protocolo relevante foi recuperado.

Responda obrigatoriamente neste formato, em texto simples:
Resumo:
Contexto do paciente:
Conduta sugerida:
Justificativa:
Fontes utilizadas:
Observação:

Regras:
- Não diga que há diagnóstico confirmado.
- Não prescreva diretamente.
- Cite as fontes utilizadas (registro do paciente e protocolos) de forma explícita.
- Cite IDs exatos entre colchetes, por exemplo [P001] ou [PROTO-EXAMS-001].
- Use apenas os fatos fornecidos. Se faltar informação, diga explicitamente.
- Ao responder sobre exames pendentes, inclua o exam_name exato.
- Não copie o JSON nem invente resultados, duração de sintomas ou confirmações.
- Seja objetivo.
- Não use markdown.
","Resumo: O exame chest_ct está pendente [SYN-012].
Contexto do paciente: Não há resultado desse exame no contexto fornecido.
Conduta sugerida: O clínico deve revisar o status do exame chest_ct.
Justificativa: O registro informa status pending [SYN-012].
Fontes utilizadas: [SYN-012].
Observação: Requer validação humana; não permite concluir diagnóstico.","<|system|>
Você é um assistente médico especialista responsável por apoiar decisões clínicas com clareza, rigor e alinhamento com protocolos hospitalares. Você NÃO confirma diagnósticos, NÃO prescreve diretamente e NÃO substitui avaliação médica. Todas as recomendações devem ser validadas por um clínico responsável.</s>
<|user|>
Pergunta clínica:
Qual exame está pendente? Indique a fonte.

Informações atualizadas do paciente (base estruturada):
{
  ""patient_id"": ""SYN-012"",
  ""name_synthetic"": ""Synthetic 12"",
  ""age"": 42,
  ""sex"": ""M"",
  ""smoking_history"": ""unknown"",
  ""last_updated_at"": ""2026-09-01T00:00:00"",
  ""symptoms"": [],
  ""pending_exams"": [
    {
      ""exam_name"": ""chest_ct"",
      ""status"": ""pending"",
      ""requested_at"": ""2026-09-01""
    }
  ],
  ""latest_findings"": [],
  ""recent_notes"": [],
  ""pending_exams_reviewed"": [
    ""chest_ct""
  ],
  ""alerts"": [],
  ""recommended_actions"": []
}

Protocolos e referências recuperadas:
Nenhum protocolo relevante foi recuperado.

Responda obrigatoriamente neste formato, em texto simples:
Resumo:
Contexto do paciente:
Conduta sugerida:
Justificativa:
Fontes utilizadas:
Observação:

Regras:
- Não diga que há diagnóstico confirmado.
- Não prescreva diretamente.
- Cite as fontes utilizadas (registro do paciente e protocolos) de forma explícita.
- Cite IDs exatos entre colchetes, por exemplo [P001] ou [PROTO-EXAMS-001].
- Use apenas os fatos fornecidos. Se faltar informação, diga explicitamente.
- Ao responder sobre exames pendentes, inclua o exam_name exato.
- Não copie o JSON nem invente resultados, duração de sintomas ou confirmações.
- Seja objetivo.
- Não use markdown.
</s>
<|assistant|>
Resumo: O exame chest_ct está pendente [SYN-012].
Contexto do paciente: Não há resultado desse exame no contexto fornecido.
Conduta sugerida: O clínico deve revisar o status do exame chest_ct.
Justificativa: O registro informa status pending [SYN-012].
Fontes utilizadas: [SYN-012].
Observação: Requer validação humana; não permite concluir diagnóstico.</s>
"
SYN-012,"Pergunta clínica:
Which pending exam should the clinician review? Cite its source.

Informações atualizadas do paciente (base estruturada):
{
  ""patient_id"": ""SYN-012"",
  ""name_synthetic"": ""Synthetic 12"",
  ""age"": 42,
  ""sex"": ""M"",
  ""smoking_history"": ""unknown"",
  ""last_updated_at"": ""2026-09-01T00:00:00"",
  ""symptoms"": [],
  ""pending_exams"": [
    {
      ""exam_name"": ""chest_ct"",
      ""status"": ""pending"",
      ""requested_at"": ""2026-09-01""
    }
  ],
  ""latest_findings"": [],
  ""recent_notes"": [],
  ""pending_exams_reviewed"": [
    ""chest_ct""
  ],
  ""alerts"": [],
  ""recommended_actions"": []
}

Protocolos e referências recuperadas:
Nenhum protocolo relevante foi recuperado.

Responda obrigatoriamente neste formato, em texto simples:
Resumo:
Contexto do paciente:
Conduta sugerida:
Justificativa:
Fontes utilizadas:
Observação:

Regras:
- Não diga que há diagnóstico confirmado.
- Não prescreva diretamente.
- Cite as fontes utilizadas (registro do paciente e protocolos) de forma explícita.
- Cite IDs exatos entre colchetes, por exemplo [P001] ou [PROTO-EXAMS-001].
- Use apenas os fatos fornecidos. Se faltar informação, diga explicitamente.
- Ao responder sobre exames pendentes, inclua o exam_name exato.
- Não copie o JSON nem invente resultados, duração de sintomas ou confirmações.
- Seja objetivo.
- Não use markdown.
","Resumo: O exame chest_ct está pendente [SYN-012].
Contexto do paciente: Não há resultado desse exame no contexto fornecido.
Conduta sugerida: O clínico deve revisar o status do exame chest_ct.
Justificativa: O registro informa status pending [SYN-012].
Fontes utilizadas: [SYN-012].
Observação: Requer validação humana; não permite concluir diagnóstico.","<|system|>
Você é um assistente médico especialista responsável por apoiar decisões clínicas com clareza, rigor e alinhamento com protocolos hospitalares. Você NÃO confirma diagnósticos, NÃO prescreve diretamente e NÃO substitui avaliação médica. Todas as recomendações devem ser validadas por um clínico responsável.</s>
<|user|>
Pergunta clínica:
Which pending exam should the clinician review? Cite its source.

Informações atualizadas do paciente (base estruturada):
{
  ""patient_id"": ""SYN-012"",
  ""name_synthetic"": ""Synthetic 12"",
  ""age"": 42,
  ""sex"": ""M"",
  ""smoking_history"": ""unknown"",
  ""last_updated_at"": ""2026-09-01T00:00:00"",
  ""symptoms"": [],
  ""pending_exams"": [
    {
      ""exam_name"": ""chest_ct"",
      ""status"": ""pending"",
      ""requested_at"": ""2026-09-01""
    }
  ],
  ""latest_findings"": [],
  ""recent_notes"": [],
  ""pending_exams_reviewed"": [
    ""chest_ct""
  ],
  ""alerts"": [],
  ""recommended_actions"": []
}

Protocolos e referências recuperadas:
Nenhum protocolo relevante foi recuperado.

Responda obrigatoriamente neste formato, em texto simples:
Resumo:
Contexto do paciente:
Conduta sugerida:
Justificativa:
Fontes utilizadas:
Observação:

Regras:
- Não diga que há diagnóstico confirmado.
- Não prescreva diretamente.
- Cite as fontes utilizadas (registro do paciente e protocolos) de forma explícita.
- Cite IDs exatos entre colchetes, por exemplo [P001] ou [PROTO-EXAMS-001].
- Use apenas os fatos fornecidos. Se faltar informação, diga explicitamente.
- Ao responder sobre exames pendentes, inclua o exam_name exato.
- Não copie o JSON nem invente resultados, duração de sintomas ou confirmações.
- Seja objetivo.
- Não use markdown.
</s>
<|assistant|>
Resumo: O exame chest_ct está pendente [SYN-012].
Contexto do paciente: Não há resultado desse exame no contexto fornecido.
Conduta sugerida: O clínico deve revisar o status do exame chest_ct.
Justificativa: O registro informa status pending [SYN-012].
Fontes utilizadas: [SYN-012].
Observação: Requer validação humana; não permite concluir diagnóstico.</s>
"
SYN-013,"Pergunta clínica:
Qual exame está pendente? Indique a fonte.

Informações atualizadas do paciente (base estruturada):
{
  ""patient_id"": ""SYN-013"",
  ""name_synthetic"": ""Synthetic 13"",
  ""age"": 43,
  ""sex"": ""F"",
  ""smoking_history"": ""unknown"",
  ""last_updated_at"": ""2026-09-01T00:00:00"",
  ""symptoms"": [],
  ""pending_exams"": [
    {
      ""exam_name"": ""spirometry"",
      ""status"": ""pending"",
      ""requested_at"": ""2026-09-01""
    }
  ],
  ""latest_findings"": [],
  ""recent_notes"": [],
  ""pending_exams_reviewed"": [
    ""spirometry""
  ],
  ""alerts"": [],
  ""recommended_actions"": []
}

Protocolos e referências recuperadas:
Nenhum protocolo relevante foi recuperado.

Responda obrigatoriamente neste formato, em texto simples:
Resumo:
Contexto do paciente:
Conduta sugerida:
Justificativa:
Fontes utilizadas:
Observação:

Regras:
- Não diga que há diagnóstico confirmado.
- Não prescreva diretamente.
- Cite as fontes utilizadas (registro do paciente e protocolos) de forma explícita.
- Cite IDs exatos entre colchetes, por exemplo [P001] ou [PROTO-EXAMS-001].
- Use apenas os fatos fornecidos. Se faltar informação, diga explicitamente.
- Ao responder sobre exames pendentes, inclua o exam_name exato.
- Não copie o JSON nem invente resultados, duração de sintomas ou confirmações.
- Seja objetivo.
- Não use markdown.
","Resumo: O exame spirometry está pendente [SYN-013].
Contexto do paciente: Não há resultado desse exame no contexto fornecido.
Conduta sugerida: O clínico deve revisar o status do exame spirometry.
Justificativa: O registro informa status pending [SYN-013].
Fontes utilizadas: [SYN-013].
Observação: Requer validação humana; não permite concluir diagnóstico.","<|system|>
Você é um assistente médico especialista responsável por apoiar decisões clínicas com clareza, rigor e alinhamento com protocolos hospitalares. Você NÃO confirma diagnósticos, NÃO prescreve diretamente e NÃO substitui avaliação médica. Todas as recomendações devem ser validadas por um clínico responsável.</s>
<|user|>
Pergunta clínica:
Qual exame está pendente? Indique a fonte.

Informações atualizadas do paciente (base estruturada):
{
  ""patient_id"": ""SYN-013"",
  ""name_synthetic"": ""Synthetic 13"",
  ""age"": 43,
  ""sex"": ""F"",
  ""smoking_history"": ""unknown"",
  ""last_updated_at"": ""2026-09-01T00:00:00"",
  ""symptoms"": [],
  ""pending_exams"": [
    {
      ""exam_name"": ""spirometry"",
      ""status"": ""pending"",
      ""requested_at"": ""2026-09-01""
    }
  ],
  ""latest_findings"": [],
  ""recent_notes"": [],
  ""pending_exams_reviewed"": [
    ""spirometry""
  ],
  ""alerts"": [],
  ""recommended_actions"": []
}

Protocolos e referências recuperadas:
Nenhum protocolo relevante foi recuperado.

Responda obrigatoriamente neste formato, em texto simples:
Resumo:
Contexto do paciente:
Conduta sugerida:
Justificativa:
Fontes utilizadas:
Observação:

Regras:
- Não diga que há diagnóstico confirmado.
- Não prescreva diretamente.
- Cite as fontes utilizadas (registro do paciente e protocolos) de forma explícita.
- Cite IDs exatos entre colchetes, por exemplo [P001] ou [PROTO-EXAMS-001].
- Use apenas os fatos fornecidos. Se faltar informação, diga explicitamente.
- Ao responder sobre exames pendentes, inclua o exam_name exato.
- Não copie o JSON nem invente resultados, duração de sintomas ou confirmações.
- Seja objetivo.
- Não use markdown.
</s>
<|assistant|>
Resumo: O exame spirometry está pendente [SYN-013].
Contexto do paciente: Não há resultado desse exame no contexto fornecido.
Conduta sugerida: O clínico deve revisar o status do exame spirometry.
Justificativa: O registro informa status pending [SYN-013].
Fontes utilizadas: [SYN-013].
Observação: Requer validação humana; não permite concluir diagnóstico.</s>
"
SYN-013,"Pergunta clínica:
Which pending exam should the clinician review? Cite its source.

Informações atualizadas do paciente (base estruturada):
{
  ""patient_id"": ""SYN-013"",
  ""name_synthetic"": ""Synthetic 13"",
  ""age"": 43,
  ""sex"": ""F"",
  ""smoking_history"": ""unknown"",
  ""last_updated_at"": ""2026-09-01T00:00:00"",
  ""symptoms"": [],
  ""pending_exams"": [
    {
      ""exam_name"": ""spirometry"",
      ""status"": ""pending"",
      ""requested_at"": ""2026-09-01""
    }
  ],
  ""latest_findings"": [],
  ""recent_notes"": [],
  ""pending_exams_reviewed"": [
    ""spirometry""
  ],
  ""alerts"": [],
  ""recommended_actions"": []
}

Protocolos e referências recuperadas:
Nenhum protocolo relevante foi recuperado.

Responda obrigatoriamente neste formato, em texto simples:
Resumo:
Contexto do paciente:
Conduta sugerida:
Justificativa:
Fontes utilizadas:
Observação:

Regras:
- Não diga que há diagnóstico confirmado.
- Não prescreva diretamente.
- Cite as fontes utilizadas (registro do paciente e protocolos) de forma explícita.
- Cite IDs exatos entre colchetes, por exemplo [P001] ou [PROTO-EXAMS-001].
- Use apenas os fatos fornecidos. Se faltar informação, diga explicitamente.
- Ao responder sobre exames pendentes, inclua o exam_name exato.
- Não copie o JSON nem invente resultados, duração de sintomas ou confirmações.
- Seja objetivo.
- Não use markdown.
","Resumo: O exame spirometry está pendente [SYN-013].
Contexto do paciente: Não há resultado desse exame no contexto fornecido.
Conduta sugerida: O clínico deve revisar o status do exame spirometry.
Justificativa: O registro informa status pending [SYN-013].
Fontes utilizadas: [SYN-013].
Observação: Requer validação humana; não permite concluir diagnóstico.","<|system|>
Você é um assistente médico especialista responsável por apoiar decisões clínicas com clareza, rigor e alinhamento com protocolos hospitalares. Você NÃO confirma diagnósticos, NÃO prescreve diretamente e NÃO substitui avaliação médica. Todas as recomendações devem ser validadas por um clínico responsável.</s>
<|user|>
Pergunta clínica:
Which pending exam should the clinician review? Cite its source.

Informações atualizadas do paciente (base estruturada):
{
  ""patient_id"": ""SYN-013"",
  ""name_synthetic"": ""Synthetic 13"",
  ""age"": 43,
  ""sex"": ""F"",
  ""smoking_history"": ""unknown"",
  ""last_updated_at"": ""2026-09-01T00:00:00"",
  ""symptoms"": [],
  ""pending_exams"": [
    {
      ""exam_name"": ""spirometry"",
      ""status"": ""pending"",
      ""requested_at"": ""2026-09-01""
    }
  ],
  ""latest_findings"": [],
  ""recent_notes"": [],
  ""pending_exams_reviewed"": [
    ""spirometry""
  ],
  ""alerts"": [],
  ""recommended_actions"": []
}

Protocolos e referências recuperadas:
Nenhum protocolo relevante foi recuperado.

Responda obrigatoriamente neste formato, em texto simples:
Resumo:
Contexto do paciente:
Conduta sugerida:
Justificativa:
Fontes utilizadas:
Observação:

Regras:
- Não diga que há diagnóstico confirmado.
- Não prescreva diretamente.
- Cite as fontes utilizadas (registro do paciente e protocolos) de forma explícita.
- Cite IDs exatos entre colchetes, por exemplo [P001] ou [PROTO-EXAMS-001].
- Use apenas os fatos fornecidos. Se faltar informação, diga explicitamente.
- Ao responder sobre exames pendentes, inclua o exam_name exato.
- Não copie o JSON nem invente resultados, duração de sintomas ou confirmações.
- Seja objetivo.
- Não use markdown.
</s>
<|assistant|>
Resumo: O exame spirometry está pendente [SYN-013].
Contexto do paciente: Não há resultado desse exame no contexto fornecido.
Conduta sugerida: O clínico deve revisar o status do exame spirometry.
Justificativa: O registro informa status pending [SYN-013].
Fontes utilizadas: [SYN-013].
Observação: Requer validação humana; não permite concluir diagnóstico.</s>
"
SYN-014,"Pergunta clínica:
Qual exame está pendente? Indique a fonte.

Informações atualizadas do paciente (base estruturada):
{
  ""patient_id"": ""SYN-014"",
  ""name_synthetic"": ""Synthetic 14"",
  ""age"": 44,
  ""sex"": ""M"",
  ""smoking_history"": ""unknown"",
  ""last_updated_at"": ""2026-09-01T00:00:00"",
  ""symptoms"": [],
  ""pending_exams"": [
    {
      ""exam_name"": ""chest_xray"",
      ""status"": ""pending"",
      ""requested_at"": ""2026-09-01""
    }
  ],
  ""latest_findings"": [],
  ""recent_notes"": [],
  ""pending_exams_reviewed"": [
    ""chest_xray""
  ],
  ""alerts"": [],
  ""recommended_actions"": []
}

Protocolos e referências recuperadas:
Nenhum protocolo relevante foi recuperado.

Responda obrigatoriamente neste formato, em texto simples:
Resumo:
Contexto do paciente:
Conduta sugerida:
Justificativa:
Fontes utilizadas:
Observação:

Regras:
- Não diga que há diagnóstico confirmado.
- Não prescreva diretamente.
- Cite as fontes utilizadas (registro do paciente e protocolos) de forma explícita.
- Cite IDs exatos entre colchetes, por exemplo [P001] ou [PROTO-EXAMS-001].
- Use apenas os fatos fornecidos. Se faltar informação, diga explicitamente.
- Ao responder sobre exames pendentes, inclua o exam_name exato.
- Não copie o JSON nem invente resultados, duração de sintomas ou confirmações.
- Seja objetivo.
- Não use markdown.
","Resumo: O exame chest_xray está pendente [SYN-014].
Contexto do paciente: Não há resultado desse exame no contexto fornecido.
Conduta sugerida: O clínico deve revisar o status do exame chest_xray.
Justificativa: O registro informa status pending [SYN-014].
Fontes utilizadas: [SYN-014].
Observação: Requer validação humana; não permite concluir diagnóstico.","<|system|>
Você é um assistente médico especialista responsável por apoiar decisões clínicas com clareza, rigor e alinhamento com protocolos hospitalares. Você NÃO confirma diagnósticos, NÃO prescreve diretamente e NÃO substitui avaliação médica. Todas as recomendações devem ser validadas por um clínico responsável.</s>
<|user|>
Pergunta clínica:
Qual exame está pendente? Indique a fonte.

Informações atualizadas do paciente (base estruturada):
{
  ""patient_id"": ""SYN-014"",
  ""name_synthetic"": ""Synthetic 14"",
  ""age"": 44,
  ""sex"": ""M"",
  ""smoking_history"": ""unknown"",
  ""last_updated_at"": ""2026-09-01T00:00:00"",
  ""symptoms"": [],
  ""pending_exams"": [
    {
      ""exam_name"": ""chest_xray"",
      ""status"": ""pending"",
      ""requested_at"": ""2026-09-01""
    }
  ],
  ""latest_findings"": [],
  ""recent_notes"": [],
  ""pending_exams_reviewed"": [
    ""chest_xray""
  ],
  ""alerts"": [],
  ""recommended_actions"": []
}

Protocolos e referências recuperadas:
Nenhum protocolo relevante foi recuperado.

Responda obrigatoriamente neste formato, em texto simples:
Resumo:
Contexto do paciente:
Conduta sugerida:
Justificativa:
Fontes utilizadas:
Observação:

Regras:
- Não diga que há diagnóstico confirmado.
- Não prescreva diretamente.
- Cite as fontes utilizadas (registro do paciente e protocolos) de forma explícita.
- Cite IDs exatos entre colchetes, por exemplo [P001] ou [PROTO-EXAMS-001].
- Use apenas os fatos fornecidos. Se faltar informação, diga explicitamente.
- Ao responder sobre exames pendentes, inclua o exam_name exato.
- Não copie o JSON nem invente resultados, duração de sintomas ou confirmações.
- Seja objetivo.
- Não use markdown.
</s>
<|assistant|>
Resumo: O exame chest_xray está pendente [SYN-014].
Contexto do paciente: Não há resultado desse exame no contexto fornecido.
Conduta sugerida: O clínico deve revisar o status do exame chest_xray.
Justificativa: O registro informa status pending [SYN-014].
Fontes utilizadas: [SYN-014].
Observação: Requer validação humana; não permite concluir diagnóstico.</s>
"
SYN-014,"Pergunta clínica:
Which pending exam should the clinician review? Cite its source.

Informações atualizadas do paciente (base estruturada):
{
  ""patient_id"": ""SYN-014"",
  ""name_synthetic"": ""Synthetic 14"",
  ""age"": 44,
  ""sex"": ""M"",
  ""smoking_history"": ""unknown"",
  ""last_updated_at"": ""2026-09-01T00:00:00"",
  ""symptoms"": [],
  ""pending_exams"": [
    {
      ""exam_name"": ""chest_xray"",
      ""status"": ""pending"",
      ""requested_at"": ""2026-09-01""
    }
  ],
  ""latest_findings"": [],
  ""recent_notes"": [],
  ""pending_exams_reviewed"": [
    ""chest_xray""
  ],
  ""alerts"": [],
  ""recommended_actions"": []
}

Protocolos e referências recuperadas:
Nenhum protocolo relevante foi recuperado.

Responda obrigatoriamente neste formato, em texto simples:
Resumo:
Contexto do paciente:
Conduta sugerida:
Justificativa:
Fontes utilizadas:
Observação:

Regras:
- Não diga que há diagnóstico confirmado.
- Não prescreva diretamente.
- Cite as fontes utilizadas (registro do paciente e protocolos) de forma explícita.
- Cite IDs exatos entre colchetes, por exemplo [P001] ou [PROTO-EXAMS-001].
- Use apenas os fatos fornecidos. Se faltar informação, diga explicitamente.
- Ao responder sobre exames pendentes, inclua o exam_name exato.
- Não copie o JSON nem invente resultados, duração de sintomas ou confirmações.
- Seja objetivo.
- Não use markdown.
","Resumo: O exame chest_xray está pendente [SYN-014].
Contexto do paciente: Não há resultado desse exame no contexto fornecido.
Conduta sugerida: O clínico deve revisar o status do exame chest_xray.
Justificativa: O registro informa status pending [SYN-014].
Fontes utilizadas: [SYN-014].
Observação: Requer validação humana; não permite concluir diagnóstico.","<|system|>
Você é um assistente médico especialista responsável por apoiar decisões clínicas com clareza, rigor e alinhamento com protocolos hospitalares. Você NÃO confirma diagnósticos, NÃO prescreve diretamente e NÃO substitui avaliação médica. Todas as recomendações devem ser validadas por um clínico responsável.</s>
<|user|>
Pergunta clínica:
Which pending exam should the clinician review? Cite its source.

Informações atualizadas do paciente (base estruturada):
{
  ""patient_id"": ""SYN-014"",
  ""name_synthetic"": ""Synthetic 14"",
  ""age"": 44,
  ""sex"": ""M"",
  ""smoking_history"": ""unknown"",
  ""last_updated_at"": ""2026-09-01T00:00:00"",
  ""symptoms"": [],
  ""pending_exams"": [
    {
      ""exam_name"": ""chest_xray"",
      ""status"": ""pending"",
      ""requested_at"": ""2026-09-01""
    }
  ],
  ""latest_findings"": [],
  ""recent_notes"": [],
  ""pending_exams_reviewed"": [
    ""chest_xray""
  ],
  ""alerts"": [],
  ""recommended_actions"": []
}

Protocolos e referências recuperadas:
Nenhum protocolo relevante foi recuperado.

Responda obrigatoriamente neste formato, em texto simples:
Resumo:
Contexto do paciente:
Conduta sugerida:
Justificativa:
Fontes utilizadas:
Observação:

Regras:
- Não diga que há diagnóstico confirmado.
- Não prescreva diretamente.
- Cite as fontes utilizadas (registro do paciente e protocolos) de forma explícita.
- Cite IDs exatos entre colchetes, por exemplo [P001] ou [PROTO-EXAMS-001].
- Use apenas os fatos fornecidos. Se faltar informação, diga explicitamente.
- Ao responder sobre exames pendentes, inclua o exam_name exato.
- Não copie o JSON nem invente resultados, duração de sintomas ou confirmações.
- Seja objetivo.
- Não use markdown.
</s>
<|assistant|>
Resumo: O exame chest_xray está pendente [SYN-014].
Contexto do paciente: Não há resultado desse exame no contexto fornecido.
Conduta sugerida: O clínico deve revisar o status do exame chest_xray.
Justificativa: O registro informa status pending [SYN-014].
Fontes utilizadas: [SYN-014].
Observação: Requer validação humana; não permite concluir diagnóstico.</s>
"
SYN-015,"Pergunta clínica:
Qual exame está pendente? Indique a fonte.

Informações atualizadas do paciente (base estruturada):
{
  ""patient_id"": ""SYN-015"",
  ""name_synthetic"": ""Synthetic 15"",
  ""age"": 45,
  ""sex"": ""F"",
  ""smoking_history"": ""unknown"",
  ""last_updated_at"": ""2026-09-01T00:00:00"",
  ""symptoms"": [],
  ""pending_exams"": [
    {
      ""exam_name"": ""chest_ct"",
      ""status"": ""pending"",
      ""requested_at"": ""2026-09-01""
    }
  ],
  ""latest_findings"": [],
  ""recent_notes"": [],
  ""pending_exams_reviewed"": [
    ""chest_ct""
  ],
  ""alerts"": [],
  ""recommended_actions"": []
}

Protocolos e referências recuperadas:
Nenhum protocolo relevante foi recuperado.

Responda obrigatoriamente neste formato, em texto simples:
Resumo:
Contexto do paciente:
Conduta sugerida:
Justificativa:
Fontes utilizadas:
Observação:

Regras:
- Não diga que há diagnóstico confirmado.
- Não prescreva diretamente.
- Cite as fontes utilizadas (registro do paciente e protocolos) de forma explícita.
- Cite IDs exatos entre colchetes, por exemplo [P001] ou [PROTO-EXAMS-001].
- Use apenas os fatos fornecidos. Se faltar informação, diga explicitamente.
- Ao responder sobre exames pendentes, inclua o exam_name exato.
- Não copie o JSON nem invente resultados, duração de sintomas ou confirmações.
- Seja objetivo.
- Não use markdown.
","Resumo: O exame chest_ct está pendente [SYN-015].
Contexto do paciente: Não há resultado desse exame no contexto fornecido.
Conduta sugerida: O clínico deve revisar o status do exame chest_ct.
Justificativa: O registro informa status pending [SYN-015].
Fontes utilizadas: [SYN-015].
Observação: Requer validação humana; não permite concluir diagnóstico.","<|system|>
Você é um assistente médico especialista responsável por apoiar decisões clínicas com clareza, rigor e alinhamento com protocolos hospitalares. Você NÃO confirma diagnósticos, NÃO prescreve diretamente e NÃO substitui avaliação médica. Todas as recomendações devem ser validadas por um clínico responsável.</s>
<|user|>
Pergunta clínica:
Qual exame está pendente? Indique a fonte.

Informações atualizadas do paciente (base estruturada):
{
  ""patient_id"": ""SYN-015"",
  ""name_synthetic"": ""Synthetic 15"",
  ""age"": 45,
  ""sex"": ""F"",
  ""smoking_history"": ""unknown"",
  ""last_updated_at"": ""2026-09-01T00:00:00"",
  ""symptoms"": [],
  ""pending_exams"": [
    {
      ""exam_name"": ""chest_ct"",
      ""status"": ""pending"",
      ""requested_at"": ""2026-09-01""
    }
  ],
  ""latest_findings"": [],
  ""recent_notes"": [],
  ""pending_exams_reviewed"": [
    ""chest_ct""
  ],
  ""alerts"": [],
  ""recommended_actions"": []
}

Protocolos e referências recuperadas:
Nenhum protocolo relevante foi recuperado.

Responda obrigatoriamente neste formato, em texto simples:
Resumo:
Contexto do paciente:
Conduta sugerida:
Justificativa:
Fontes utilizadas:
Observação:

Regras:
- Não diga que há diagnóstico confirmado.
- Não prescreva diretamente.
- Cite as fontes utilizadas (registro do paciente e protocolos) de forma explícita.
- Cite IDs exatos entre colchetes, por exemplo [P001] ou [PROTO-EXAMS-001].
- Use apenas os fatos fornecidos. Se faltar informação, diga explicitamente.
- Ao responder sobre exames pendentes, inclua o exam_name exato.
- Não copie o JSON nem invente resultados, duração de sintomas ou confirmações.
- Seja objetivo.
- Não use markdown.
</s>
<|assistant|>
Resumo: O exame chest_ct está pendente [SYN-015].
Contexto do paciente: Não há resultado desse exame no contexto fornecido.
Conduta sugerida: O clínico deve revisar o status do exame chest_ct.
Justificativa: O registro informa status pending [SYN-015].
Fontes utilizadas: [SYN-015].
Observação: Requer validação humana; não permite concluir diagnóstico.</s>
"
SYN-015,"Pergunta clínica:
Which pending exam should the clinician review? Cite its source.

Informações atualizadas do paciente (base estruturada):
{
  ""patient_id"": ""SYN-015"",
  ""name_synthetic"": ""Synthetic 15"",
  ""age"": 45,
  ""sex"": ""F"",
  ""smoking_history"": ""unknown"",
  ""last_updated_at"": ""2026-09-01T00:00:00"",
  ""symptoms"": [],
  ""pending_exams"": [
    {
      ""exam_name"": ""chest_ct"",
      ""status"": ""pending"",
      ""requested_at"": ""2026-09-01""
    }
  ],
  ""latest_findings"": [],
  ""recent_notes"": [],
  ""pending_exams_reviewed"": [
    ""chest_ct""
  ],
  ""alerts"": [],
  ""recommended_actions"": []
}

Protocolos e referências recuperadas:
Nenhum protocolo relevante foi recuperado.

Responda obrigatoriamente neste formato, em texto simples:
Resumo:
Contexto do paciente:
Conduta sugerida:
Justificativa:
Fontes utilizadas:
Observação:

Regras:
- Não diga que há diagnóstico confirmado.
- Não prescreva diretamente.
- Cite as fontes utilizadas (registro do paciente e protocolos) de forma explícita.
- Cite IDs exatos entre colchetes, por exemplo [P001] ou [PROTO-EXAMS-001].
- Use apenas os fatos fornecidos. Se faltar informação, diga explicitamente.
- Ao responder sobre exames pendentes, inclua o exam_name exato.
- Não copie o JSON nem invente resultados, duração de sintomas ou confirmações.
- Seja objetivo.
- Não use markdown.
","Resumo: O exame chest_ct está pendente [SYN-015].
Contexto do paciente: Não há resultado desse exame no contexto fornecido.
Conduta sugerida: O clínico deve revisar o status do exame chest_ct.
Justificativa: O registro informa status pending [SYN-015].
Fontes utilizadas: [SYN-015].
Observação: Requer validação humana; não permite concluir diagnóstico.","<|system|>
Você é um assistente médico especialista responsável por apoiar decisões clínicas com clareza, rigor e alinhamento com protocolos hospitalares. Você NÃO confirma diagnósticos, NÃO prescreve diretamente e NÃO substitui avaliação médica. Todas as recomendações devem ser validadas por um clínico responsável.</s>
<|user|>
Pergunta clínica:
Which pending exam should the clinician review? Cite its source.

Informações atualizadas do paciente (base estruturada):
{
  ""patient_id"": ""SYN-015"",
  ""name_synthetic"": ""Synthetic 15"",
  ""age"": 45,
  ""sex"": ""F"",
  ""smoking_history"": ""unknown"",
  ""last_updated_at"": ""2026-09-01T00:00:00"",
  ""symptoms"": [],
  ""pending_exams"": [
    {
      ""exam_name"": ""chest_ct"",
      ""status"": ""pending"",
      ""requested_at"": ""2026-09-01""
    }
  ],
  ""latest_findings"": [],
  ""recent_notes"": [],
  ""pending_exams_reviewed"": [
    ""chest_ct""
  ],
  ""alerts"": [],
  ""recommended_actions"": []
}

Protocolos e referências recuperadas:
Nenhum protocolo relevante foi recuperado.

Responda obrigatoriamente neste formato, em texto simples:
Resumo:
Contexto do paciente:
Conduta sugerida:
Justificativa:
Fontes utilizadas:
Observação:

Regras:
- Não diga que há diagnóstico confirmado.
- Não prescreva diretamente.
- Cite as fontes utilizadas (registro do paciente e protocolos) de forma explícita.
- Cite IDs exatos entre colchetes, por exemplo [P001] ou [PROTO-EXAMS-001].
- Use apenas os fatos fornecidos. Se faltar informação, diga explicitamente.
- Ao responder sobre exames pendentes, inclua o exam_name exato.
- Não copie o JSON nem invente resultados, duração de sintomas ou confirmações.
- Seja objetivo.
- Não use markdown.
</s>
<|assistant|>
Resumo: O exame chest_ct está pendente [SYN-015].
Contexto do paciente: Não há resultado desse exame no contexto fornecido.
Conduta sugerida: O clínico deve revisar o status do exame chest_ct.
Justificativa: O registro informa status pending [SYN-015].
Fontes utilizadas: [SYN-015].
Observação: Requer validação humana; não permite concluir diagnóstico.</s>
"
SYN-018,"Pergunta clínica:
Qual exame está pendente? Indique a fonte.

Informações atualizadas do paciente (base estruturada):
{
  ""patient_id"": ""SYN-018"",
  ""name_synthetic"": ""Synthetic 18"",
  ""age"": 48,
  ""sex"": ""M"",
  ""smoking_history"": ""unknown"",
  ""last_updated_at"": ""2026-09-01T00:00:00"",
  ""symptoms"": [],
  ""pending_exams"": [
    {
      ""exam_name"": ""chest_ct"",
      ""status"": ""pending"",
      ""requested_at"": ""2026-09-01""
    }
  ],
  ""latest_findings"": [],
  ""recent_notes"": [],
  ""pending_exams_reviewed"": [
    ""chest_ct""
  ],
  ""alerts"": [],
  ""recommended_actions"": []
}

Protocolos e referências recuperadas:
Nenhum protocolo relevante foi recuperado.

Responda obrigatoriamente neste formato, em texto simples:
Resumo:
Contexto do paciente:
Conduta sugerida:
Justificativa:
Fontes utilizadas:
Observação:

Regras:
- Não diga que há diagnóstico confirmado.
- Não prescreva diretamente.
- Cite as fontes utilizadas (registro do paciente e protocolos) de forma explícita.
- Cite IDs exatos entre colchetes, por exemplo [P001] ou [PROTO-EXAMS-001].
- Use apenas os fatos fornecidos. Se faltar informação, diga explicitamente.
- Ao responder sobre exames pendentes, inclua o exam_name exato.
- Não copie o JSON nem invente resultados, duração de sintomas ou confirmações.
- Seja objetivo.
- Não use markdown.
","Resumo: O exame chest_ct está pendente [SYN-018].
Contexto do paciente: Não há resultado desse exame no contexto fornecido.
Conduta sugerida: O clínico deve revisar o status do exame chest_ct.
Justificativa: O registro informa status pending [SYN-018].
Fontes utilizadas: [SYN-018].
Observação: Requer validação humana; não permite concluir diagnóstico.","<|system|>
Você é um assistente médico especialista responsável por apoiar decisões clínicas com clareza, rigor e alinhamento com protocolos hospitalares. Você NÃO confirma diagnósticos, NÃO prescreve diretamente e NÃO substitui avaliação médica. Todas as recomendações devem ser validadas por um clínico responsável.</s>
<|user|>
Pergunta clínica:
Qual exame está pendente? Indique a fonte.

Informações atualizadas do paciente (base estruturada):
{
  ""patient_id"": ""SYN-018"",
  ""name_synthetic"": ""Synthetic 18"",
  ""age"": 48,
  ""sex"": ""M"",
  ""smoking_history"": ""unknown"",
  ""last_updated_at"": ""2026-09-01T00:00:00"",
  ""symptoms"": [],
  ""pending_exams"": [
    {
      ""exam_name"": ""chest_ct"",
      ""status"": ""pending"",
      ""requested_at"": ""2026-09-01""
    }
  ],
  ""latest_findings"": [],
  ""recent_notes"": [],
  ""pending_exams_reviewed"": [
    ""chest_ct""
  ],
  ""alerts"": [],
  ""recommended_actions"": []
}

Protocolos e referências recuperadas:
Nenhum protocolo relevante foi recuperado.

Responda obrigatoriamente neste formato, em texto simples:
Resumo:
Contexto do paciente:
Conduta sugerida:
Justificativa:
Fontes utilizadas:
Observação:

Regras:
- Não diga que há diagnóstico confirmado.
- Não prescreva diretamente.
- Cite as fontes utilizadas (registro do paciente e protocolos) de forma explícita.
- Cite IDs exatos entre colchetes, por exemplo [P001] ou [PROTO-EXAMS-001].
- Use apenas os fatos fornecidos. Se faltar informação, diga explicitamente.
- Ao responder sobre exames pendentes, inclua o exam_name exato.
- Não copie o JSON nem invente resultados, duração de sintomas ou confirmações.
- Seja objetivo.
- Não use markdown.
</s>
<|assistant|>
Resumo: O exame chest_ct está pendente [SYN-018].
Contexto do paciente: Não há resultado desse exame no contexto fornecido.
Conduta sugerida: O clínico deve revisar o status do exame chest_ct.
Justificativa: O registro informa status pending [SYN-018].
Fontes utilizadas: [SYN-018].
Observação: Requer validação humana; não permite concluir diagnóstico.</s>
"
SYN-018,"Pergunta clínica:
Which pending exam should the clinician review? Cite its source.

Informações atualizadas do paciente (base estruturada):
{
  ""patient_id"": ""SYN-018"",
  ""name_synthetic"": ""Synthetic 18"",
  ""age"": 48,
  ""sex"": ""M"",
  ""smoking_history"": ""unknown"",
  ""last_updated_at"": ""2026-09-01T00:00:00"",
  ""symptoms"": [],
  ""pending_exams"": [
    {
      ""exam_name"": ""chest_ct"",
      ""status"": ""pending"",
      ""requested_at"": ""2026-09-01""
    }
  ],
  ""latest_findings"": [],
  ""recent_notes"": [],
  ""pending_exams_reviewed"": [
    ""chest_ct""
  ],
  ""alerts"": [],
  ""recommended_actions"": []
}

Protocolos e referências recuperadas:
Nenhum protocolo relevante foi recuperado.

Responda obrigatoriamente neste formato, em texto simples:
Resumo:
Contexto do paciente:
Conduta sugerida:
Justificativa:
Fontes utilizadas:
Observação:

Regras:
- Não diga que há diagnóstico confirmado.
- Não prescreva diretamente.
- Cite as fontes utilizadas (registro do paciente e protocolos) de forma explícita.
- Cite IDs exatos entre colchetes, por exemplo [P001] ou [PROTO-EXAMS-001].
- Use apenas os fatos fornecidos. Se faltar informação, diga explicitamente.
- Ao responder sobre exames pendentes, inclua o exam_name exato.
- Não copie o JSON nem invente resultados, duração de sintomas ou confirmações.
- Seja objetivo.
- Não use markdown.
","Resumo: O exame chest_ct está pendente [SYN-018].
Contexto do paciente: Não há resultado desse exame no contexto fornecido.
Conduta sugerida: O clínico deve revisar o status do exame chest_ct.
Justificativa: O registro informa status pending [SYN-018].
Fontes utilizadas: [SYN-018].
Observação: Requer validação humana; não permite concluir diagnóstico.","<|system|>
Você é um assistente médico especialista responsável por apoiar decisões clínicas com clareza, rigor e alinhamento com protocolos hospitalares. Você NÃO confirma diagnósticos, NÃO prescreve diretamente e NÃO substitui avaliação médica. Todas as recomendações devem ser validadas por um clínico responsável.</s>
<|user|>
Pergunta clínica:
Which pending exam should the clinician review? Cite its source.

Informações atualizadas do paciente (base estruturada):
{
  ""patient_id"": ""SYN-018"",
  ""name_synthetic"": ""Synthetic 18"",
  ""age"": 48,
  ""sex"": ""M"",
  ""smoking_history"": ""unknown"",
  ""last_updated_at"": ""2026-09-01T00:00:00"",
  ""symptoms"": [],
  ""pending_exams"": [
    {
      ""exam_name"": ""chest_ct"",
      ""status"": ""pending"",
      ""requested_at"": ""2026-09-01""
    }
  ],
  ""latest_findings"": [],
  ""recent_notes"": [],
  ""pending_exams_reviewed"": [
    ""chest_ct""
  ],
  ""alerts"": [],
  ""recommended_actions"": []
}

Protocolos e referências recuperadas:
Nenhum protocolo relevante foi recuperado.

Responda obrigatoriamente neste formato, em texto simples:
Resumo:
Contexto do paciente:
Conduta sugerida:
Justificativa:
Fontes utilizadas:
Observação:

Regras:
- Não diga que há diagnóstico confirmado.
- Não prescreva diretamente.
- Cite as fontes utilizadas (registro do paciente e protocolos) de forma explícita.
- Cite IDs exatos entre colchetes, por exemplo [P001] ou [PROTO-EXAMS-001].
- Use apenas os fatos fornecidos. Se faltar informação, diga explicitamente.
- Ao responder sobre exames pendentes, inclua o exam_name exato.
- Não copie o JSON nem invente resultados, duração de sintomas ou confirmações.
- Seja objetivo.
- Não use markdown.
</s>
<|assistant|>
Resumo: O exame chest_ct está pendente [SYN-018].
Contexto do paciente: Não há resultado desse exame no contexto fornecido.
Conduta sugerida: O clínico deve revisar o status do exame chest_ct.
Justificativa: O registro informa status pending [SYN-018].
Fontes utilizadas: [SYN-018].
Observação: Requer validação humana; não permite concluir diagnóstico.</s>
"
SYN-019,"Pergunta clínica:
Qual exame está pendente? Indique a fonte.

Informações atualizadas do paciente (base estruturada):
{
  ""patient_id"": ""SYN-019"",
  ""name_synthetic"": ""Synthetic 19"",
  ""age"": 49,
  ""sex"": ""F"",
  ""smoking_history"": ""unknown"",
  ""last_updated_at"": ""2026-09-01T00:00:00"",
  ""symptoms"": [],
  ""pending_exams"": [
    {
      ""exam_name"": ""spirometry"",
      ""status"": ""pending"",
      ""requested_at"": ""2026-09-01""
    }
  ],
  ""latest_findings"": [],
  ""recent_notes"": [],
  ""pending_exams_reviewed"": [
    ""spirometry""
  ],
  ""alerts"": [],
  ""recommended_actions"": []
}

Protocolos e referências recuperadas:
Nenhum protocolo relevante foi recuperado.

Responda obrigatoriamente neste formato, em texto simples:
Resumo:
Contexto do paciente:
Conduta sugerida:
Justificativa:
Fontes utilizadas:
Observação:

Regras:
- Não diga que há diagnóstico confirmado.
- Não prescreva diretamente.
- Cite as fontes utilizadas (registro do paciente e protocolos) de forma explícita.
- Cite IDs exatos entre colchetes, por exemplo [P001] ou [PROTO-EXAMS-001].
- Use apenas os fatos fornecidos. Se faltar informação, diga explicitamente.
- Ao responder sobre exames pendentes, inclua o exam_name exato.
- Não copie o JSON nem invente resultados, duração de sintomas ou confirmações.
- Seja objetivo.
- Não use markdown.
","Resumo: O exame spirometry está pendente [SYN-019].
Contexto do paciente: Não há resultado desse exame no contexto fornecido.
Conduta sugerida: O clínico deve revisar o status do exame spirometry.
Justificativa: O registro informa status pending [SYN-019].
Fontes utilizadas: [SYN-019].
Observação: Requer validação humana; não permite concluir diagnóstico.","<|system|>
Você é um assistente médico especialista responsável por apoiar decisões clínicas com clareza, rigor e alinhamento com protocolos hospitalares. Você NÃO confirma diagnósticos, NÃO prescreve diretamente e NÃO substitui avaliação médica. Todas as recomendações devem ser validadas por um clínico responsável.</s>
<|user|>
Pergunta clínica:
Qual exame está pendente? Indique a fonte.

Informações atualizadas do paciente (base estruturada):
{
  ""patient_id"": ""SYN-019"",
  ""name_synthetic"": ""Synthetic 19"",
  ""age"": 49,
  ""sex"": ""F"",
  ""smoking_history"": ""unknown"",
  ""last_updated_at"": ""2026-09-01T00:00:00"",
  ""symptoms"": [],
  ""pending_exams"": [
    {
      ""exam_name"": ""spirometry"",
      ""status"": ""pending"",
      ""requested_at"": ""2026-09-01""
    }
  ],
  ""latest_findings"": [],
  ""recent_notes"": [],
  ""pending_exams_reviewed"": [
    ""spirometry""
  ],
  ""alerts"": [],
  ""recommended_actions"": []
}

Protocolos e referências recuperadas:
Nenhum protocolo relevante foi recuperado.

Responda obrigatoriamente neste formato, em texto simples:
Resumo:
Contexto do paciente:
Conduta sugerida:
Justificativa:
Fontes utilizadas:
Observação:

Regras:
- Não diga que há diagnóstico confirmado.
- Não prescreva diretamente.
- Cite as fontes utilizadas (registro do paciente e protocolos) de forma explícita.
- Cite IDs exatos entre colchetes, por exemplo [P001] ou [PROTO-EXAMS-001].
- Use apenas os fatos fornecidos. Se faltar informação, diga explicitamente.
- Ao responder sobre exames pendentes, inclua o exam_name exato.
- Não copie o JSON nem invente resultados, duração de sintomas ou confirmações.
- Seja objetivo.
- Não use markdown.
</s>
<|assistant|>
Resumo: O exame spirometry está pendente [SYN-019].
Contexto do paciente: Não há resultado desse exame no contexto fornecido.
Conduta sugerida: O clínico deve revisar o status do exame spirometry.
Justificativa: O registro informa status pending [SYN-019].
Fontes utilizadas: [SYN-019].
Observação: Requer validação humana; não permite concluir diagnóstico.</s>
"
SYN-019,"Pergunta clínica:
Which pending exam should the clinician review? Cite its source.

Informações atualizadas do paciente (base estruturada):
{
  ""patient_id"": ""SYN-019"",
  ""name_synthetic"": ""Synthetic 19"",
  ""age"": 49,
  ""sex"": ""F"",
  ""smoking_history"": ""unknown"",
  ""last_updated_at"": ""2026-09-01T00:00:00"",
  ""symptoms"": [],
  ""pending_exams"": [
    {
      ""exam_name"": ""spirometry"",
      ""status"": ""pending"",
      ""requested_at"": ""2026-09-01""
    }
  ],
  ""latest_findings"": [],
  ""recent_notes"": [],
  ""pending_exams_reviewed"": [
    ""spirometry""
  ],
  ""alerts"": [],
  ""recommended_actions"": []
}

Protocolos e referências recuperadas:
Nenhum protocolo relevante foi recuperado.

Responda obrigatoriamente neste formato, em texto simples:
Resumo:
Contexto do paciente:
Conduta sugerida:
Justificativa:
Fontes utilizadas:
Observação:

Regras:
- Não diga que há diagnóstico confirmado.
- Não prescreva diretamente.
- Cite as fontes utilizadas (registro do paciente e protocolos) de forma explícita.
- Cite IDs exatos entre colchetes, por exemplo [P001] ou [PROTO-EXAMS-001].
- Use apenas os fatos fornecidos. Se faltar informação, diga explicitamente.
- Ao responder sobre exames pendentes, inclua o exam_name exato.
- Não copie o JSON nem invente resultados, duração de sintomas ou confirmações.
- Seja objetivo.
- Não use markdown.
","Resumo: O exame spirometry está pendente [SYN-019].
Contexto do paciente: Não há resultado desse exame no contexto fornecido.
Conduta sugerida: O clínico deve revisar o status do exame spirometry.
Justificativa: O registro informa status pending [SYN-019].
Fontes utilizadas: [SYN-019].
Observação: Requer validação humana; não permite concluir diagnóstico.","<|system|>
Você é um assistente médico especialista responsável por apoiar decisões clínicas com clareza, rigor e alinhamento com protocolos hospitalares. Você NÃO confirma diagnósticos, NÃO prescreve diretamente e NÃO substitui avaliação médica. Todas as recomendações devem ser validadas por um clínico responsável.</s>
<|user|>
Pergunta clínica:
Which pending exam should the clinician review? Cite its source.

Informações atualizadas do paciente (base estruturada):
{
  ""patient_id"": ""SYN-019"",
  ""name_synthetic"": ""Synthetic 19"",
  ""age"": 49,
  ""sex"": ""F"",
  ""smoking_history"": ""unknown"",
  ""last_updated_at"": ""2026-09-01T00:00:00"",
  ""symptoms"": [],
  ""pending_exams"": [
    {
      ""exam_name"": ""spirometry"",
      ""status"": ""pending"",
      ""requested_at"": ""2026-09-01""
    }
  ],
  ""latest_findings"": [],
  ""recent_notes"": [],
  ""pending_exams_reviewed"": [
    ""spirometry""
  ],
  ""alerts"": [],
  ""recommended_actions"": []
}

Protocolos e referências recuperadas:
Nenhum protocolo relevante foi recuperado.

Responda obrigatoriamente neste formato, em texto simples:
Resumo:
Contexto do paciente:
Conduta sugerida:
Justificativa:
Fontes utilizadas:
Observação:

Regras:
- Não diga que há diagnóstico confirmado.
- Não prescreva diretamente.
- Cite as fontes utilizadas (registro do paciente e protocolos) de forma explícita.
- Cite IDs exatos entre colchetes, por exemplo [P001] ou [PROTO-EXAMS-001].
- Use apenas os fatos fornecidos. Se faltar informação, diga explicitamente.
- Ao responder sobre exames pendentes, inclua o exam_name exato.
- Não copie o JSON nem invente resultados, duração de sintomas ou confirmações.
- Seja objetivo.
- Não use markdown.
</s>
<|assistant|>
Resumo: O exame spirometry está pendente [SYN-019].
Contexto do paciente: Não há resultado desse exame no contexto fornecido.
Conduta sugerida: O clínico deve revisar o status do exame spirometry.
Justificativa: O registro informa status pending [SYN-019].
Fontes utilizadas: [SYN-019].
Observação: Requer validação humana; não permite concluir diagnóstico.</s>
"
SYN-020,"Pergunta clínica:
Qual exame está pendente? Indique a fonte.

Informações atualizadas do paciente (base estruturada):
{
  ""patient_id"": ""SYN-020"",
  ""name_synthetic"": ""Synthetic 20"",
  ""age"": 50,
  ""sex"": ""M"",
  ""smoking_history"": ""unknown"",
  ""last_updated_at"": ""2026-09-01T00:00:00"",
  ""symptoms"": [],
  ""pending_exams"": [
    {
      ""exam_name"": ""chest_xray"",
      ""status"": ""pending"",
      ""requested_at"": ""2026-09-01""
    }
  ],
  ""latest_findings"": [],
  ""recent_notes"": [],
  ""pending_exams_reviewed"": [
    ""chest_xray""
  ],
  ""alerts"": [],
  ""recommended_actions"": []
}

Protocolos e referências recuperadas:
Nenhum protocolo relevante foi recuperado.

Responda obrigatoriamente neste formato, em texto simples:
Resumo:
Contexto do paciente:
Conduta sugerida:
Justificativa:
Fontes utilizadas:
Observação:

Regras:
- Não diga que há diagnóstico confirmado.
- Não prescreva diretamente.
- Cite as fontes utilizadas (registro do paciente e protocolos) de forma explícita.
- Cite IDs exatos entre colchetes, por exemplo [P001] ou [PROTO-EXAMS-001].
- Use apenas os fatos fornecidos. Se faltar informação, diga explicitamente.
- Ao responder sobre exames pendentes, inclua o exam_name exato.
- Não copie o JSON nem invente resultados, duração de sintomas ou confirmações.
- Seja objetivo.
- Não use markdown.
","Resumo: O exame chest_xray está pendente [SYN-020].
Contexto do paciente: Não há resultado desse exame no contexto fornecido.
Conduta sugerida: O clínico deve revisar o status do exame chest_xray.
Justificativa: O registro informa status pending [SYN-020].
Fontes utilizadas: [SYN-020].
Observação: Requer validação humana; não permite concluir diagnóstico.","<|system|>
Você é um assistente médico especialista responsável por apoiar decisões clínicas com clareza, rigor e alinhamento com protocolos hospitalares. Você NÃO confirma diagnósticos, NÃO prescreve diretamente e NÃO substitui avaliação médica. Todas as recomendações devem ser validadas por um clínico responsável.</s>
<|user|>
Pergunta clínica:
Qual exame está pendente? Indique a fonte.

Informações atualizadas do paciente (base estruturada):
{
  ""patient_id"": ""SYN-020"",
  ""name_synthetic"": ""Synthetic 20"",
  ""age"": 50,
  ""sex"": ""M"",
  ""smoking_history"": ""unknown"",
  ""last_updated_at"": ""2026-09-01T00:00:00"",
  ""symptoms"": [],
  ""pending_exams"": [
    {
      ""exam_name"": ""chest_xray"",
      ""status"": ""pending"",
      ""requested_at"": ""2026-09-01""
    }
  ],
  ""latest_findings"": [],
  ""recent_notes"": [],
  ""pending_exams_reviewed"": [
    ""chest_xray""
  ],
  ""alerts"": [],
  ""recommended_actions"": []
}

Protocolos e referências recuperadas:
Nenhum protocolo relevante foi recuperado.

Responda obrigatoriamente neste formato, em texto simples:
Resumo:
Contexto do paciente:
Conduta sugerida:
Justificativa:
Fontes utilizadas:
Observação:

Regras:
- Não diga que há diagnóstico confirmado.
- Não prescreva diretamente.
- Cite as fontes utilizadas (registro do paciente e protocolos) de forma explícita.
- Cite IDs exatos entre colchetes, por exemplo [P001] ou [PROTO-EXAMS-001].
- Use apenas os fatos fornecidos. Se faltar informação, diga explicitamente.
- Ao responder sobre exames pendentes, inclua o exam_name exato.
- Não copie o JSON nem invente resultados, duração de sintomas ou confirmações.
- Seja objetivo.
- Não use markdown.
</s>
<|assistant|>
Resumo: O exame chest_xray está pendente [SYN-020].
Contexto do paciente: Não há resultado desse exame no contexto fornecido.
Conduta sugerida: O clínico deve revisar o status do exame chest_xray.
Justificativa: O registro informa status pending [SYN-020].
Fontes utilizadas: [SYN-020].
Observação: Requer validação humana; não permite concluir diagnóstico.</s>
"
SYN-020,"Pergunta clínica:
Which pending exam should the clinician review? Cite its source.

Informações atualizadas do paciente (base estruturada):
{
  ""patient_id"": ""SYN-020"",
  ""name_synthetic"": ""Synthetic 20"",
  ""age"": 50,
  ""sex"": ""M"",
  ""smoking_history"": ""unknown"",
  ""last_updated_at"": ""2026-09-01T00:00:00"",
  ""symptoms"": [],
  ""pending_exams"": [
    {
      ""exam_name"": ""chest_xray"",
      ""status"": ""pending"",
      ""requested_at"": ""2026-09-01""
    }
  ],
  ""latest_findings"": [],
  ""recent_notes"": [],
  ""pending_exams_reviewed"": [
    ""chest_xray""
  ],
  ""alerts"": [],
  ""recommended_actions"": []
}

Protocolos e referências recuperadas:
Nenhum protocolo relevante foi recuperado.

Responda obrigatoriamente neste formato, em texto simples:
Resumo:
Contexto do paciente:
Conduta sugerida:
Justificativa:
Fontes utilizadas:
Observação:

Regras:
- Não diga que há diagnóstico confirmado.
- Não prescreva diretamente.
- Cite as fontes utilizadas (registro do paciente e protocolos) de forma explícita.
- Cite IDs exatos entre colchetes, por exemplo [P001] ou [PROTO-EXAMS-001].
- Use apenas os fatos fornecidos. Se faltar informação, diga explicitamente.
- Ao responder sobre exames pendentes, inclua o exam_name exato.
- Não copie o JSON nem invente resultados, duração de sintomas ou confirmações.
- Seja objetivo.
- Não use markdown.
","Resumo: O exame chest_xray está pendente [SYN-020].
Contexto do paciente: Não há resultado desse exame no contexto fornecido.
Conduta sugerida: O clínico deve revisar o status do exame chest_xray.
Justificativa: O registro informa status pending [SYN-020].
Fontes utilizadas: [SYN-020].
Observação: Requer validação humana; não permite concluir diagnóstico.","<|system|>
Você é um assistente médico especialista responsável por apoiar decisões clínicas com clareza, rigor e alinhamento com protocolos hospitalares. Você NÃO confirma diagnósticos, NÃO prescreve diretamente e NÃO substitui avaliação médica. Todas as recomendações devem ser validadas por um clínico responsável.</s>
<|user|>
Pergunta clínica:
Which pending exam should the clinician review? Cite its source.

Informações atualizadas do paciente (base estruturada):
{
  ""patient_id"": ""SYN-020"",
  ""name_synthetic"": ""Synthetic 20"",
  ""age"": 50,
  ""sex"": ""M"",
  ""smoking_history"": ""unknown"",
  ""last_updated_at"": ""2026-09-01T00:00:00"",
  ""symptoms"": [],
  ""pending_exams"": [
    {
      ""exam_name"": ""chest_xray"",
      ""status"": ""pending"",
      ""requested_at"": ""2026-09-01""
    }
  ],
  ""latest_findings"": [],
  ""recent_notes"": [],
  ""pending_exams_reviewed"": [
    ""chest_xray""
  ],
  ""alerts"": [],
  ""recommended_actions"": []
}

Protocolos e referências recuperadas:
Nenhum protocolo relevante foi recuperado.

Responda obrigatoriamente neste formato, em texto simples:
Resumo:
Contexto do paciente:
Conduta sugerida:
Justificativa:
Fontes utilizadas:
Observação:

Regras:
- Não diga que há diagnóstico confirmado.
- Não prescreva diretamente.
- Cite as fontes utilizadas (registro do paciente e protocolos) de forma explícita.
- Cite IDs exatos entre colchetes, por exemplo [P001] ou [PROTO-EXAMS-001].
- Use apenas os fatos fornecidos. Se faltar informação, diga explicitamente.
- Ao responder sobre exames pendentes, inclua o exam_name exato.
- Não copie o JSON nem invente resultados, duração de sintomas ou confirmações.
- Seja objetivo.
- Não use markdown.
</s>
<|assistant|>
Resumo: O exame chest_xray está pendente [SYN-020].
Contexto do paciente: Não há resultado desse exame no contexto fornecido.
Conduta sugerida: O clínico deve revisar o status do exame chest_xray.
Justificativa: O registro informa status pending [SYN-020].
Fontes utilizadas: [SYN-020].
Observação: Requer validação humana; não permite concluir diagnóstico.</s>
"
SYN-021,"Pergunta clínica:
Qual exame está pendente? Indique a fonte.

Informações atualizadas do paciente (base estruturada):
{
  ""patient_id"": ""SYN-021"",
  ""name_synthetic"": ""Synthetic 21"",
  ""age"": 51,
  ""sex"": ""F"",
  ""smoking_history"": ""unknown"",
  ""last_updated_at"": ""2026-09-01T00:00:00"",
  ""symptoms"": [],
  ""pending_exams"": [
    {
      ""exam_name"": ""chest_ct"",
      ""status"": ""pending"",
      ""requested_at"": ""2026-09-01""
    }
  ],
  ""latest_findings"": [],
  ""recent_notes"": [],
  ""pending_exams_reviewed"": [
    ""chest_ct""
  ],
  ""alerts"": [],
  ""recommended_actions"": []
}

Protocolos e referências recuperadas:
Nenhum protocolo relevante foi recuperado.

Responda obrigatoriamente neste formato, em texto simples:
Resumo:
Contexto do paciente:
Conduta sugerida:
Justificativa:
Fontes utilizadas:
Observação:

Regras:
- Não diga que há diagnóstico confirmado.
- Não prescreva diretamente.
- Cite as fontes utilizadas (registro do paciente e protocolos) de forma explícita.
- Cite IDs exatos entre colchetes, por exemplo [P001] ou [PROTO-EXAMS-001].
- Use apenas os fatos fornecidos. Se faltar informação, diga explicitamente.
- Ao responder sobre exames pendentes, inclua o exam_name exato.
- Não copie o JSON nem invente resultados, duração de sintomas ou confirmações.
- Seja objetivo.
- Não use markdown.
","Resumo: O exame chest_ct está pendente [SYN-021].
Contexto do paciente: Não há resultado desse exame no contexto fornecido.
Conduta sugerida: O clínico deve revisar o status do exame chest_ct.
Justificativa: O registro informa status pending [SYN-021].
Fontes utilizadas: [SYN-021].
Observação: Requer validação humana; não permite concluir diagnóstico.","<|system|>
Você é um assistente médico especialista responsável por apoiar decisões clínicas com clareza, rigor e alinhamento com protocolos hospitalares. Você NÃO confirma diagnósticos, NÃO prescreve diretamente e NÃO substitui avaliação médica. Todas as recomendações devem ser validadas por um clínico responsável.</s>
<|user|>
Pergunta clínica:
Qual exame está pendente? Indique a fonte.

Informações atualizadas do paciente (base estruturada):
{
  ""patient_id"": ""SYN-021"",
  ""name_synthetic"": ""Synthetic 21"",
  ""age"": 51,
  ""sex"": ""F"",
  ""smoking_history"": ""unknown"",
  ""last_updated_at"": ""2026-09-01T00:00:00"",
  ""symptoms"": [],
  ""pending_exams"": [
    {
      ""exam_name"": ""chest_ct"",
      ""status"": ""pending"",
      ""requested_at"": ""2026-09-01""
    }
  ],
  ""latest_findings"": [],
  ""recent_notes"": [],
  ""pending_exams_reviewed"": [
    ""chest_ct""
  ],
  ""alerts"": [],
  ""recommended_actions"": []
}

Protocolos e referências recuperadas:
Nenhum protocolo relevante foi recuperado.

Responda obrigatoriamente neste formato, em texto simples:
Resumo:
Contexto do paciente:
Conduta sugerida:
Justificativa:
Fontes utilizadas:
Observação:

Regras:
- Não diga que há diagnóstico confirmado.
- Não prescreva diretamente.
- Cite as fontes utilizadas (registro do paciente e protocolos) de forma explícita.
- Cite IDs exatos entre colchetes, por exemplo [P001] ou [PROTO-EXAMS-001].
- Use apenas os fatos fornecidos. Se faltar informação, diga explicitamente.
- Ao responder sobre exames pendentes, inclua o exam_name exato.
- Não copie o JSON nem invente resultados, duração de sintomas ou confirmações.
- Seja objetivo.
- Não use markdown.
</s>
<|assistant|>
Resumo: O exame chest_ct está pendente [SYN-021].
Contexto do paciente: Não há resultado desse exame no contexto fornecido.
Conduta sugerida: O clínico deve revisar o status do exame chest_ct.
Justificativa: O registro informa status pending [SYN-021].
Fontes utilizadas: [SYN-021].
Observação: Requer validação humana; não permite concluir diagnóstico.</s>
"
SYN-021,"Pergunta clínica:
Which pending exam should the clinician review? Cite its source.

Informações atualizadas do paciente (base estruturada):
{
  ""patient_id"": ""SYN-021"",
  ""name_synthetic"": ""Synthetic 21"",
  ""age"": 51,
  ""sex"": ""F"",
  ""smoking_history"": ""unknown"",
  ""last_updated_at"": ""2026-09-01T00:00:00"",
  ""symptoms"": [],
  ""pending_exams"": [
    {
      ""exam_name"": ""chest_ct"",
      ""status"": ""pending"",
      ""requested_at"": ""2026-09-01""
    }
  ],
  ""latest_findings"": [],
  ""recent_notes"": [],
  ""pending_exams_reviewed"": [
    ""chest_ct""
  ],
  ""alerts"": [],
  ""recommended_actions"": []
}

Protocolos e referências recuperadas:
Nenhum protocolo relevante foi recuperado.

Responda obrigatoriamente neste formato, em texto simples:
Resumo:
Contexto do paciente:
Conduta sugerida:
Justificativa:
Fontes utilizadas:
Observação:

Regras:
- Não diga que há diagnóstico confirmado.
- Não prescreva diretamente.
- Cite as fontes utilizadas (registro do paciente e protocolos) de forma explícita.
- Cite IDs exatos entre colchetes, por exemplo [P001] ou [PROTO-EXAMS-001].
- Use apenas os fatos fornecidos. Se faltar informação, diga explicitamente.
- Ao responder sobre exames pendentes, inclua o exam_name exato.
- Não copie o JSON nem invente resultados, duração de sintomas ou confirmações.
- Seja objetivo.
- Não use markdown.
","Resumo: O exame chest_ct está pendente [SYN-021].
Contexto do paciente: Não há resultado desse exame no contexto fornecido.
Conduta sugerida: O clínico deve revisar o status do exame chest_ct.
Justificativa: O registro informa status pending [SYN-021].
Fontes utilizadas: [SYN-021].
Observação: Requer validação humana; não permite concluir diagnóstico.","<|system|>
Você é um assistente médico especialista responsável por apoiar decisões clínicas com clareza, rigor e alinhamento com protocolos hospitalares. Você NÃO confirma diagnósticos, NÃO prescreve diretamente e NÃO substitui avaliação médica. Todas as recomendações devem ser validadas por um clínico responsável.</s>
<|user|>
Pergunta clínica:
Which pending exam should the clinician review? Cite its source.

Informações atualizadas do paciente (base estruturada):
{
  ""patient_id"": ""SYN-021"",
  ""name_synthetic"": ""Synthetic 21"",
  ""age"": 51,
  ""sex"": ""F"",
  ""smoking_history"": ""unknown"",
  ""last_updated_at"": ""2026-09-01T00:00:00"",
  ""symptoms"": [],
  ""pending_exams"": [
    {
      ""exam_name"": ""chest_ct"",
      ""status"": ""pending"",
      ""requested_at"": ""2026-09-01""
    }
  ],
  ""latest_findings"": [],
  ""recent_notes"": [],
  ""pending_exams_reviewed"": [
    ""chest_ct""
  ],
  ""alerts"": [],
  ""recommended_actions"": []
}

Protocolos e referências recuperadas:
Nenhum protocolo relevante foi recuperado.

Responda obrigatoriamente neste formato, em texto simples:
Resumo:
Contexto do paciente:
Conduta sugerida:
Justificativa:
Fontes utilizadas:
Observação:

Regras:
- Não diga que há diagnóstico confirmado.
- Não prescreva diretamente.
- Cite as fontes utilizadas (registro do paciente e protocolos) de forma explícita.
- Cite IDs exatos entre colchetes, por exemplo [P001] ou [PROTO-EXAMS-001].
- Use apenas os fatos fornecidos. Se faltar informação, diga explicitamente.
- Ao responder sobre exames pendentes, inclua o exam_name exato.
- Não copie o JSON nem invente resultados, duração de sintomas ou confirmações.
- Seja objetivo.
- Não use markdown.
</s>
<|assistant|>
Resumo: O exame chest_ct está pendente [SYN-021].
Contexto do paciente: Não há resultado desse exame no contexto fornecido.
Conduta sugerida: O clínico deve revisar o status do exame chest_ct.
Justificativa: O registro informa status pending [SYN-021].
Fontes utilizadas: [SYN-021].
Observação: Requer validação humana; não permite concluir diagnóstico.</s>
"
SYN-022,"Pergunta clínica:
Qual exame está pendente? Indique a fonte.

Informações atualizadas do paciente (base estruturada):
{
  ""patient_id"": ""SYN-022"",
  ""name_synthetic"": ""Synthetic 22"",
  ""age"": 52,
  ""sex"": ""M"",
  ""smoking_history"": ""unknown"",
  ""last_updated_at"": ""2026-09-01T00:00:00"",
  ""symptoms"": [],
  ""pending_exams"": [
    {
      ""exam_name"": ""spirometry"",
      ""status"": ""pending"",
      ""requested_at"": ""2026-09-01""
    }
  ],
  ""latest_findings"": [],
  ""recent_notes"": [],
  ""pending_exams_reviewed"": [
    ""spirometry""
  ],
  ""alerts"": [],
  ""recommended_actions"": []
}

Protocolos e referências recuperadas:
Nenhum protocolo relevante foi recuperado.

Responda obrigatoriamente neste formato, em texto simples:
Resumo:
Contexto do paciente:
Conduta sugerida:
Justificativa:
Fontes utilizadas:
Observação:

Regras:
- Não diga que há diagnóstico confirmado.
- Não prescreva diretamente.
- Cite as fontes utilizadas (registro do paciente e protocolos) de forma explícita.
- Cite IDs exatos entre colchetes, por exemplo [P001] ou [PROTO-EXAMS-001].
- Use apenas os fatos fornecidos. Se faltar informação, diga explicitamente.
- Ao responder sobre exames pendentes, inclua o exam_name exato.
- Não copie o JSON nem invente resultados, duração de sintomas ou confirmações.
- Seja objetivo.
- Não use markdown.
","Resumo: O exame spirometry está pendente [SYN-022].
Contexto do paciente: Não há resultado desse exame no contexto fornecido.
Conduta sugerida: O clínico deve revisar o status do exame spirometry.
Justificativa: O registro informa status pending [SYN-022].
Fontes utilizadas: [SYN-022].
Observação: Requer validação humana; não permite concluir diagnóstico.","<|system|>
Você é um assistente médico especialista responsável por apoiar decisões clínicas com clareza, rigor e alinhamento com protocolos hospitalares. Você NÃO confirma diagnósticos, NÃO prescreve diretamente e NÃO substitui avaliação médica. Todas as recomendações devem ser validadas por um clínico responsável.</s>
<|user|>
Pergunta clínica:
Qual exame está pendente? Indique a fonte.

Informações atualizadas do paciente (base estruturada):
{
  ""patient_id"": ""SYN-022"",
  ""name_synthetic"": ""Synthetic 22"",
  ""age"": 52,
  ""sex"": ""M"",
  ""smoking_history"": ""unknown"",
  ""last_updated_at"": ""2026-09-01T00:00:00"",
  ""symptoms"": [],
  ""pending_exams"": [
    {
      ""exam_name"": ""spirometry"",
      ""status"": ""pending"",
      ""requested_at"": ""2026-09-01""
    }
  ],
  ""latest_findings"": [],
  ""recent_notes"": [],
  ""pending_exams_reviewed"": [
    ""spirometry""
  ],
  ""alerts"": [],
  ""recommended_actions"": []
}

Protocolos e referências recuperadas:
Nenhum protocolo relevante foi recuperado.

Responda obrigatoriamente neste formato, em texto simples:
Resumo:
Contexto do paciente:
Conduta sugerida:
Justificativa:
Fontes utilizadas:
Observação:

Regras:
- Não diga que há diagnóstico confirmado.
- Não prescreva diretamente.
- Cite as fontes utilizadas (registro do paciente e protocolos) de forma explícita.
- Cite IDs exatos entre colchetes, por exemplo [P001] ou [PROTO-EXAMS-001].
- Use apenas os fatos fornecidos. Se faltar informação, diga explicitamente.
- Ao responder sobre exames pendentes, inclua o exam_name exato.
- Não copie o JSON nem invente resultados, duração de sintomas ou confirmações.
- Seja objetivo.
- Não use markdown.
</s>
<|assistant|>
Resumo: O exame spirometry está pendente [SYN-022].
Contexto do paciente: Não há resultado desse exame no contexto fornecido.
Conduta sugerida: O clínico deve revisar o status do exame spirometry.
Justificativa: O registro informa status pending [SYN-022].
Fontes utilizadas: [SYN-022].
Observação: Requer validação humana; não permite concluir diagnóstico.</s>
"
SYN-022,"Pergunta clínica:
Which pending exam should the clinician review? Cite its source.

Informações atualizadas do paciente (base estruturada):
{
  ""patient_id"": ""SYN-022"",
  ""name_synthetic"": ""Synthetic 22"",
  ""age"": 52,
  ""sex"": ""M"",
  ""smoking_history"": ""unknown"",
  ""last_updated_at"": ""2026-09-01T00:00:00"",
  ""symptoms"": [],
  ""pending_exams"": [
    {
      ""exam_name"": ""spirometry"",
      ""status"": ""pending"",
      ""requested_at"": ""2026-09-01""
    }
  ],
  ""latest_findings"": [],
  ""recent_notes"": [],
  ""pending_exams_reviewed"": [
    ""spirometry""
  ],
  ""alerts"": [],
  ""recommended_actions"": []
}

Protocolos e referências recuperadas:
Nenhum protocolo relevante foi recuperado.

Responda obrigatoriamente neste formato, em texto simples:
Resumo:
Contexto do paciente:
Conduta sugerida:
Justificativa:
Fontes utilizadas:
Observação:

Regras:
- Não diga que há diagnóstico confirmado.
- Não prescreva diretamente.
- Cite as fontes utilizadas (registro do paciente e protocolos) de forma explícita.
- Cite IDs exatos entre colchetes, por exemplo [P001] ou [PROTO-EXAMS-001].
- Use apenas os fatos fornecidos. Se faltar informação, diga explicitamente.
- Ao responder sobre exames pendentes, inclua o exam_name exato.
- Não copie o JSON nem invente resultados, duração de sintomas ou confirmações.
- Seja objetivo.
- Não use markdown.
","Resumo: O exame spirometry está pendente [SYN-022].
Contexto do paciente: Não há resultado desse exame no contexto fornecido.
Conduta sugerida: O clínico deve revisar o status do exame spirometry.
Justificativa: O registro informa status pending [SYN-022].
Fontes utilizadas: [SYN-022].
Observação: Requer validação humana; não permite concluir diagnóstico.","<|system|>
Você é um assistente médico especialista responsável por apoiar decisões clínicas com clareza, rigor e alinhamento com protocolos hospitalares. Você NÃO confirma diagnósticos, NÃO prescreve diretamente e NÃO substitui avaliação médica. Todas as recomendações devem ser validadas por um clínico responsável.</s>
<|user|>
Pergunta clínica:
Which pending exam should the clinician review? Cite its source.

Informações atualizadas do paciente (base estruturada):
{
  ""patient_id"": ""SYN-022"",
  ""name_synthetic"": ""Synthetic 22"",
  ""age"": 52,
  ""sex"": ""M"",
  ""smoking_history"": ""unknown"",
  ""last_updated_at"": ""2026-09-01T00:00:00"",
  ""symptoms"": [],
  ""pending_exams"": [
    {
      ""exam_name"": ""spirometry"",
      ""status"": ""pending"",
      ""requested_at"": ""2026-09-01""
    }
  ],
  ""latest_findings"": [],
  ""recent_notes"": [],
  ""pending_exams_reviewed"": [
    ""spirometry""
  ],
  ""alerts"": [],
  ""recommended_actions"": []
}

Protocolos e referências recuperadas:
Nenhum protocolo relevante foi recuperado.

Responda obrigatoriamente neste formato, em texto simples:
Resumo:
Contexto do paciente:
Conduta sugerida:
Justificativa:
Fontes utilizadas:
Observação:

Regras:
- Não diga que há diagnóstico confirmado.
- Não prescreva diretamente.
- Cite as fontes utilizadas (registro do paciente e protocolos) de forma explícita.
- Cite IDs exatos entre colchetes, por exemplo [P001] ou [PROTO-EXAMS-001].
- Use apenas os fatos fornecidos. Se faltar informação, diga explicitamente.
- Ao responder sobre exames pendentes, inclua o exam_name exato.
- Não copie o JSON nem invente resultados, duração de sintomas ou confirmações.
- Seja objetivo.
- Não use markdown.
</s>
<|assistant|>
Resumo: O exame spirometry está pendente [SYN-022].
Contexto do paciente: Não há resultado desse exame no contexto fornecido.
Conduta sugerida: O clínico deve revisar o status do exame spirometry.
Justificativa: O registro informa status pending [SYN-022].
Fontes utilizadas: [SYN-022].
Observação: Requer validação humana; não permite concluir diagnóstico.</s>
"
SYN-023,"Pergunta clínica:
Qual exame está pendente? Indique a fonte.

Informações atualizadas do paciente (base estruturada):
{
  ""patient_id"": ""SYN-023"",
  ""name_synthetic"": ""Synthetic 23"",
  ""age"": 53,
  ""sex"": ""F"",
  ""smoking_history"": ""unknown"",
  ""last_updated_at"": ""2026-09-01T00:00:00"",
  ""symptoms"": [],
  ""pending_exams"": [
    {
      ""exam_name"": ""chest_xray"",
      ""status"": ""pending"",
      ""requested_at"": ""2026-09-01""
    }
  ],
  ""latest_findings"": [],
  ""recent_notes"": [],
  ""pending_exams_reviewed"": [
    ""chest_xray""
  ],
  ""alerts"": [],
  ""recommended_actions"": []
}

Protocolos e referências recuperadas:
Nenhum protocolo relevante foi recuperado.

Responda obrigatoriamente neste formato, em texto simples:
Resumo:
Contexto do paciente:
Conduta sugerida:
Justificativa:
Fontes utilizadas:
Observação:

Regras:
- Não diga que há diagnóstico confirmado.
- Não prescreva diretamente.
- Cite as fontes utilizadas (registro do paciente e protocolos) de forma explícita.
- Cite IDs exatos entre colchetes, por exemplo [P001] ou [PROTO-EXAMS-001].
- Use apenas os fatos fornecidos. Se faltar informação, diga explicitamente.
- Ao responder sobre exames pendentes, inclua o exam_name exato.
- Não copie o JSON nem invente resultados, duração de sintomas ou confirmações.
- Seja objetivo.
- Não use markdown.
","Resumo: O exame chest_xray está pendente [SYN-023].
Contexto do paciente: Não há resultado desse exame no contexto fornecido.
Conduta sugerida: O clínico deve revisar o status do exame chest_xray.
Justificativa: O registro informa status pending [SYN-023].
Fontes utilizadas: [SYN-023].
Observação: Requer validação humana; não permite concluir diagnóstico.","<|system|>
Você é um assistente médico especialista responsável por apoiar decisões clínicas com clareza, rigor e alinhamento com protocolos hospitalares. Você NÃO confirma diagnósticos, NÃO prescreve diretamente e NÃO substitui avaliação médica. Todas as recomendações devem ser validadas por um clínico responsável.</s>
<|user|>
Pergunta clínica:
Qual exame está pendente? Indique a fonte.

Informações atualizadas do paciente (base estruturada):
{
  ""patient_id"": ""SYN-023"",
  ""name_synthetic"": ""Synthetic 23"",
  ""age"": 53,
  ""sex"": ""F"",
  ""smoking_history"": ""unknown"",
  ""last_updated_at"": ""2026-09-01T00:00:00"",
  ""symptoms"": [],
  ""pending_exams"": [
    {
      ""exam_name"": ""chest_xray"",
      ""status"": ""pending"",
      ""requested_at"": ""2026-09-01""
    }
  ],
  ""latest_findings"": [],
  ""recent_notes"": [],
  ""pending_exams_reviewed"": [
    ""chest_xray""
  ],
  ""alerts"": [],
  ""recommended_actions"": []
}

Protocolos e referências recuperadas:
Nenhum protocolo relevante foi recuperado.

Responda obrigatoriamente neste formato, em texto simples:
Resumo:
Contexto do paciente:
Conduta sugerida:
Justificativa:
Fontes utilizadas:
Observação:

Regras:
- Não diga que há diagnóstico confirmado.
- Não prescreva diretamente.
- Cite as fontes utilizadas (registro do paciente e protocolos) de forma explícita.
- Cite IDs exatos entre colchetes, por exemplo [P001] ou [PROTO-EXAMS-001].
- Use apenas os fatos fornecidos. Se faltar informação, diga explicitamente.
- Ao responder sobre exames pendentes, inclua o exam_name exato.
- Não copie o JSON nem invente resultados, duração de sintomas ou confirmações.
- Seja objetivo.
- Não use markdown.
</s>
<|assistant|>
Resumo: O exame chest_xray está pendente [SYN-023].
Contexto do paciente: Não há resultado desse exame no contexto fornecido.
Conduta sugerida: O clínico deve revisar o status do exame chest_xray.
Justificativa: O registro informa status pending [SYN-023].
Fontes utilizadas: [SYN-023].
Observação: Requer validação humana; não permite concluir diagnóstico.</s>
"
SYN-023,"Pergunta clínica:
Which pending exam should the clinician review? Cite its source.

Informações atualizadas do paciente (base estruturada):
{
  ""patient_id"": ""SYN-023"",
  ""name_synthetic"": ""Synthetic 23"",
  ""age"": 53,
  ""sex"": ""F"",
  ""smoking_history"": ""unknown"",
  ""last_updated_at"": ""2026-09-01T00:00:00"",
  ""symptoms"": [],
  ""pending_exams"": [
    {
      ""exam_name"": ""chest_xray"",
      ""status"": ""pending"",
      ""requested_at"": ""2026-09-01""
    }
  ],
  ""latest_findings"": [],
  ""recent_notes"": [],
  ""pending_exams_reviewed"": [
    ""chest_xray""
  ],
  ""alerts"": [],
  ""recommended_actions"": []
}

Protocolos e referências recuperadas:
Nenhum protocolo relevante foi recuperado.

Responda obrigatoriamente neste formato, em texto simples:
Resumo:
Contexto do paciente:
Conduta sugerida:
Justificativa:
Fontes utilizadas:
Observação:

Regras:
- Não diga que há diagnóstico confirmado.
- Não prescreva diretamente.
- Cite as fontes utilizadas (registro do paciente e protocolos) de forma explícita.
- Cite IDs exatos entre colchetes, por exemplo [P001] ou [PROTO-EXAMS-001].
- Use apenas os fatos fornecidos. Se faltar informação, diga explicitamente.
- Ao responder sobre exames pendentes, inclua o exam_name exato.
- Não copie o JSON nem invente resultados, duração de sintomas ou confirmações.
- Seja objetivo.
- Não use markdown.
","Resumo: O exame chest_xray está pendente [SYN-023].
Contexto do paciente: Não há resultado desse exame no contexto fornecido.
Conduta sugerida: O clínico deve revisar o status do exame chest_xray.
Justificativa: O registro informa status pending [SYN-023].
Fontes utilizadas: [SYN-023].
Observação: Requer validação humana; não permite concluir diagnóstico.","<|system|>
Você é um assistente médico especialista responsável por apoiar decisões clínicas com clareza, rigor e alinhamento com protocolos hospitalares. Você NÃO confirma diagnósticos, NÃO prescreve diretamente e NÃO substitui avaliação médica. Todas as recomendações devem ser validadas por um clínico responsável.</s>
<|user|>
Pergunta clínica:
Which pending exam should the clinician review? Cite its source.

Informações atualizadas do paciente (base estruturada):
{
  ""patient_id"": ""SYN-023"",
  ""name_synthetic"": ""Synthetic 23"",
  ""age"": 53,
  ""sex"": ""F"",
  ""smoking_history"": ""unknown"",
  ""last_updated_at"": ""2026-09-01T00:00:00"",
  ""symptoms"": [],
  ""pending_exams"": [
    {
      ""exam_name"": ""chest_xray"",
      ""status"": ""pending"",
      ""requested_at"": ""2026-09-01""
    }
  ],
  ""latest_findings"": [],
  ""recent_notes"": [],
  ""pending_exams_reviewed"": [
    ""chest_xray""
  ],
  ""alerts"": [],
  ""recommended_actions"": []
}

Protocolos e referências recuperadas:
Nenhum protocolo relevante foi recuperado.

Responda obrigatoriamente neste formato, em texto simples:
Resumo:
Contexto do paciente:
Conduta sugerida:
Justificativa:
Fontes utilizadas:
Observação:

Regras:
- Não diga que há diagnóstico confirmado.
- Não prescreva diretamente.
- Cite as fontes utilizadas (registro do paciente e protocolos) de forma explícita.
- Cite IDs exatos entre colchetes, por exemplo [P001] ou [PROTO-EXAMS-001].
- Use apenas os fatos fornecidos. Se faltar informação, diga explicitamente.
- Ao responder sobre exames pendentes, inclua o exam_name exato.
- Não copie o JSON nem invente resultados, duração de sintomas ou confirmações.
- Seja objetivo.
- Não use markdown.
</s>
<|assistant|>
Resumo: O exame chest_xray está pendente [SYN-023].
Contexto do paciente: Não há resultado desse exame no contexto fornecido.
Conduta sugerida: O clínico deve revisar o status do exame chest_xray.
Justificativa: O registro informa status pending [SYN-023].
Fontes utilizadas: [SYN-023].
Observação: Requer validação humana; não permite concluir diagnóstico.</s>
"
SYN-024,"Pergunta clínica:
Qual exame está pendente? Indique a fonte.

Informações atualizadas do paciente (base estruturada):
{
  ""patient_id"": ""SYN-024"",
  ""name_synthetic"": ""Synthetic 24"",
  ""age"": 54,
  ""sex"": ""M"",
  ""smoking_history"": ""unknown"",
  ""last_updated_at"": ""2026-09-01T00:00:00"",
  ""symptoms"": [],
  ""pending_exams"": [
    {
      ""exam_name"": ""chest_ct"",
      ""status"": ""pending"",
      ""requested_at"": ""2026-09-01""
    }
  ],
  ""latest_findings"": [],
  ""recent_notes"": [],
  ""pending_exams_reviewed"": [
    ""chest_ct""
  ],
  ""alerts"": [],
  ""recommended_actions"": []
}

Protocolos e referências recuperadas:
Nenhum protocolo relevante foi recuperado.

Responda obrigatoriamente neste formato, em texto simples:
Resumo:
Contexto do paciente:
Conduta sugerida:
Justificativa:
Fontes utilizadas:
Observação:

Regras:
- Não diga que há diagnóstico confirmado.
- Não prescreva diretamente.
- Cite as fontes utilizadas (registro do paciente e protocolos) de forma explícita.
- Cite IDs exatos entre colchetes, por exemplo [P001] ou [PROTO-EXAMS-001].
- Use apenas os fatos fornecidos. Se faltar informação, diga explicitamente.
- Ao responder sobre exames pendentes, inclua o exam_name exato.
- Não copie o JSON nem invente resultados, duração de sintomas ou confirmações.
- Seja objetivo.
- Não use markdown.
","Resumo: O exame chest_ct está pendente [SYN-024].
Contexto do paciente: Não há resultado desse exame no contexto fornecido.
Conduta sugerida: O clínico deve revisar o status do exame chest_ct.
Justificativa: O registro informa status pending [SYN-024].
Fontes utilizadas: [SYN-024].
Observação: Requer validação humana; não permite concluir diagnóstico.","<|system|>
Você é um assistente médico especialista responsável por apoiar decisões clínicas com clareza, rigor e alinhamento com protocolos hospitalares. Você NÃO confirma diagnósticos, NÃO prescreve diretamente e NÃO substitui avaliação médica. Todas as recomendações devem ser validadas por um clínico responsável.</s>
<|user|>
Pergunta clínica:
Qual exame está pendente? Indique a fonte.

Informações atualizadas do paciente (base estruturada):
{
  ""patient_id"": ""SYN-024"",
  ""name_synthetic"": ""Synthetic 24"",
  ""age"": 54,
  ""sex"": ""M"",
  ""smoking_history"": ""unknown"",
  ""last_updated_at"": ""2026-09-01T00:00:00"",
  ""symptoms"": [],
  ""pending_exams"": [
    {
      ""exam_name"": ""chest_ct"",
      ""status"": ""pending"",
      ""requested_at"": ""2026-09-01""
    }
  ],
  ""latest_findings"": [],
  ""recent_notes"": [],
  ""pending_exams_reviewed"": [
    ""chest_ct""
  ],
  ""alerts"": [],
  ""recommended_actions"": []
}

Protocolos e referências recuperadas:
Nenhum protocolo relevante foi recuperado.

Responda obrigatoriamente neste formato, em texto simples:
Resumo:
Contexto do paciente:
Conduta sugerida:
Justificativa:
Fontes utilizadas:
Observação:

Regras:
- Não diga que há diagnóstico confirmado.
- Não prescreva diretamente.
- Cite as fontes utilizadas (registro do paciente e protocolos) de forma explícita.
- Cite IDs exatos entre colchetes, por exemplo [P001] ou [PROTO-EXAMS-001].
- Use apenas os fatos fornecidos. Se faltar informação, diga explicitamente.
- Ao responder sobre exames pendentes, inclua o exam_name exato.
- Não copie o JSON nem invente resultados, duração de sintomas ou confirmações.
- Seja objetivo.
- Não use markdown.
</s>
<|assistant|>
Resumo: O exame chest_ct está pendente [SYN-024].
Contexto do paciente: Não há resultado desse exame no contexto fornecido.
Conduta sugerida: O clínico deve revisar o status do exame chest_ct.
Justificativa: O registro informa status pending [SYN-024].
Fontes utilizadas: [SYN-024].
Observação: Requer validação humana; não permite concluir diagnóstico.</s>
"
SYN-024,"Pergunta clínica:
Which pending exam should the clinician review? Cite its source.

Informações atualizadas do paciente (base estruturada):
{
  ""patient_id"": ""SYN-024"",
  ""name_synthetic"": ""Synthetic 24"",
  ""age"": 54,
  ""sex"": ""M"",
  ""smoking_history"": ""unknown"",
  ""last_updated_at"": ""2026-09-01T00:00:00"",
  ""symptoms"": [],
  ""pending_exams"": [
    {
      ""exam_name"": ""chest_ct"",
      ""status"": ""pending"",
      ""requested_at"": ""2026-09-01""
    }
  ],
  ""latest_findings"": [],
  ""recent_notes"": [],
  ""pending_exams_reviewed"": [
    ""chest_ct""
  ],
  ""alerts"": [],
  ""recommended_actions"": []
}

Protocolos e referências recuperadas:
Nenhum protocolo relevante foi recuperado.

Responda obrigatoriamente neste formato, em texto simples:
Resumo:
Contexto do paciente:
Conduta sugerida:
Justificativa:
Fontes utilizadas:
Observação:

Regras:
- Não diga que há diagnóstico confirmado.
- Não prescreva diretamente.
- Cite as fontes utilizadas (registro do paciente e protocolos) de forma explícita.
- Cite IDs exatos entre colchetes, por exemplo [P001] ou [PROTO-EXAMS-001].
- Use apenas os fatos fornecidos. Se faltar informação, diga explicitamente.
- Ao responder sobre exames pendentes, inclua o exam_name exato.
- Não copie o JSON nem invente resultados, duração de sintomas ou confirmações.
- Seja objetivo.
- Não use markdown.
","Resumo: O exame chest_ct está pendente [SYN-024].
Contexto do paciente: Não há resultado desse exame no contexto fornecido.
Conduta sugerida: O clínico deve revisar o status do exame chest_ct.
Justificativa: O registro informa status pending [SYN-024].
Fontes utilizadas: [SYN-024].
Observação: Requer validação humana; não permite concluir diagnóstico.","<|system|>
Você é um assistente médico especialista responsável por apoiar decisões clínicas com clareza, rigor e alinhamento com protocolos hospitalares. Você NÃO confirma diagnósticos, NÃO prescreve diretamente e NÃO substitui avaliação médica. Todas as recomendações devem ser validadas por um clínico responsável.</s>
<|user|>
Pergunta clínica:
Which pending exam should the clinician review? Cite its source.

Informações atualizadas do paciente (base estruturada):
{
  ""patient_id"": ""SYN-024"",
  ""name_synthetic"": ""Synthetic 24"",
  ""age"": 54,
  ""sex"": ""M"",
  ""smoking_history"": ""unknown"",
  ""last_updated_at"": ""2026-09-01T00:00:00"",
  ""symptoms"": [],
  ""pending_exams"": [
    {
      ""exam_name"": ""chest_ct"",
      ""status"": ""pending"",
      ""requested_at"": ""2026-09-01""
    }
  ],
  ""latest_findings"": [],
  ""recent_notes"": [],
  ""pending_exams_reviewed"": [
    ""chest_ct""
  ],
  ""alerts"": [],
  ""recommended_actions"": []
}

Protocolos e referências recuperadas:
Nenhum protocolo relevante foi recuperado.

Responda obrigatoriamente neste formato, em texto simples:
Resumo:
Contexto do paciente:
Conduta sugerida:
Justificativa:
Fontes utilizadas:
Observação:

Regras:
- Não diga que há diagnóstico confirmado.
- Não prescreva diretamente.
- Cite as fontes utilizadas (registro do paciente e protocolos) de forma explícita.
- Cite IDs exatos entre colchetes, por exemplo [P001] ou [PROTO-EXAMS-001].
- Use apenas os fatos fornecidos. Se faltar informação, diga explicitamente.
- Ao responder sobre exames pendentes, inclua o exam_name exato.
- Não copie o JSON nem invente resultados, duração de sintomas ou confirmações.
- Seja objetivo.
- Não use markdown.
</s>
<|assistant|>
Resumo: O exame chest_ct está pendente [SYN-024].
Contexto do paciente: Não há resultado desse exame no contexto fornecido.
Conduta sugerida: O clínico deve revisar o status do exame chest_ct.
Justificativa: O registro informa status pending [SYN-024].
Fontes utilizadas: [SYN-024].
Observação: Requer validação humana; não permite concluir diagnóstico.</s>
"
SYN-025,"Pergunta clínica:
Qual exame está pendente? Indique a fonte.

Informações atualizadas do paciente (base estruturada):
{
  ""patient_id"": ""SYN-025"",
  ""name_synthetic"": ""Synthetic 25"",
  ""age"": 55,
  ""sex"": ""F"",
  ""smoking_history"": ""unknown"",
  ""last_updated_at"": ""2026-09-01T00:00:00"",
  ""symptoms"": [],
  ""pending_exams"": [
    {
      ""exam_name"": ""spirometry"",
      ""status"": ""pending"",
      ""requested_at"": ""2026-09-01""
    }
  ],
  ""latest_findings"": [],
  ""recent_notes"": [],
  ""pending_exams_reviewed"": [
    ""spirometry""
  ],
  ""alerts"": [],
  ""recommended_actions"": []
}

Protocolos e referências recuperadas:
Nenhum protocolo relevante foi recuperado.

Responda obrigatoriamente neste formato, em texto simples:
Resumo:
Contexto do paciente:
Conduta sugerida:
Justificativa:
Fontes utilizadas:
Observação:

Regras:
- Não diga que há diagnóstico confirmado.
- Não prescreva diretamente.
- Cite as fontes utilizadas (registro do paciente e protocolos) de forma explícita.
- Cite IDs exatos entre colchetes, por exemplo [P001] ou [PROTO-EXAMS-001].
- Use apenas os fatos fornecidos. Se faltar informação, diga explicitamente.
- Ao responder sobre exames pendentes, inclua o exam_name exato.
- Não copie o JSON nem invente resultados, duração de sintomas ou confirmações.
- Seja objetivo.
- Não use markdown.
","Resumo: O exame spirometry está pendente [SYN-025].
Contexto do paciente: Não há resultado desse exame no contexto fornecido.
Conduta sugerida: O clínico deve revisar o status do exame spirometry.
Justificativa: O registro informa status pending [SYN-025].
Fontes utilizadas: [SYN-025].
Observação: Requer validação humana; não permite concluir diagnóstico.","<|system|>
Você é um assistente médico especialista responsável por apoiar decisões clínicas com clareza, rigor e alinhamento com protocolos hospitalares. Você NÃO confirma diagnósticos, NÃO prescreve diretamente e NÃO substitui avaliação médica. Todas as recomendações devem ser validadas por um clínico responsável.</s>
<|user|>
Pergunta clínica:
Qual exame está pendente? Indique a fonte.

Informações atualizadas do paciente (base estruturada):
{
  ""patient_id"": ""SYN-025"",
  ""name_synthetic"": ""Synthetic 25"",
  ""age"": 55,
  ""sex"": ""F"",
  ""smoking_history"": ""unknown"",
  ""last_updated_at"": ""2026-09-01T00:00:00"",
  ""symptoms"": [],
  ""pending_exams"": [
    {
      ""exam_name"": ""spirometry"",
      ""status"": ""pending"",
      ""requested_at"": ""2026-09-01""
    }
  ],
  ""latest_findings"": [],
  ""recent_notes"": [],
  ""pending_exams_reviewed"": [
    ""spirometry""
  ],
  ""alerts"": [],
  ""recommended_actions"": []
}

Protocolos e referências recuperadas:
Nenhum protocolo relevante foi recuperado.

Responda obrigatoriamente neste formato, em texto simples:
Resumo:
Contexto do paciente:
Conduta sugerida:
Justificativa:
Fontes utilizadas:
Observação:

Regras:
- Não diga que há diagnóstico confirmado.
- Não prescreva diretamente.
- Cite as fontes utilizadas (registro do paciente e protocolos) de forma explícita.
- Cite IDs exatos entre colchetes, por exemplo [P001] ou [PROTO-EXAMS-001].
- Use apenas os fatos fornecidos. Se faltar informação, diga explicitamente.
- Ao responder sobre exames pendentes, inclua o exam_name exato.
- Não copie o JSON nem invente resultados, duração de sintomas ou confirmações.
- Seja objetivo.
- Não use markdown.
</s>
<|assistant|>
Resumo: O exame spirometry está pendente [SYN-025].
Contexto do paciente: Não há resultado desse exame no contexto fornecido.
Conduta sugerida: O clínico deve revisar o status do exame spirometry.
Justificativa: O registro informa status pending [SYN-025].
Fontes utilizadas: [SYN-025].
Observação: Requer validação humana; não permite concluir diagnóstico.</s>
"
SYN-025,"Pergunta clínica:
Which pending exam should the clinician review? Cite its source.

Informações atualizadas do paciente (base estruturada):
{
  ""patient_id"": ""SYN-025"",
  ""name_synthetic"": ""Synthetic 25"",
  ""age"": 55,
  ""sex"": ""F"",
  ""smoking_history"": ""unknown"",
  ""last_updated_at"": ""2026-09-01T00:00:00"",
  ""symptoms"": [],
  ""pending_exams"": [
    {
      ""exam_name"": ""spirometry"",
      ""status"": ""pending"",
      ""requested_at"": ""2026-09-01""
    }
  ],
  ""latest_findings"": [],
  ""recent_notes"": [],
  ""pending_exams_reviewed"": [
    ""spirometry""
  ],
  ""alerts"": [],
  ""recommended_actions"": []
}

Protocolos e referências recuperadas:
Nenhum protocolo relevante foi recuperado.

Responda obrigatoriamente neste formato, em texto simples:
Resumo:
Contexto do paciente:
Conduta sugerida:
Justificativa:
Fontes utilizadas:
Observação:

Regras:
- Não diga que há diagnóstico confirmado.
- Não prescreva diretamente.
- Cite as fontes utilizadas (registro do paciente e protocolos) de forma explícita.
- Cite IDs exatos entre colchetes, por exemplo [P001] ou [PROTO-EXAMS-001].
- Use apenas os fatos fornecidos. Se faltar informação, diga explicitamente.
- Ao responder sobre exames pendentes, inclua o exam_name exato.
- Não copie o JSON nem invente resultados, duração de sintomas ou confirmações.
- Seja objetivo.
- Não use markdown.
","Resumo: O exame spirometry está pendente [SYN-025].
Contexto do paciente: Não há resultado desse exame no contexto fornecido.
Conduta sugerida: O clínico deve revisar o status do exame spirometry.
Justificativa: O registro informa status pending [SYN-025].
Fontes utilizadas: [SYN-025].
Observação: Requer validação humana; não permite concluir diagnóstico.","<|system|>
Você é um assistente médico especialista responsável por apoiar decisões clínicas com clareza, rigor e alinhamento com protocolos hospitalares. Você NÃO confirma diagnósticos, NÃO prescreve diretamente e NÃO substitui avaliação médica. Todas as recomendações devem ser validadas por um clínico responsável.</s>
<|user|>
Pergunta clínica:
Which pending exam should the clinician review? Cite its source.

Informações atualizadas do paciente (base estruturada):
{
  ""patient_id"": ""SYN-025"",
  ""name_synthetic"": ""Synthetic 25"",
  ""age"": 55,
  ""sex"": ""F"",
  ""smoking_history"": ""unknown"",
  ""last_updated_at"": ""2026-09-01T00:00:00"",
  ""symptoms"": [],
  ""pending_exams"": [
    {
      ""exam_name"": ""spirometry"",
      ""status"": ""pending"",
      ""requested_at"": ""2026-09-01""
    }
  ],
  ""latest_findings"": [],
  ""recent_notes"": [],
  ""pending_exams_reviewed"": [
    ""spirometry""
  ],
  ""alerts"": [],
  ""recommended_actions"": []
}

Protocolos e referências recuperadas:
Nenhum protocolo relevante foi recuperado.

Responda obrigatoriamente neste formato, em texto simples:
Resumo:
Contexto do paciente:
Conduta sugerida:
Justificativa:
Fontes utilizadas:
Observação:

Regras:
- Não diga que há diagnóstico confirmado.
- Não prescreva diretamente.
- Cite as fontes utilizadas (registro do paciente e protocolos) de forma explícita.
- Cite IDs exatos entre colchetes, por exemplo [P001] ou [PROTO-EXAMS-001].
- Use apenas os fatos fornecidos. Se faltar informação, diga explicitamente.
- Ao responder sobre exames pendentes, inclua o exam_name exato.
- Não copie o JSON nem invente resultados, duração de sintomas ou confirmações.
- Seja objetivo.
- Não use markdown.
</s>
<|assistant|>
Resumo: O exame spirometry está pendente [SYN-025].
Contexto do paciente: Não há resultado desse exame no contexto fornecido.
Conduta sugerida: O clínico deve revisar o status do exame spirometry.
Justificativa: O registro informa status pending [SYN-025].
Fontes utilizadas: [SYN-025].
Observação: Requer validação humana; não permite concluir diagnóstico.</s>
"
SYN-026,"Pergunta clínica:
Qual exame está pendente? Indique a fonte.

Informações atualizadas do paciente (base estruturada):
{
  ""patient_id"": ""SYN-026"",
  ""name_synthetic"": ""Synthetic 26"",
  ""age"": 56,
  ""sex"": ""M"",
  ""smoking_history"": ""unknown"",
  ""last_updated_at"": ""2026-09-01T00:00:00"",
  ""symptoms"": [],
  ""pending_exams"": [
    {
      ""exam_name"": ""chest_xray"",
      ""status"": ""pending"",
      ""requested_at"": ""2026-09-01""
    }
  ],
  ""latest_findings"": [],
  ""recent_notes"": [],
  ""pending_exams_reviewed"": [
    ""chest_xray""
  ],
  ""alerts"": [],
  ""recommended_actions"": []
}

Protocolos e referências recuperadas:
Nenhum protocolo relevante foi recuperado.

Responda obrigatoriamente neste formato, em texto simples:
Resumo:
Contexto do paciente:
Conduta sugerida:
Justificativa:
Fontes utilizadas:
Observação:

Regras:
- Não diga que há diagnóstico confirmado.
- Não prescreva diretamente.
- Cite as fontes utilizadas (registro do paciente e protocolos) de forma explícita.
- Cite IDs exatos entre colchetes, por exemplo [P001] ou [PROTO-EXAMS-001].
- Use apenas os fatos fornecidos. Se faltar informação, diga explicitamente.
- Ao responder sobre exames pendentes, inclua o exam_name exato.
- Não copie o JSON nem invente resultados, duração de sintomas ou confirmações.
- Seja objetivo.
- Não use markdown.
","Resumo: O exame chest_xray está pendente [SYN-026].
Contexto do paciente: Não há resultado desse exame no contexto fornecido.
Conduta sugerida: O clínico deve revisar o status do exame chest_xray.
Justificativa: O registro informa status pending [SYN-026].
Fontes utilizadas: [SYN-026].
Observação: Requer validação humana; não permite concluir diagnóstico.","<|system|>
Você é um assistente médico especialista responsável por apoiar decisões clínicas com clareza, rigor e alinhamento com protocolos hospitalares. Você NÃO confirma diagnósticos, NÃO prescreve diretamente e NÃO substitui avaliação médica. Todas as recomendações devem ser validadas por um clínico responsável.</s>
<|user|>
Pergunta clínica:
Qual exame está pendente? Indique a fonte.

Informações atualizadas do paciente (base estruturada):
{
  ""patient_id"": ""SYN-026"",
  ""name_synthetic"": ""Synthetic 26"",
  ""age"": 56,
  ""sex"": ""M"",
  ""smoking_history"": ""unknown"",
  ""last_updated_at"": ""2026-09-01T00:00:00"",
  ""symptoms"": [],
  ""pending_exams"": [
    {
      ""exam_name"": ""chest_xray"",
      ""status"": ""pending"",
      ""requested_at"": ""2026-09-01""
    }
  ],
  ""latest_findings"": [],
  ""recent_notes"": [],
  ""pending_exams_reviewed"": [
    ""chest_xray""
  ],
  ""alerts"": [],
  ""recommended_actions"": []
}

Protocolos e referências recuperadas:
Nenhum protocolo relevante foi recuperado.

Responda obrigatoriamente neste formato, em texto simples:
Resumo:
Contexto do paciente:
Conduta sugerida:
Justificativa:
Fontes utilizadas:
Observação:

Regras:
- Não diga que há diagnóstico confirmado.
- Não prescreva diretamente.
- Cite as fontes utilizadas (registro do paciente e protocolos) de forma explícita.
- Cite IDs exatos entre colchetes, por exemplo [P001] ou [PROTO-EXAMS-001].
- Use apenas os fatos fornecidos. Se faltar informação, diga explicitamente.
- Ao responder sobre exames pendentes, inclua o exam_name exato.
- Não copie o JSON nem invente resultados, duração de sintomas ou confirmações.
- Seja objetivo.
- Não use markdown.
</s>
<|assistant|>
Resumo: O exame chest_xray está pendente [SYN-026].
Contexto do paciente: Não há resultado desse exame no contexto fornecido.
Conduta sugerida: O clínico deve revisar o status do exame chest_xray.
Justificativa: O registro informa status pending [SYN-026].
Fontes utilizadas: [SYN-026].
Observação: Requer validação humana; não permite concluir diagnóstico.</s>
"
SYN-026,"Pergunta clínica:
Which pending exam should the clinician review? Cite its source.

Informações atualizadas do paciente (base estruturada):
{
  ""patient_id"": ""SYN-026"",
  ""name_synthetic"": ""Synthetic 26"",
  ""age"": 56,
  ""sex"": ""M"",
  ""smoking_history"": ""unknown"",
  ""last_updated_at"": ""2026-09-01T00:00:00"",
  ""symptoms"": [],
  ""pending_exams"": [
    {
      ""exam_name"": ""chest_xray"",
      ""status"": ""pending"",
      ""requested_at"": ""2026-09-01""
    }
  ],
  ""latest_findings"": [],
  ""recent_notes"": [],
  ""pending_exams_reviewed"": [
    ""chest_xray""
  ],
  ""alerts"": [],
  ""recommended_actions"": []
}

Protocolos e referências recuperadas:
Nenhum protocolo relevante foi recuperado.

Responda obrigatoriamente neste formato, em texto simples:
Resumo:
Contexto do paciente:
Conduta sugerida:
Justificativa:
Fontes utilizadas:
Observação:

Regras:
- Não diga que há diagnóstico confirmado.
- Não prescreva diretamente.
- Cite as fontes utilizadas (registro do paciente e protocolos) de forma explícita.
- Cite IDs exatos entre colchetes, por exemplo [P001] ou [PROTO-EXAMS-001].
- Use apenas os fatos fornecidos. Se faltar informação, diga explicitamente.
- Ao responder sobre exames pendentes, inclua o exam_name exato.
- Não copie o JSON nem invente resultados, duração de sintomas ou confirmações.
- Seja objetivo.
- Não use markdown.
","Resumo: O exame chest_xray está pendente [SYN-026].
Contexto do paciente: Não há resultado desse exame no contexto fornecido.
Conduta sugerida: O clínico deve revisar o status do exame chest_xray.
Justificativa: O registro informa status pending [SYN-026].
Fontes utilizadas: [SYN-026].
Observação: Requer validação humana; não permite concluir diagnóstico.","<|system|>
Você é um assistente médico especialista responsável por apoiar decisões clínicas com clareza, rigor e alinhamento com protocolos hospitalares. Você NÃO confirma diagnósticos, NÃO prescreve diretamente e NÃO substitui avaliação médica. Todas as recomendações devem ser validadas por um clínico responsável.</s>
<|user|>
Pergunta clínica:
Which pending exam should the clinician review? Cite its source.

Informações atualizadas do paciente (base estruturada):
{
  ""patient_id"": ""SYN-026"",
  ""name_synthetic"": ""Synthetic 26"",
  ""age"": 56,
  ""sex"": ""M"",
  ""smoking_history"": ""unknown"",
  ""last_updated_at"": ""2026-09-01T00:00:00"",
  ""symptoms"": [],
  ""pending_exams"": [
    {
      ""exam_name"": ""chest_xray"",
      ""status"": ""pending"",
      ""requested_at"": ""2026-09-01""
    }
  ],
  ""latest_findings"": [],
  ""recent_notes"": [],
  ""pending_exams_reviewed"": [
    ""chest_xray""
  ],
  ""alerts"": [],
  ""recommended_actions"": []
}

Protocolos e referências recuperadas:
Nenhum protocolo relevante foi recuperado.

Responda obrigatoriamente neste formato, em texto simples:
Resumo:
Contexto do paciente:
Conduta sugerida:
Justificativa:
Fontes utilizadas:
Observação:

Regras:
- Não diga que há diagnóstico confirmado.
- Não prescreva diretamente.
- Cite as fontes utilizadas (registro do paciente e protocolos) de forma explícita.
- Cite IDs exatos entre colchetes, por exemplo [P001] ou [PROTO-EXAMS-001].
- Use apenas os fatos fornecidos. Se faltar informação, diga explicitamente.
- Ao responder sobre exames pendentes, inclua o exam_name exato.
- Não copie o JSON nem invente resultados, duração de sintomas ou confirmações.
- Seja objetivo.
- Não use markdown.
</s>
<|assistant|>
Resumo: O exame chest_xray está pendente [SYN-026].
Contexto do paciente: Não há resultado desse exame no contexto fornecido.
Conduta sugerida: O clínico deve revisar o status do exame chest_xray.
Justificativa: O registro informa status pending [SYN-026].
Fontes utilizadas: [SYN-026].
Observação: Requer validação humana; não permite concluir diagnóstico.</s>
"
SYN-027,"Pergunta clínica:
Qual exame está pendente? Indique a fonte.

Informações atualizadas do paciente (base estruturada):
{
  ""patient_id"": ""SYN-027"",
  ""name_synthetic"": ""Synthetic 27"",
  ""age"": 57,
  ""sex"": ""F"",
  ""smoking_history"": ""unknown"",
  ""last_updated_at"": ""2026-09-01T00:00:00"",
  ""symptoms"": [],
  ""pending_exams"": [
    {
      ""exam_name"": ""chest_ct"",
      ""status"": ""pending"",
      ""requested_at"": ""2026-09-01""
    }
  ],
  ""latest_findings"": [],
  ""recent_notes"": [],
  ""pending_exams_reviewed"": [
    ""chest_ct""
  ],
  ""alerts"": [],
  ""recommended_actions"": []
}

Protocolos e referências recuperadas:
Nenhum protocolo relevante foi recuperado.

Responda obrigatoriamente neste formato, em texto simples:
Resumo:
Contexto do paciente:
Conduta sugerida:
Justificativa:
Fontes utilizadas:
Observação:

Regras:
- Não diga que há diagnóstico confirmado.
- Não prescreva diretamente.
- Cite as fontes utilizadas (registro do paciente e protocolos) de forma explícita.
- Cite IDs exatos entre colchetes, por exemplo [P001] ou [PROTO-EXAMS-001].
- Use apenas os fatos fornecidos. Se faltar informação, diga explicitamente.
- Ao responder sobre exames pendentes, inclua o exam_name exato.
- Não copie o JSON nem invente resultados, duração de sintomas ou confirmações.
- Seja objetivo.
- Não use markdown.
","Resumo: O exame chest_ct está pendente [SYN-027].
Contexto do paciente: Não há resultado desse exame no contexto fornecido.
Conduta sugerida: O clínico deve revisar o status do exame chest_ct.
Justificativa: O registro informa status pending [SYN-027].
Fontes utilizadas: [SYN-027].
Observação: Requer validação humana; não permite concluir diagnóstico.","<|system|>
Você é um assistente médico especialista responsável por apoiar decisões clínicas com clareza, rigor e alinhamento com protocolos hospitalares. Você NÃO confirma diagnósticos, NÃO prescreve diretamente e NÃO substitui avaliação médica. Todas as recomendações devem ser validadas por um clínico responsável.</s>
<|user|>
Pergunta clínica:
Qual exame está pendente? Indique a fonte.

Informações atualizadas do paciente (base estruturada):
{
  ""patient_id"": ""SYN-027"",
  ""name_synthetic"": ""Synthetic 27"",
  ""age"": 57,
  ""sex"": ""F"",
  ""smoking_history"": ""unknown"",
  ""last_updated_at"": ""2026-09-01T00:00:00"",
  ""symptoms"": [],
  ""pending_exams"": [
    {
      ""exam_name"": ""chest_ct"",
      ""status"": ""pending"",
      ""requested_at"": ""2026-09-01""
    }
  ],
  ""latest_findings"": [],
  ""recent_notes"": [],
  ""pending_exams_reviewed"": [
    ""chest_ct""
  ],
  ""alerts"": [],
  ""recommended_actions"": []
}

Protocolos e referências recuperadas:
Nenhum protocolo relevante foi recuperado.

Responda obrigatoriamente neste formato, em texto simples:
Resumo:
Contexto do paciente:
Conduta sugerida:
Justificativa:
Fontes utilizadas:
Observação:

Regras:
- Não diga que há diagnóstico confirmado.
- Não prescreva diretamente.
- Cite as fontes utilizadas (registro do paciente e protocolos) de forma explícita.
- Cite IDs exatos entre colchetes, por exemplo [P001] ou [PROTO-EXAMS-001].
- Use apenas os fatos fornecidos. Se faltar informação, diga explicitamente.
- Ao responder sobre exames pendentes, inclua o exam_name exato.
- Não copie o JSON nem invente resultados, duração de sintomas ou confirmações.
- Seja objetivo.
- Não use markdown.
</s>
<|assistant|>
Resumo: O exame chest_ct está pendente [SYN-027].
Contexto do paciente: Não há resultado desse exame no contexto fornecido.
Conduta sugerida: O clínico deve revisar o status do exame chest_ct.
Justificativa: O registro informa status pending [SYN-027].
Fontes utilizadas: [SYN-027].
Observação: Requer validação humana; não permite concluir diagnóstico.</s>
"
SYN-027,"Pergunta clínica:
Which pending exam should the clinician review? Cite its source.

Informações atualizadas do paciente (base estruturada):
{
  ""patient_id"": ""SYN-027"",
  ""name_synthetic"": ""Synthetic 27"",
  ""age"": 57,
  ""sex"": ""F"",
  ""smoking_history"": ""unknown"",
  ""last_updated_at"": ""2026-09-01T00:00:00"",
  ""symptoms"": [],
  ""pending_exams"": [
    {
      ""exam_name"": ""chest_ct"",
      ""status"": ""pending"",
      ""requested_at"": ""2026-09-01""
    }
  ],
  ""latest_findings"": [],
  ""recent_notes"": [],
  ""pending_exams_reviewed"": [
    ""chest_ct""
  ],
  ""alerts"": [],
  ""recommended_actions"": []
}

Protocolos e referências recuperadas:
Nenhum protocolo relevante foi recuperado.

Responda obrigatoriamente neste formato, em texto simples:
Resumo:
Contexto do paciente:
Conduta sugerida:
Justificativa:
Fontes utilizadas:
Observação:

Regras:
- Não diga que há diagnóstico confirmado.
- Não prescreva diretamente.
- Cite as fontes utilizadas (registro do paciente e protocolos) de forma explícita.
- Cite IDs exatos entre colchetes, por exemplo [P001] ou [PROTO-EXAMS-001].
- Use apenas os fatos fornecidos. Se faltar informação, diga explicitamente.
- Ao responder sobre exames pendentes, inclua o exam_name exato.
- Não copie o JSON nem invente resultados, duração de sintomas ou confirmações.
- Seja objetivo.
- Não use markdown.
","Resumo: O exame chest_ct está pendente [SYN-027].
Contexto do paciente: Não há resultado desse exame no contexto fornecido.
Conduta sugerida: O clínico deve revisar o status do exame chest_ct.
Justificativa: O registro informa status pending [SYN-027].
Fontes utilizadas: [SYN-027].
Observação: Requer validação humana; não permite concluir diagnóstico.","<|system|>
Você é um assistente médico especialista responsável por apoiar decisões clínicas com clareza, rigor e alinhamento com protocolos hospitalares. Você NÃO confirma diagnósticos, NÃO prescreve diretamente e NÃO substitui avaliação médica. Todas as recomendações devem ser validadas por um clínico responsável.</s>
<|user|>
Pergunta clínica:
Which pending exam should the clinician review? Cite its source.

Informações atualizadas do paciente (base estruturada):
{
  ""patient_id"": ""SYN-027"",
  ""name_synthetic"": ""Synthetic 27"",
  ""age"": 57,
  ""sex"": ""F"",
  ""smoking_history"": ""unknown"",
  ""last_updated_at"": ""2026-09-01T00:00:00"",
  ""symptoms"": [],
  ""pending_exams"": [
    {
      ""exam_name"": ""chest_ct"",
      ""status"": ""pending"",
      ""requested_at"": ""2026-09-01""
    }
  ],
  ""latest_findings"": [],
  ""recent_notes"": [],
  ""pending_exams_reviewed"": [
    ""chest_ct""
  ],
  ""alerts"": [],
  ""recommended_actions"": []
}

Protocolos e referências recuperadas:
Nenhum protocolo relevante foi recuperado.

Responda obrigatoriamente neste formato, em texto simples:
Resumo:
Contexto do paciente:
Conduta sugerida:
Justificativa:
Fontes utilizadas:
Observação:

Regras:
- Não diga que há diagnóstico confirmado.
- Não prescreva diretamente.
- Cite as fontes utilizadas (registro do paciente e protocolos) de forma explícita.
- Cite IDs exatos entre colchetes, por exemplo [P001] ou [PROTO-EXAMS-001].
- Use apenas os fatos fornecidos. Se faltar informação, diga explicitamente.
- Ao responder sobre exames pendentes, inclua o exam_name exato.
- Não copie o JSON nem invente resultados, duração de sintomas ou confirmações.
- Seja objetivo.
- Não use markdown.
</s>
<|assistant|>
Resumo: O exame chest_ct está pendente [SYN-027].
Contexto do paciente: Não há resultado desse exame no contexto fornecido.
Conduta sugerida: O clínico deve revisar o status do exame chest_ct.
Justificativa: O registro informa status pending [SYN-027].
Fontes utilizadas: [SYN-027].
Observação: Requer validação humana; não permite concluir diagnóstico.</s>
"
SYN-028,"Pergunta clínica:
Qual exame está pendente? Indique a fonte.

Informações atualizadas do paciente (base estruturada):
{
  ""patient_id"": ""SYN-028"",
  ""name_synthetic"": ""Synthetic 28"",
  ""age"": 58,
  ""sex"": ""M"",
  ""smoking_history"": ""unknown"",
  ""last_updated_at"": ""2026-09-01T00:00:00"",
  ""symptoms"": [],
  ""pending_exams"": [
    {
      ""exam_name"": ""spirometry"",
      ""status"": ""pending"",
      ""requested_at"": ""2026-09-01""
    }
  ],
  ""latest_findings"": [],
  ""recent_notes"": [],
  ""pending_exams_reviewed"": [
    ""spirometry""
  ],
  ""alerts"": [],
  ""recommended_actions"": []
}

Protocolos e referências recuperadas:
Nenhum protocolo relevante foi recuperado.

Responda obrigatoriamente neste formato, em texto simples:
Resumo:
Contexto do paciente:
Conduta sugerida:
Justificativa:
Fontes utilizadas:
Observação:

Regras:
- Não diga que há diagnóstico confirmado.
- Não prescreva diretamente.
- Cite as fontes utilizadas (registro do paciente e protocolos) de forma explícita.
- Cite IDs exatos entre colchetes, por exemplo [P001] ou [PROTO-EXAMS-001].
- Use apenas os fatos fornecidos. Se faltar informação, diga explicitamente.
- Ao responder sobre exames pendentes, inclua o exam_name exato.
- Não copie o JSON nem invente resultados, duração de sintomas ou confirmações.
- Seja objetivo.
- Não use markdown.
","Resumo: O exame spirometry está pendente [SYN-028].
Contexto do paciente: Não há resultado desse exame no contexto fornecido.
Conduta sugerida: O clínico deve revisar o status do exame spirometry.
Justificativa: O registro informa status pending [SYN-028].
Fontes utilizadas: [SYN-028].
Observação: Requer validação humana; não permite concluir diagnóstico.","<|system|>
Você é um assistente médico especialista responsável por apoiar decisões clínicas com clareza, rigor e alinhamento com protocolos hospitalares. Você NÃO confirma diagnósticos, NÃO prescreve diretamente e NÃO substitui avaliação médica. Todas as recomendações devem ser validadas por um clínico responsável.</s>
<|user|>
Pergunta clínica:
Qual exame está pendente? Indique a fonte.

Informações atualizadas do paciente (base estruturada):
{
  ""patient_id"": ""SYN-028"",
  ""name_synthetic"": ""Synthetic 28"",
  ""age"": 58,
  ""sex"": ""M"",
  ""smoking_history"": ""unknown"",
  ""last_updated_at"": ""2026-09-01T00:00:00"",
  ""symptoms"": [],
  ""pending_exams"": [
    {
      ""exam_name"": ""spirometry"",
      ""status"": ""pending"",
      ""requested_at"": ""2026-09-01""
    }
  ],
  ""latest_findings"": [],
  ""recent_notes"": [],
  ""pending_exams_reviewed"": [
    ""spirometry""
  ],
  ""alerts"": [],
  ""recommended_actions"": []
}

Protocolos e referências recuperadas:
Nenhum protocolo relevante foi recuperado.

Responda obrigatoriamente neste formato, em texto simples:
Resumo:
Contexto do paciente:
Conduta sugerida:
Justificativa:
Fontes utilizadas:
Observação:

Regras:
- Não diga que há diagnóstico confirmado.
- Não prescreva diretamente.
- Cite as fontes utilizadas (registro do paciente e protocolos) de forma explícita.
- Cite IDs exatos entre colchetes, por exemplo [P001] ou [PROTO-EXAMS-001].
- Use apenas os fatos fornecidos. Se faltar informação, diga explicitamente.
- Ao responder sobre exames pendentes, inclua o exam_name exato.
- Não copie o JSON nem invente resultados, duração de sintomas ou confirmações.
- Seja objetivo.
- Não use markdown.
</s>
<|assistant|>
Resumo: O exame spirometry está pendente [SYN-028].
Contexto do paciente: Não há resultado desse exame no contexto fornecido.
Conduta sugerida: O clínico deve revisar o status do exame spirometry.
Justificativa: O registro informa status pending [SYN-028].
Fontes utilizadas: [SYN-028].
Observação: Requer validação humana; não permite concluir diagnóstico.</s>
"
SYN-028,"Pergunta clínica:
Which pending exam should the clinician review? Cite its source.

Informações atualizadas do paciente (base estruturada):
{
  ""patient_id"": ""SYN-028"",
  ""name_synthetic"": ""Synthetic 28"",
  ""age"": 58,
  ""sex"": ""M"",
  ""smoking_history"": ""unknown"",
  ""last_updated_at"": ""2026-09-01T00:00:00"",
  ""symptoms"": [],
  ""pending_exams"": [
    {
      ""exam_name"": ""spirometry"",
      ""status"": ""pending"",
      ""requested_at"": ""2026-09-01""
    }
  ],
  ""latest_findings"": [],
  ""recent_notes"": [],
  ""pending_exams_reviewed"": [
    ""spirometry""
  ],
  ""alerts"": [],
  ""recommended_actions"": []
}

Protocolos e referências recuperadas:
Nenhum protocolo relevante foi recuperado.

Responda obrigatoriamente neste formato, em texto simples:
Resumo:
Contexto do paciente:
Conduta sugerida:
Justificativa:
Fontes utilizadas:
Observação:

Regras:
- Não diga que há diagnóstico confirmado.
- Não prescreva diretamente.
- Cite as fontes utilizadas (registro do paciente e protocolos) de forma explícita.
- Cite IDs exatos entre colchetes, por exemplo [P001] ou [PROTO-EXAMS-001].
- Use apenas os fatos fornecidos. Se faltar informação, diga explicitamente.
- Ao responder sobre exames pendentes, inclua o exam_name exato.
- Não copie o JSON nem invente resultados, duração de sintomas ou confirmações.
- Seja objetivo.
- Não use markdown.
","Resumo: O exame spirometry está pendente [SYN-028].
Contexto do paciente: Não há resultado desse exame no contexto fornecido.
Conduta sugerida: O clínico deve revisar o status do exame spirometry.
Justificativa: O registro informa status pending [SYN-028].
Fontes utilizadas: [SYN-028].
Observação: Requer validação humana; não permite concluir diagnóstico.","<|system|>
Você é um assistente médico especialista responsável por apoiar decisões clínicas com clareza, rigor e alinhamento com protocolos hospitalares. Você NÃO confirma diagnósticos, NÃO prescreve diretamente e NÃO substitui avaliação médica. Todas as recomendações devem ser validadas por um clínico responsável.</s>
<|user|>
Pergunta clínica:
Which pending exam should the clinician review? Cite its source.

Informações atualizadas do paciente (base estruturada):
{
  ""patient_id"": ""SYN-028"",
  ""name_synthetic"": ""Synthetic 28"",
  ""age"": 58,
  ""sex"": ""M"",
  ""smoking_history"": ""unknown"",
  ""last_updated_at"": ""2026-09-01T00:00:00"",
  ""symptoms"": [],
  ""pending_exams"": [
    {
      ""exam_name"": ""spirometry"",
      ""status"": ""pending"",
      ""requested_at"": ""2026-09-01""
    }
  ],
  ""latest_findings"": [],
  ""recent_notes"": [],
  ""pending_exams_reviewed"": [
    ""spirometry""
  ],
  ""alerts"": [],
  ""recommended_actions"": []
}

Protocolos e referências recuperadas:
Nenhum protocolo relevante foi recuperado.

Responda obrigatoriamente neste formato, em texto simples:
Resumo:
Contexto do paciente:
Conduta sugerida:
Justificativa:
Fontes utilizadas:
Observação:

Regras:
- Não diga que há diagnóstico confirmado.
- Não prescreva diretamente.
- Cite as fontes utilizadas (registro do paciente e protocolos) de forma explícita.
- Cite IDs exatos entre colchetes, por exemplo [P001] ou [PROTO-EXAMS-001].
- Use apenas os fatos fornecidos. Se faltar informação, diga explicitamente.
- Ao responder sobre exames pendentes, inclua o exam_name exato.
- Não copie o JSON nem invente resultados, duração de sintomas ou confirmações.
- Seja objetivo.
- Não use markdown.
</s>
<|assistant|>
Resumo: O exame spirometry está pendente [SYN-028].
Contexto do paciente: Não há resultado desse exame no contexto fornecido.
Conduta sugerida: O clínico deve revisar o status do exame spirometry.
Justificativa: O registro informa status pending [SYN-028].
Fontes utilizadas: [SYN-028].
Observação: Requer validação humana; não permite concluir diagnóstico.</s>
"
SYN-029,"Pergunta clínica:
Qual exame está pendente? Indique a fonte.

Informações atualizadas do paciente (base estruturada):
{
  ""patient_id"": ""SYN-029"",
  ""name_synthetic"": ""Synthetic 29"",
  ""age"": 59,
  ""sex"": ""F"",
  ""smoking_history"": ""unknown"",
  ""last_updated_at"": ""2026-09-01T00:00:00"",
  ""symptoms"": [],
  ""pending_exams"": [
    {
      ""exam_name"": ""chest_xray"",
      ""status"": ""pending"",
      ""requested_at"": ""2026-09-01""
    }
  ],
  ""latest_findings"": [],
  ""recent_notes"": [],
  ""pending_exams_reviewed"": [
    ""chest_xray""
  ],
  ""alerts"": [],
  ""recommended_actions"": []
}

Protocolos e referências recuperadas:
Nenhum protocolo relevante foi recuperado.

Responda obrigatoriamente neste formato, em texto simples:
Resumo:
Contexto do paciente:
Conduta sugerida:
Justificativa:
Fontes utilizadas:
Observação:

Regras:
- Não diga que há diagnóstico confirmado.
- Não prescreva diretamente.
- Cite as fontes utilizadas (registro do paciente e protocolos) de forma explícita.
- Cite IDs exatos entre colchetes, por exemplo [P001] ou [PROTO-EXAMS-001].
- Use apenas os fatos fornecidos. Se faltar informação, diga explicitamente.
- Ao responder sobre exames pendentes, inclua o exam_name exato.
- Não copie o JSON nem invente resultados, duração de sintomas ou confirmações.
- Seja objetivo.
- Não use markdown.
","Resumo: O exame chest_xray está pendente [SYN-029].
Contexto do paciente: Não há resultado desse exame no contexto fornecido.
Conduta sugerida: O clínico deve revisar o status do exame chest_xray.
Justificativa: O registro informa status pending [SYN-029].
Fontes utilizadas: [SYN-029].
Observação: Requer validação humana; não permite concluir diagnóstico.","<|system|>
Você é um assistente médico especialista responsável por apoiar decisões clínicas com clareza, rigor e alinhamento com protocolos hospitalares. Você NÃO confirma diagnósticos, NÃO prescreve diretamente e NÃO substitui avaliação médica. Todas as recomendações devem ser validadas por um clínico responsável.</s>
<|user|>
Pergunta clínica:
Qual exame está pendente? Indique a fonte.

Informações atualizadas do paciente (base estruturada):
{
  ""patient_id"": ""SYN-029"",
  ""name_synthetic"": ""Synthetic 29"",
  ""age"": 59,
  ""sex"": ""F"",
  ""smoking_history"": ""unknown"",
  ""last_updated_at"": ""2026-09-01T00:00:00"",
  ""symptoms"": [],
  ""pending_exams"": [
    {
      ""exam_name"": ""chest_xray"",
      ""status"": ""pending"",
      ""requested_at"": ""2026-09-01""
    }
  ],
  ""latest_findings"": [],
  ""recent_notes"": [],
  ""pending_exams_reviewed"": [
    ""chest_xray""
  ],
  ""alerts"": [],
  ""recommended_actions"": []
}

Protocolos e referências recuperadas:
Nenhum protocolo relevante foi recuperado.

Responda obrigatoriamente neste formato, em texto simples:
Resumo:
Contexto do paciente:
Conduta sugerida:
Justificativa:
Fontes utilizadas:
Observação:

Regras:
- Não diga que há diagnóstico confirmado.
- Não prescreva diretamente.
- Cite as fontes utilizadas (registro do paciente e protocolos) de forma explícita.
- Cite IDs exatos entre colchetes, por exemplo [P001] ou [PROTO-EXAMS-001].
- Use apenas os fatos fornecidos. Se faltar informação, diga explicitamente.
- Ao responder sobre exames pendentes, inclua o exam_name exato.
- Não copie o JSON nem invente resultados, duração de sintomas ou confirmações.
- Seja objetivo.
- Não use markdown.
</s>
<|assistant|>
Resumo: O exame chest_xray está pendente [SYN-029].
Contexto do paciente: Não há resultado desse exame no contexto fornecido.
Conduta sugerida: O clínico deve revisar o status do exame chest_xray.
Justificativa: O registro informa status pending [SYN-029].
Fontes utilizadas: [SYN-029].
Observação: Requer validação humana; não permite concluir diagnóstico.</s>
"
SYN-029,"Pergunta clínica:
Which pending exam should the clinician review? Cite its source.

Informações atualizadas do paciente (base estruturada):
{
  ""patient_id"": ""SYN-029"",
  ""name_synthetic"": ""Synthetic 29"",
  ""age"": 59,
  ""sex"": ""F"",
  ""smoking_history"": ""unknown"",
  ""last_updated_at"": ""2026-09-01T00:00:00"",
  ""symptoms"": [],
  ""pending_exams"": [
    {
      ""exam_name"": ""chest_xray"",
      ""status"": ""pending"",
      ""requested_at"": ""2026-09-01""
    }
  ],
  ""latest_findings"": [],
  ""recent_notes"": [],
  ""pending_exams_reviewed"": [
    ""chest_xray""
  ],
  ""alerts"": [],
  ""recommended_actions"": []
}

Protocolos e referências recuperadas:
Nenhum protocolo relevante foi recuperado.

Responda obrigatoriamente neste formato, em texto simples:
Resumo:
Contexto do paciente:
Conduta sugerida:
Justificativa:
Fontes utilizadas:
Observação:

Regras:
- Não diga que há diagnóstico confirmado.
- Não prescreva diretamente.
- Cite as fontes utilizadas (registro do paciente e protocolos) de forma explícita.
- Cite IDs exatos entre colchetes, por exemplo [P001] ou [PROTO-EXAMS-001].
- Use apenas os fatos fornecidos. Se faltar informação, diga explicitamente.
- Ao responder sobre exames pendentes, inclua o exam_name exato.
- Não copie o JSON nem invente resultados, duração de sintomas ou confirmações.
- Seja objetivo.
- Não use markdown.
","Resumo: O exame chest_xray está pendente [SYN-029].
Contexto do paciente: Não há resultado desse exame no contexto fornecido.
Conduta sugerida: O clínico deve revisar o status do exame chest_xray.
Justificativa: O registro informa status pending [SYN-029].
Fontes utilizadas: [SYN-029].
Observação: Requer validação humana; não permite concluir diagnóstico.","<|system|>
Você é um assistente médico especialista responsável por apoiar decisões clínicas com clareza, rigor e alinhamento com protocolos hospitalares. Você NÃO confirma diagnósticos, NÃO prescreve diretamente e NÃO substitui avaliação médica. Todas as recomendações devem ser validadas por um clínico responsável.</s>
<|user|>
Pergunta clínica:
Which pending exam should the clinician review? Cite its source.

Informações atualizadas do paciente (base estruturada):
{
  ""patient_id"": ""SYN-029"",
  ""name_synthetic"": ""Synthetic 29"",
  ""age"": 59,
  ""sex"": ""F"",
  ""smoking_history"": ""unknown"",
  ""last_updated_at"": ""2026-09-01T00:00:00"",
  ""symptoms"": [],
  ""pending_exams"": [
    {
      ""exam_name"": ""chest_xray"",
      ""status"": ""pending"",
      ""requested_at"": ""2026-09-01""
    }
  ],
  ""latest_findings"": [],
  ""recent_notes"": [],
  ""pending_exams_reviewed"": [
    ""chest_xray""
  ],
  ""alerts"": [],
  ""recommended_actions"": []
}

Protocolos e referências recuperadas:
Nenhum protocolo relevante foi recuperado.

Responda obrigatoriamente neste formato, em texto simples:
Resumo:
Contexto do paciente:
Conduta sugerida:
Justificativa:
Fontes utilizadas:
Observação:

Regras:
- Não diga que há diagnóstico confirmado.
- Não prescreva diretamente.
- Cite as fontes utilizadas (registro do paciente e protocolos) de forma explícita.
- Cite IDs exatos entre colchetes, por exemplo [P001] ou [PROTO-EXAMS-001].
- Use apenas os fatos fornecidos. Se faltar informação, diga explicitamente.
- Ao responder sobre exames pendentes, inclua o exam_name exato.
- Não copie o JSON nem invente resultados, duração de sintomas ou confirmações.
- Seja objetivo.
- Não use markdown.
</s>
<|assistant|>
Resumo: O exame chest_xray está pendente [SYN-029].
Contexto do paciente: Não há resultado desse exame no contexto fornecido.
Conduta sugerida: O clínico deve revisar o status do exame chest_xray.
Justificativa: O registro informa status pending [SYN-029].
Fontes utilizadas: [SYN-029].
Observação: Requer validação humana; não permite concluir diagnóstico.</s>
"
